Pk,Tm,Player,College,Yrs,G,TOTMP,TOTPTS,TOTTRB,TOTAST,FG%,3P%,FT%,WS,WS/48,BPM,VORP,DraftYr,MPG,PPG,RPG,APG,playerurl,DraftYear
1,BRK,Derrick Coleman,Syracuse,15.0,781.0,25903.0,12884.0,7232.0,1985.0,0.447,0.295,0.769,64.3,0.119,1.4,22.3,1990,33.2,16.5,9.3,2.5,https://www.sports-reference.com/cbb/players/derrick-coleman-1.html,1990
2,OKC,Gary Payton,Oregon State,17.0,1335.0,47117.0,21813.0,5269.0,8966.0,0.466,0.317,0.729,145.5,0.148,3.3,62.5,1990,35.3,16.3,3.9,6.7,https://www.sports-reference.com/cbb/players/gary-payton-1.html,1990
3,DEN,Mahmoud Abdul-Rauf,LSU,9.0,586.0,15628.0,8553.0,1087.0,2079.0,0.442,0.354,0.905,25.2,0.077,-0.8,4.5,1990,26.7,14.6,1.9,3.5,https://www.sports-reference.com/cbb/players/mahmoud-abdul-rauf-1.html,1990
4,ORL,Dennis Scott,Georgia Tech,10.0,629.0,17983.0,8094.0,1774.0,1296.0,0.417,0.397,0.793,33.4,0.089,0.2,9.9,1990,28.6,12.9,2.8,2.1,https://www.sports-reference.com/cbb/players/dennis-scott-1.html,1990
5,CHA,Kendall Gill,Illinois,15.0,966.0,29481.0,12914.0,4002.0,2945.0,0.434,0.3,0.754,47.8,0.078,0.1,15.8,1990,30.5,13.4,4.1,3.0,https://www.sports-reference.com/cbb/players/kendall-gill-1.html,1990
6,MIN,Felton Spencer,Louisville,12.0,640.0,12298.0,3354.0,3436.0,213.0,0.484,0.0,0.658,20.9,0.081,-4.3,-7.0,1990,19.2,5.2,5.4,0.3,https://www.sports-reference.com/cbb/players/felton-spencer-1.html,1990
7,SAC,Lionel Simmons,La Salle,7.0,454.0,13472.0,5833.0,2833.0,1498.0,0.433,0.305,0.771,16.9,0.06,0.0,6.7,1990,29.7,12.8,6.2,3.3,https://www.sports-reference.com/cbb/players/lionel-simmons-1.html,1990
8,LAC,Bo Kimble,Loyola Marymount,3.0,105.0,1336.0,574.0,162.0,98.0,0.386,0.291,0.728,0.1,0.004,-5.7,-1.2,1990,12.7,5.5,1.5,0.9,https://www.sports-reference.com/cbb/players/bo-kimble-1.html,1990
9,MIA,Willie Burton,Minnesota,8.0,316.0,6666.0,3243.0,932.0,393.0,0.424,0.345,0.786,9.1,0.065,-2.5,-0.9,1990,21.1,10.3,2.9,1.2,https://www.sports-reference.com/cbb/players/willie-burton-1.html,1990
10,ATL,Rumeal Robinson,Michigan,6.0,336.0,6098.0,2546.0,606.0,1179.0,0.432,0.344,0.611,5.2,0.041,-1.5,0.8,1990,18.1,7.6,1.8,3.5,https://www.sports-reference.com/cbb/players/rumeal-robinson-1.html,1990
11,GSW,Tyrone Hill,Xavier,14.0,801.0,22388.0,7532.0,6854.0,647.0,0.502,0.0,0.643,56.2,0.12,-1.9,0.8,1990,28.0,9.4,8.6,0.8,https://www.sports-reference.com/cbb/players/tyrone-hill-1.html,1990
12,HOU,Alec Kessler,Georgia,4.0,210.0,2937.0,1084.0,751.0,81.0,0.426,0.417,0.744,2.0,0.033,-5.9,-2.8,1990,14.0,5.2,3.6,0.4,https://www.sports-reference.com/cbb/players/alec-kessler-1.html,1990
13,LAC,Loy Vaught,Michigan,11.0,689.0,16993.0,6984.0,4881.0,652.0,0.504,0.244,0.718,35.8,0.101,-1.5,2.2,1990,24.7,10.1,7.1,0.9,https://www.sports-reference.com/cbb/players/loy-vaught-1.html,1990
14,SAC,Travis Mays,Texas,3.0,115.0,2964.0,1273.0,233.0,326.0,0.41,0.362,0.749,2.4,0.039,-2.6,-0.5,1990,25.8,11.1,2.0,2.8,https://www.sports-reference.com/cbb/players/travis-mays-1.html,1990
15,MIA,Dave Jamerson,Ohio University,3.0,90.0,594.0,306.0,77.0,61.0,0.392,0.277,0.86,0.2,0.018,-3.9,-0.3,1990,6.6,3.4,0.9,0.7,https://www.sports-reference.com/cbb/players/dave-jamerson-1.html,1990
16,MIL,Terry Mills,Michigan,11.0,678.0,16422.0,7175.0,3680.0,891.0,0.457,0.384,0.781,33.3,0.097,-0.6,5.9,1990,24.2,10.6,5.4,1.3,https://www.sports-reference.com/cbb/players/terry-mills-1.html,1990
17,NYK,Jerrod Mustaf,Maryland,4.0,179.0,1902.0,721.0,452.0,99.0,0.449,0.0,0.648,1.7,0.043,-4.1,-1.0,1990,10.6,4.0,2.5,0.6,https://www.sports-reference.com/cbb/players/jerrod-mustaf-1.html,1990
18,SAC,Duane Causwell,Temple,11.0,541.0,9409.0,2648.0,2273.0,243.0,0.507,0.286,0.618,15.8,0.081,-2.3,-0.7,1990,17.4,4.9,4.2,0.4,https://www.sports-reference.com/cbb/players/duane-causwell-1.html,1990
19,BOS,Dee Brown,Jacksonville University,12.0,608.0,16843.0,6758.0,1569.0,2227.0,0.436,0.357,0.825,33.4,0.095,0.8,11.6,1990,27.7,11.1,2.6,3.7,https://www.sports-reference.com/cbb/players/dee-brown-1.html,1990
20,MIN,Gerald Glass,Ole Miss,4.0,201.0,3347.0,1553.0,512.0,298.0,0.433,0.236,0.643,1.8,0.025,-1.9,0.1,1990,16.7,7.7,2.5,1.5,https://www.sports-reference.com/cbb/players/gerald-glass-1.html,1990
21,PHO,Jayson Williams,St. John's,9.0,475.0,9805.0,3472.0,3584.0,287.0,0.44,0.125,0.606,20.0,0.098,-2.8,-2.1,1990,20.6,7.3,7.5,0.6,https://www.sports-reference.com/cbb/players/jayson-williams-1.html,1990
22,BRK,Tate George,UConn,4.0,177.0,2019.0,736.0,180.0,325.0,0.414,0.071,0.82,1.3,0.032,-3.5,-0.8,1990,11.4,4.2,1.0,1.8,https://www.sports-reference.com/cbb/players/tate-george-1.html,1990
23,SAC,Anthony Bonner,Saint Louis,6.0,318.0,7372.0,2199.0,1726.0,442.0,0.468,0.125,0.59,10.8,0.07,-2.0,0.1,1990,23.2,6.9,5.4,1.4,https://www.sports-reference.com/cbb/players/anthony-bonner-1.html,1990
24,SAS,Dwayne Schintzius,Florida,8.0,217.0,1950.0,587.0,536.0,93.0,0.404,0.125,0.638,1.0,0.024,-5.0,-1.5,1990,9.0,2.7,2.5,0.4,https://www.sports-reference.com/cbb/players/dwayne-schintzius-1.html,1990
25,POR,Alaa Abdelnaby,Duke,5.0,256.0,3200.0,1465.0,846.0,85.0,0.502,0.0,0.701,4.8,0.072,-3.8,-1.5,1990,12.5,5.7,3.3,0.3,https://www.sports-reference.com/cbb/players/alaa-abdelnaby-1.html,1990
26,DET,Lance Blanks,Texas,3.0,142.0,1045.0,289.0,110.0,117.0,0.436,0.253,0.667,0.7,0.031,-3.2,-0.3,1990,7.4,2.0,0.8,0.8,https://www.sports-reference.com/cbb/players/lance-blanks-1.html,1990
27,LAL,Elden Campbell,Clemson,15.0,1044.0,25776.0,10805.0,6116.0,1199.0,0.46,0.054,0.699,62.8,0.117,-0.5,9.5,1990,24.7,10.3,5.9,1.1,https://www.sports-reference.com/cbb/players/elden-campbell-1.html,1990
28,GSW,Les Jepsen,Iowa,2.0,52.0,192.0,53.0,67.0,2.0,0.333,0.0,0.65,0.1,0.031,-8.0,-0.3,1990,3.7,1.0,1.3,0.0,https://www.sports-reference.com/cbb/players/les-jepsen-1.html,1990
29,CHI,Toni Kukoč,,13.0,846.0,22212.0,9810.0,3555.0,3119.0,0.447,0.335,0.729,59.6,0.129,2.8,27.2,1990,26.3,11.6,4.2,3.7,,1990
30,MIA,Carl Herrera,Houston,8.0,465.0,8042.0,2481.0,1690.0,261.0,0.476,0.143,0.643,9.0,0.054,-3.7,-3.4,1990,17.3,5.3,3.6,0.6,https://www.sports-reference.com/cbb/players/carl-herrera-1.html,1990
31,PHO,Negele Knight,Dayton,6.0,276.0,4513.0,1699.0,351.0,780.0,0.436,0.263,0.73,4.2,0.044,-3.0,-1.1,1990,16.4,6.2,1.3,2.8,https://www.sports-reference.com/cbb/players/negele-knight-1.html,1990
32,PHI,Brian Oliver,Georgia Tech,4.0,118.0,1182.0,389.0,123.0,114.0,0.388,0.227,0.705,-0.5,-0.02,-5.9,-1.2,1990,10.0,3.3,1.0,1.0,https://www.sports-reference.com/cbb/players/brian-oliver-1.html,1990
33,UTA,Walter Palmer,Dartmouth College,2.0,48.0,209.0,100.0,65.0,11.0,0.412,0.0,0.667,-0.1,-0.013,-6.7,-0.2,1990,4.4,2.1,1.4,0.2,https://www.sports-reference.com/cbb/players/walter-palmer-1.html,1990
34,GSW,Kevin Pritchard,Kansas,4.0,94.0,1125.0,340.0,90.0,152.0,0.399,0.186,0.79,0.4,0.017,-4.0,-0.6,1990,12.0,3.6,1.0,1.6,https://www.sports-reference.com/cbb/players/kevin-pritchard-1.html,1990
35,WAS,Greg Foster,Texas-El Paso,13.0,656.0,7974.0,2538.0,1691.0,351.0,0.44,0.225,0.748,5.6,0.033,-5.5,-7.0,1990,12.2,3.9,2.6,0.5,https://www.sports-reference.com/cbb/players/greg-foster-1.html,1990
36,ATL,Trevor Wilson,UCLA,4.0,103.0,1609.0,591.0,353.0,99.0,0.456,0.0,0.567,0.8,0.023,-3.4,-0.6,1990,15.6,5.7,3.4,1.0,https://www.sports-reference.com/cbb/players/trevor-wilson-1.html,1990
37,WAS,A.J. English,Virginia Union University,2.0,151.0,3108.0,1502.0,315.0,320.0,0.435,0.138,0.778,1.1,0.017,-3.9,-1.5,1990,20.6,9.9,2.1,2.1,https://www.sports-reference.com/cbb/players/a.j.-english-1.html,1990
38,OKC,Jud Buechler,Arizona,12.0,720.0,8444.0,2385.0,1266.0,560.0,0.433,0.366,0.633,16.5,0.094,-0.1,4.0,1990,11.7,3.3,1.8,0.8,https://www.sports-reference.com/cbb/players/jud-buechler-1.html,1990
39,CHA,Steve Scheffler,Purdue,7.0,174.0,918.0,331.0,180.0,26.0,0.558,0.2,0.759,2.9,0.153,-1.9,0.0,1990,5.3,1.9,1.0,0.1,https://www.sports-reference.com/cbb/players/steve-scheffler-1.html,1990
40,SAC,Bimbo Coles,Virginia Tech,14.0,852.0,20319.0,6628.0,1820.0,3313.0,0.425,0.267,0.811,27.4,0.065,-1.6,1.9,1990,23.8,7.8,2.1,3.9,https://www.sports-reference.com/cbb/players/bimbo-coles-1.html,1990
41,ATL,Steve Bardo,Illinois,3.0,33.0,299.0,73.0,60.0,44.0,0.329,0.1,0.696,-0.1,-0.02,-4.0,-0.2,1990,9.1,2.2,1.8,1.3,https://www.sports-reference.com/cbb/players/steve-bardo-1.html,1990
42,DEN,Marcus Liberty,Illinois,4.0,267.0,4568.0,1942.0,925.0,244.0,0.417,0.34,0.664,4.0,0.042,-2.6,-0.7,1990,17.1,7.3,3.5,0.9,https://www.sports-reference.com/cbb/players/marcus-liberty-1.html,1990
43,SAS,Tony Massenburg,Maryland,13.0,683.0,12291.0,4238.0,2964.0,266.0,0.47,0.091,0.705,15.6,0.061,-4.5,-7.8,1990,18.0,6.2,4.3,0.4,https://www.sports-reference.com/cbb/players/tony-massenburg-1.html,1990
44,MIL,Steve Henson,Kansas State,7.0,238.0,2282.0,739.0,176.0,465.0,0.403,0.432,0.869,3.8,0.079,-1.8,0.1,1990,9.6,3.1,0.7,2.0,https://www.sports-reference.com/cbb/players/steve-henson-1.html,1990
45,IND,Antonio Davis,Texas-El Paso,13.0,903.0,26084.0,9041.0,6755.0,1017.0,0.448,0.087,0.727,59.6,0.11,-1.3,4.4,1990,28.9,10.0,7.5,1.1,https://www.sports-reference.com/cbb/players/antonio-davis-1.html,1990
46,IND,Kenny Williams,Elizabeth City State University,4.0,260.0,2918.0,1247.0,693.0,161.0,0.511,0.0,0.68,7.4,0.122,0.1,1.5,1990,11.2,4.8,2.7,0.6,https://www.sports-reference.com/cbb/players/kenny-williams-1.html,1990
47,PHI,Derek Strong,Xavier,10.0,456.0,8548.0,3088.0,2213.0,291.0,0.43,0.18,0.786,18.5,0.104,-2.1,-0.3,1990,18.7,6.8,4.9,0.6,https://www.sports-reference.com/cbb/players/derek-strong-1.html,1990
48,PHO,Cedric Ceballos,Cal State Fullerton,11.0,609.0,14712.0,8693.0,3258.0,723.0,0.5,0.309,0.753,40.4,0.132,0.7,10.1,1990,24.2,14.3,5.3,1.2,https://www.sports-reference.com/cbb/players/cedric-ceballos-1.html,1990
49,DAL,Phil Henderson,Duke,,,,,,,,,,,,,,1990,,,,,https://www.sports-reference.com/cbb/players/phil-henderson-1.html,1990
50,PHO,Miloš Babić,Tennessee Technological University,2.0,21.0,87.0,37.0,20.0,10.0,0.375,,0.65,-0.1,-0.028,-5.9,-0.1,1990,4.1,1.8,1.0,0.5,https://www.sports-reference.com/cbb/players/miloš-babić-1.html,1990
51,LAL,Tony Smith,Marquette,9.0,457.0,7295.0,2504.0,735.0,881.0,0.431,0.307,0.69,6.7,0.044,-2.0,0.0,1990,16.0,5.5,1.6,1.9,https://www.sports-reference.com/cbb/players/tony-smith-1.html,1990
52,CLE,Stefano Rusconi,,1.0,7.0,30.0,8.0,6.0,3.0,0.333,,0.4,-0.1,-0.104,-11.4,-0.1,1990,4.3,1.1,0.9,0.4,,1990
53,OKC,Abdul Shamsid-Deen,Providence,,,,,,,,,,,,,,1990,,,,,https://www.sports-reference.com/cbb/players/abdul-shamsid-deen-1.html,1990
54,SAS,Sean Higgins,Michigan,6.0,220.0,3334.0,1375.0,402.0,226.0,0.428,0.321,0.85,0.4,0.006,-4.7,-2.3,1990,15.2,6.3,1.8,1.0,https://www.sports-reference.com/cbb/players/sean-higgins-1.html,1990
1,CHA,Larry Johnson,UNLV,10.0,707.0,25685.0,11450.0,5300.0,2298.0,0.484,0.332,0.766,69.7,0.13,1.4,22.0,1991,36.3,16.2,7.5,3.3,https://www.sports-reference.com/cbb/players/larry-johnson-1.html,1991
2,BRK,Kenny Anderson,Georgia Tech,14.0,858.0,25868.0,10789.0,2641.0,5196.0,0.421,0.346,0.79,62.5,0.116,1.4,21.9,1991,30.1,12.6,3.1,6.1,https://www.sports-reference.com/cbb/players/kenny-anderson-1.html,1991
3,SAC,Billy Owens,Syracuse,10.0,600.0,17619.0,7026.0,4016.0,1704.0,0.481,0.291,0.629,28.6,0.078,-0.2,7.8,1991,29.4,11.7,6.7,2.8,https://www.sports-reference.com/cbb/players/billy-owens-1.html,1991
4,DEN,Dikembe Mutombo,Georgetown,18.0,1196.0,36791.0,11729.0,12359.0,1240.0,0.518,0.0,0.684,117.0,0.153,1.7,33.9,1991,30.8,9.8,10.3,1.0,https://www.sports-reference.com/cbb/players/dikembe-mutombo-1.html,1991
5,MIA,Steve Smith,Michigan State,14.0,942.0,28855.0,13430.0,3060.0,2922.0,0.44,0.358,0.845,83.7,0.139,1.4,24.6,1991,30.6,14.3,3.2,3.1,https://www.sports-reference.com/cbb/players/steve-smith-1.html,1991
6,DAL,Doug Smith,Missouri,5.0,296.0,5833.0,2356.0,1234.0,400.0,0.425,0.083,0.773,3.0,0.024,-3.6,-2.4,1991,19.7,8.0,4.2,1.4,https://www.sports-reference.com/cbb/players/doug-smith-1.html,1991
7,MIN,Luc Longley,New Mexico,10.0,567.0,12006.0,4090.0,2794.0,836.0,0.462,0.0,0.76,17.5,0.07,-2.6,-1.9,1991,21.2,7.2,4.9,1.5,https://www.sports-reference.com/cbb/players/luc-longley-1.html,1991
8,DEN,Mark Macon,Temple,6.0,251.0,5018.0,1685.0,467.0,428.0,0.384,0.27,0.735,0.1,0.001,-3.7,-2.2,1991,20.0,6.7,1.9,1.7,https://www.sports-reference.com/cbb/players/mark-macon-1.html,1991
9,ATL,Stacey Augmon,UNLV,15.0,1001.0,21658.0,7990.0,3216.0,1561.0,0.469,0.152,0.728,43.8,0.097,-0.2,9.8,1991,21.6,8.0,3.2,1.6,https://www.sports-reference.com/cbb/players/stacey-augmon-1.html,1991
10,ORL,Bison Dele,Arizona,8.0,413.0,10004.0,4536.0,2564.0,440.0,0.528,0.143,0.691,22.8,0.109,-0.6,3.4,1991,24.2,11.0,6.2,1.1,https://www.sports-reference.com/cbb/players/bison-dele-1.html,1991
11,CLE,Terrell Brandon,Oregon,11.0,724.0,21545.0,9994.0,2174.0,4407.0,0.448,0.355,0.873,65.9,0.147,3.6,30.3,1991,29.8,13.8,3.0,6.1,https://www.sports-reference.com/cbb/players/terrell-brandon-1.html,1991
12,NYK,Greg Anthony,UNLV,11.0,757.0,15850.0,5497.0,1417.0,2997.0,0.403,0.349,0.733,35.9,0.109,1.3,13.3,1991,20.9,7.3,1.9,4.0,https://www.sports-reference.com/cbb/players/greg-anthony-1.html,1991
13,IND,Dale Davis,Clemson,16.0,1094.0,29606.0,8706.0,8605.0,978.0,0.53,0.0,0.562,86.9,0.141,0.5,18.4,1991,27.1,8.0,7.9,0.9,https://www.sports-reference.com/cbb/players/dale-davis-1.html,1991
14,OKC,Rich King,Nebraska,4.0,72.0,309.0,135.0,74.0,21.0,0.393,0.0,0.662,0.2,0.036,-6.9,-0.4,1991,4.3,1.9,1.0,0.3,https://www.sports-reference.com/cbb/players/rich-king-1.html,1991
15,ATL,Anthony Avent,Seton Hall,6.0,352.0,6729.0,1958.0,1584.0,278.0,0.403,0.0,0.686,0.3,0.002,-5.7,-6.4,1991,19.1,5.6,4.5,0.8,https://www.sports-reference.com/cbb/players/anthony-avent-1.html,1991
16,GSW,Chris Gatling,Old Dominion,11.0,700.0,13760.0,7232.0,3741.0,461.0,0.513,0.249,0.66,32.1,0.112,-1.1,3.2,1991,19.7,10.3,5.3,0.7,https://www.sports-reference.com/cbb/players/chris-gatling-1.html,1991
17,GSW,Victor Alexander,Iowa State,5.0,286.0,5755.0,2542.0,1384.0,257.0,0.518,0.286,0.634,8.8,0.073,-2.2,-0.3,1991,20.1,8.9,4.8,0.9,https://www.sports-reference.com/cbb/players/victor-alexander-1.html,1991
18,MIL,Kevin Brooks,Louisiana,3.0,126.0,1031.0,417.0,141.0,48.0,0.401,0.2,0.859,-0.1,-0.004,-5.9,-1.0,1991,8.2,3.3,1.1,0.4,https://www.sports-reference.com/cbb/players/kevin-brooks-1.html,1991
19,WAS,LaBradford Smith,Louisville,3.0,183.0,3131.0,1218.0,271.0,394.0,0.432,0.298,0.813,1.5,0.024,-3.6,-1.2,1991,17.1,6.7,1.5,2.2,https://www.sports-reference.com/cbb/players/labradford-smith-1.html,1991
20,HOU,John Turner,Phillips University,1.0,42.0,345.0,117.0,78.0,12.0,0.439,,0.525,-0.1,-0.021,-7.9,-0.5,1991,8.2,2.8,1.9,0.3,https://www.sports-reference.com/cbb/players/john-turner-1.html,1991
21,UTA,Eric Murdock,Providence,9.0,508.0,11882.0,5118.0,1261.0,2467.0,0.438,0.343,0.786,25.6,0.103,2.0,12.1,1991,23.4,10.1,2.5,4.9,https://www.sports-reference.com/cbb/players/eric-murdock-1.html,1991
22,LAC,LeRon Ellis,Syracuse,3.0,91.0,857.0,277.0,220.0,29.0,0.433,,0.613,1.2,0.069,-3.5,-0.3,1991,9.4,3.0,2.4,0.3,https://www.sports-reference.com/cbb/players/leron-ellis-1.html,1991
23,ORL,Stanley Roberts,LSU,8.0,300.0,5869.0,2555.0,1549.0,189.0,0.499,0.0,0.514,8.1,0.066,-3.4,-2.0,1991,19.6,8.5,5.2,0.6,https://www.sports-reference.com/cbb/players/stanley-roberts-1.html,1991
24,BOS,Rick Fox,UNC,13.0,930.0,23723.0,8966.0,3517.0,2649.0,0.45,0.349,0.77,44.7,0.09,0.0,11.7,1991,25.5,9.6,3.8,2.8,https://www.sports-reference.com/cbb/players/rick-fox-1.html,1991
25,GSW,Shaun Vandiver,Colorado,,,,,,,,,,,,,,1991,,,,,https://www.sports-reference.com/cbb/players/shaun-vandiver-1.html,1991
26,CHI,Mark Randall,Kansas,4.0,127.0,883.0,332.0,160.0,56.0,0.443,0.154,0.722,1.0,0.054,-3.3,-0.3,1991,7.0,2.6,1.3,0.4,https://www.sports-reference.com/cbb/players/mark-randall-1.html,1991
27,SAC,Pete Chilcutt,UNC,9.0,584.0,8394.0,2494.0,1935.0,488.0,0.441,0.381,0.696,10.6,0.06,-1.8,0.3,1991,14.4,4.3,3.3,0.8,https://www.sports-reference.com/cbb/players/pete-chilcutt-1.html,1991
28,CHA,Kevin Lynch,Minnesota,2.0,95.0,1143.0,310.0,120.0,108.0,0.436,0.333,0.726,0.4,0.016,-4.4,-0.7,1991,12.0,3.3,1.3,1.1,https://www.sports-reference.com/cbb/players/kevin-lynch-1.html,1991
29,MIA,George Ackles,UNLV,,,,,,,,,,,,,,1991,,,,,https://www.sports-reference.com/cbb/players/george-ackles-1.html,1991
30,ATL,Rodney Monroe,NC State,1.0,38.0,313.0,131.0,33.0,27.0,0.368,0.222,0.826,-0.2,-0.035,-5.3,-0.3,1991,8.2,3.4,0.9,0.7,https://www.sports-reference.com/cbb/players/rodney-monroe-1.html,1991
31,SAC,Randy Brown,New Mexico State,12.0,655.0,11533.0,3148.0,1173.0,1420.0,0.417,0.2,0.691,11.0,0.046,-1.9,0.2,1991,17.6,4.8,1.8,2.2,https://www.sports-reference.com/cbb/players/randy-brown-1.html,1991
32,PHO,Chad Gallagher,Creighton,1.0,2.0,3.0,6.0,0.0,0.0,1.0,,,0.1,1.442,30.1,0.0,1991,1.5,3.0,0.0,0.0,https://www.sports-reference.com/cbb/players/chad-gallagher-1.html,1991
33,DAL,Donald Hodge,Temple,5.0,249.0,3501.0,1182.0,809.0,191.0,0.437,0.286,0.711,1.8,0.025,-4.2,-1.9,1991,14.1,4.7,3.2,0.8,https://www.sports-reference.com/cbb/players/donald-hodge-1.html,1991
34,MIN,Myron Brown,Slippery Rock University of Pennsylvania,1.0,4.0,23.0,9.0,3.0,6.0,0.667,0.333,,0.0,0.032,-1.8,0.0,1991,5.8,2.3,0.8,1.5,https://www.sports-reference.com/cbb/players/myron-brown-1.html,1991
35,DAL,Mike Iuzzolino,Saint Francis University,2.0,122.0,3049.0,1096.0,238.0,522.0,0.457,0.404,0.798,3.7,0.058,-1.9,0.1,1991,25.0,9.0,2.0,4.3,https://www.sports-reference.com/cbb/players/mike-iuzzolino-1.html,1991
36,ORL,Chris Corchiani,NC State,3.0,112.0,1313.0,416.0,129.0,243.0,0.421,0.269,0.816,1.6,0.058,-1.8,0.1,1991,11.7,3.7,1.2,2.2,https://www.sports-reference.com/cbb/players/chris-corchiani-1.html,1991
37,LAC,Elliot Perry,Memphis,10.0,549.0,9501.0,3449.0,742.0,1699.0,0.459,0.359,0.783,14.0,0.071,-0.5,3.6,1991,17.3,6.3,1.4,3.1,https://www.sports-reference.com/cbb/players/elliot-perry-1.html,1991
38,LAC,Joe Wylie,Miami (FL),,,,,,,,,,,,,,1991,,,,,https://www.sports-reference.com/cbb/players/joe-wylie-1.html,1991
39,CLE,Jimmy Oliver,Purdue,5.0,78.0,856.0,331.0,80.0,55.0,0.407,0.34,0.772,0.3,0.018,-4.7,-0.6,1991,11.0,4.2,1.0,0.7,https://www.sports-reference.com/cbb/players/jimmy-oliver-1.html,1991
40,DET,Doug Overton,La Salle,11.0,499.0,7275.0,2253.0,654.0,1038.0,0.412,0.319,0.816,2.5,0.016,-3.9,-3.5,1991,14.6,4.5,1.3,2.1,https://www.sports-reference.com/cbb/players/doug-overton-1.html,1991
41,IND,Sean Green,Iona College,3.0,84.0,671.0,352.0,85.0,45.0,0.386,0.246,0.62,-1.3,-0.095,-7.0,-0.8,1991,8.0,4.2,1.0,0.5,https://www.sports-reference.com/cbb/players/sean-green-1.html,1991
42,SAC,Steve Hood,James Madison University,,,,,,,,,,,,,,1991,,,,,https://www.sports-reference.com/cbb/players/steve-hood-1.html,1991
43,GSW,Lamont Strothers,Christopher Newport University,2.0,13.0,155.0,60.0,15.0,14.0,0.329,0.133,0.714,-0.5,-0.142,-7.7,-0.2,1991,11.9,4.6,1.2,1.1,https://www.sports-reference.com/cbb/players/lamont-strothers-1.html,1991
44,PHI,Alvaro Teheran,Houston,,,,,,,,,,,,,,1991,,,,,https://www.sports-reference.com/cbb/players/alvaro-teheran-1.html,1991
45,MIL,Bobby Phills,Southern University and A&M College,9.0,467.0,13426.0,5153.0,1469.0,1246.0,0.443,0.39,0.738,27.2,0.097,0.2,7.5,1991,28.7,11.0,3.1,2.7,https://www.sports-reference.com/cbb/players/bobby-phills-1.html,1991
46,PHO,Richard Dumas,Oklahoma State,3.0,102.0,2226.0,1080.0,351.0,111.0,0.509,0.231,0.694,4.5,0.097,-0.2,1.0,1991,21.8,10.6,3.4,1.1,https://www.sports-reference.com/cbb/players/richard-dumas-1.html,1991
47,HOU,Keith Hughes,Rutgers University,,,,,,,,,,,,,,1991,,,,,https://www.sports-reference.com/cbb/players/keith-hughes-1.html,1991
48,UTA,Isaac Austin,Arizona State,9.0,432.0,8350.0,3285.0,2030.0,538.0,0.446,0.176,0.67,9.2,0.053,-2.5,-1.0,1991,19.3,7.6,4.7,1.2,https://www.sports-reference.com/cbb/players/isaac-austin-1.html,1991
49,SAS,Greg Sutton,Oral Roberts,3.0,168.0,1946.0,761.0,153.0,284.0,0.396,0.361,0.743,1.0,0.024,-3.6,-0.8,1991,11.6,4.5,0.9,1.7,https://www.sports-reference.com/cbb/players/greg-sutton-1.html,1991
50,PHO,Joey Wright,Texas,,,,,,,,,,,,,,1991,,,,,https://www.sports-reference.com/cbb/players/joey-wright-1.html,1991
51,HOU,Žan Tabak,,6.0,247.0,3607.0,1233.0,883.0,165.0,0.506,0.0,0.525,2.4,0.032,-4.9,-2.7,1991,14.6,5.0,3.6,0.7,,1991
52,LAL,Anthony Jones,Oral Roberts,,,,,,,,,,,,,,1991,,,,,https://www.sports-reference.com/cbb/players/anthony-jones-1.html,1991
53,BRK,Von McDade,UW-Milwaukee,,,,,,,,,,,,,,1991,,,,,https://www.sports-reference.com/cbb/players/von-mcdade-1.html,1991
54,POR,Marcus Kennedy,Eastern Michigan,,,,,,,,,,,,,,1991,,,,,https://www.sports-reference.com/cbb/players/marcus-kennedy-1.html,1991
1,ORL,Shaquille O'Neal,LSU,19.0,1207.0,41918.0,28596.0,13099.0,3026.0,0.582,0.045,0.527,181.7,0.208,5.1,75.5,1992,34.7,23.7,10.9,2.5,https://www.sports-reference.com/cbb/players/shaquille-o'neal-1.html,1992
2,CHA,Alonzo Mourning,Georgetown,15.0,838.0,25975.0,14311.0,7137.0,946.0,0.527,0.247,0.692,89.7,0.166,2.2,27.4,1992,31.0,17.1,8.5,1.1,https://www.sports-reference.com/cbb/players/alonzo-mourning-1.html,1992
3,MIN,Christian Laettner,Duke,13.0,868.0,25760.0,11121.0,5806.0,2224.0,0.48,0.261,0.82,64.9,0.121,1.0,19.5,1992,29.7,12.8,6.7,2.6,https://www.sports-reference.com/cbb/players/christian-laettner-1.html,1992
4,DAL,Jim Jackson,Ohio State,14.0,885.0,29067.0,12690.0,4152.0,2851.0,0.428,0.365,0.825,35.8,0.059,-0.9,8.2,1992,32.8,14.3,4.7,3.2,https://www.sports-reference.com/cbb/players/jim-jackson-1.html,1992
5,DEN,LaPhonso Ellis,Notre Dame,11.0,624.0,17616.0,7410.0,4032.0,981.0,0.452,0.302,0.73,32.8,0.089,-1.0,4.6,1992,28.2,11.9,6.5,1.6,https://www.sports-reference.com/cbb/players/laphonso-ellis-1.html,1992
6,WAS,Tom Gugliotta,NC State,13.0,763.0,23556.0,9895.0,5589.0,2140.0,0.451,0.284,0.757,40.2,0.082,0.6,15.3,1992,30.9,13.0,7.3,2.8,https://www.sports-reference.com/cbb/players/tom-gugliotta-1.html,1992
7,SAC,Walt Williams,Maryland,11.0,708.0,18818.0,8385.0,2794.0,1637.0,0.425,0.379,0.743,33.9,0.087,0.5,11.8,1992,26.6,11.8,3.9,2.3,https://www.sports-reference.com/cbb/players/walt-williams-1.html,1992
8,MIL,Todd Day,Arkansas,8.0,483.0,12214.0,5917.0,1649.0,713.0,0.406,0.345,0.739,17.5,0.069,-0.9,3.4,1992,25.3,12.3,3.4,1.5,https://www.sports-reference.com/cbb/players/todd-day-1.html,1992
9,PHI,Clarence Weatherspoon,Southern Miss,13.0,915.0,27736.0,10483.0,6846.0,1346.0,0.471,0.196,0.743,58.4,0.101,-0.3,11.8,1992,30.3,11.5,7.5,1.5,https://www.sports-reference.com/cbb/players/clarence-weatherspoon-1.html,1992
10,ATL,Adam Keefe,Stanford,9.0,617.0,10334.0,3107.0,2556.0,427.0,0.502,0.071,0.714,24.9,0.116,-1.3,1.7,1992,16.7,5.0,4.1,0.7,https://www.sports-reference.com/cbb/players/adam-keefe-1.html,1992
11,HOU,Robert Horry,Alabama,16.0,1107.0,27069.0,7715.0,5269.0,2343.0,0.425,0.341,0.726,66.3,0.118,1.9,26.4,1992,24.5,7.0,4.8,2.1,https://www.sports-reference.com/cbb/players/robert-horry-1.html,1992
12,MIA,Harold Miner,USC,4.0,200.0,3748.0,1801.0,432.0,245.0,0.46,0.311,0.785,4.2,0.053,-3.0,-0.9,1992,18.7,9.0,2.2,1.2,https://www.sports-reference.com/cbb/players/harold-miner-1.html,1992
13,DEN,Bryant Stith,Virginia,10.0,586.0,16417.0,5946.0,1983.0,1178.0,0.424,0.329,0.841,29.5,0.086,-0.8,4.9,1992,28.0,10.1,3.4,2.0,https://www.sports-reference.com/cbb/players/bryant-stith-1.html,1992
14,IND,Malik Sealy,St. John's,8.0,493.0,11720.0,4955.0,1585.0,816.0,0.426,0.292,0.809,17.1,0.07,-1.2,2.2,1992,23.8,10.1,3.2,1.7,https://www.sports-reference.com/cbb/players/malik-sealy-1.html,1992
15,LAL,Anthony Peeler,Missouri,13.0,827.0,20464.0,8017.0,2136.0,1956.0,0.427,0.384,0.799,30.7,0.072,-0.7,6.6,1992,24.7,9.7,2.6,2.4,https://www.sports-reference.com/cbb/players/anthony-peeler-1.html,1992
16,LAC,Randy Woods,La Salle,4.0,151.0,1093.0,356.0,93.0,257.0,0.34,0.305,0.683,0.6,0.026,-1.5,0.1,1992,7.2,2.4,0.6,1.7,https://www.sports-reference.com/cbb/players/randy-woods-1.html,1992
17,OKC,Doug Christie,Pepperdine,15.0,827.0,26079.0,9301.0,3382.0,2992.0,0.426,0.354,0.821,55.7,0.102,1.1,20.7,1992,31.5,11.2,4.1,3.6,https://www.sports-reference.com/cbb/players/doug-christie-1.html,1992
18,SAS,Tracy Murray,UCLA,12.0,659.0,12103.0,5943.0,1649.0,508.0,0.43,0.388,0.829,24.1,0.096,-0.1,5.8,1992,18.4,9.0,2.5,0.8,https://www.sports-reference.com/cbb/players/tracy-murray-1.html,1992
19,DET,Don MacLean,UCLA,9.0,319.0,6679.0,3490.0,1210.0,404.0,0.455,0.284,0.765,9.4,0.067,-2.5,-0.9,1992,20.9,10.9,3.8,1.3,https://www.sports-reference.com/cbb/players/don-maclean-1.html,1992
20,NYK,Hubert Davis,UNC,12.0,685.0,15143.0,5583.0,1045.0,1172.0,0.458,0.441,0.837,27.7,0.088,-0.9,4.2,1992,22.1,8.2,1.5,1.7,https://www.sports-reference.com/cbb/players/hubert-davis-1.html,1992
21,BOS,Jon Barry,Georgia Tech,14.0,821.0,13880.0,4715.0,1513.0,1784.0,0.434,0.392,0.848,37.2,0.129,1.8,13.4,1992,16.9,5.7,1.8,2.2,https://www.sports-reference.com/cbb/players/jon-barry-1.html,1992
22,PHO,Oliver Miller,Arkansas,9.0,493.0,11338.0,3625.0,2893.0,1061.0,0.534,0.116,0.639,21.1,0.089,0.6,7.4,1992,23.0,7.4,5.9,2.2,https://www.sports-reference.com/cbb/players/oliver-miller-1.html,1992
23,MIL,Lee Mayberry,Arkansas,7.0,496.0,10337.0,2546.0,642.0,1767.0,0.415,0.377,0.659,7.9,0.036,-2.9,-2.3,1992,20.8,5.1,1.3,3.6,https://www.sports-reference.com/cbb/players/lee-mayberry-1.html,1992
24,GSW,Latrell Sprewell,Alabama,13.0,913.0,35270.0,16712.0,3724.0,3664.0,0.425,0.337,0.804,56.3,0.077,0.4,21.0,1992,38.6,18.3,4.1,4.0,https://www.sports-reference.com/cbb/players/latrell-sprewell-1.html,1992
25,LAC,Elmore Spencer,UNLV,5.0,157.0,2641.0,923.0,555.0,109.0,0.516,0.0,0.58,0.0,0.001,-4.6,-1.7,1992,16.8,5.9,3.5,0.7,https://www.sports-reference.com/cbb/players/elmore-spencer-1.html,1992
26,POR,Dave Johnson,Syracuse,2.0,59.0,475.0,204.0,64.0,17.0,0.365,0.2,0.663,-0.3,-0.032,-8.2,-0.7,1992,8.1,3.5,1.1,0.3,https://www.sports-reference.com/cbb/players/dave-johnson-1.html,1992
27,CHI,Byron Houston,Oklahoma State,4.0,214.0,2674.0,835.0,648.0,114.0,0.456,0.256,0.676,3.9,0.069,-3.9,-1.3,1992,12.5,3.9,3.0,0.5,https://www.sports-reference.com/cbb/players/byron-houston-1.html,1992
28,MIN,Marlon Maxey,Texas-El Paso,2.0,98.0,1146.0,479.0,363.0,22.0,0.542,0.0,0.685,2.6,0.109,-3.0,-0.3,1992,11.7,4.9,3.7,0.2,https://www.sports-reference.com/cbb/players/marlon-maxey-1.html,1992
29,BRK,P.J. Brown,Louisiana Tech,15.0,1089.0,33823.0,9870.0,8409.0,1661.0,0.46,0.136,0.794,89.8,0.128,0.0,17.4,1992,31.1,9.1,7.7,1.5,https://www.sports-reference.com/cbb/players/p.j.-brown-1.html,1992
30,DAL,Sean Rooks,Arizona,12.0,749.0,13560.0,4676.0,2877.0,631.0,0.459,0.091,0.699,16.2,0.057,-2.9,-3.1,1992,18.1,6.2,3.8,0.8,https://www.sports-reference.com/cbb/players/sean-rooks-1.html,1992
31,POR,Reggie Smith,TCU,2.0,66.0,384.0,99.0,120.0,5.0,0.394,0.0,0.404,0.4,0.051,-5.1,-0.3,1992,5.8,1.5,1.8,0.1,https://www.sports-reference.com/cbb/players/reggie-smith-1.html,1992
32,WAS,Brent Price,Oklahoma,9.0,418.0,7007.0,2481.0,684.0,1236.0,0.426,0.387,0.824,12.0,0.082,-0.8,2.2,1992,16.8,5.9,1.6,3.0,https://www.sports-reference.com/cbb/players/brent-price-1.html,1992
33,CHI,Corey Williams,Oklahoma State,2.0,39.0,288.0,92.0,37.0,29.0,0.367,0.25,0.826,0.2,0.037,-5.6,-0.3,1992,7.4,2.4,0.9,0.7,https://www.sports-reference.com/cbb/players/corey-williams-1.html,1992
34,MIN,Chris Smith,UConn,3.0,224.0,3956.0,1140.0,291.0,627.0,0.435,0.366,0.713,3.2,0.039,-2.3,-0.3,1992,17.7,5.1,1.3,2.8,https://www.sports-reference.com/cbb/players/chris-smith-1.html,1992
35,CHA,Tony Bennett,Green Bay,3.0,152.0,1886.0,538.0,155.0,303.0,0.412,0.335,0.732,1.6,0.041,-2.7,-0.3,1992,12.4,3.5,1.0,2.0,https://www.sports-reference.com/cbb/players/tony-bennett-1.html,1992
36,LAL,Duane Cooper,USC,2.0,88.0,781.0,204.0,59.0,178.0,0.402,0.216,0.72,-0.5,-0.032,-6.1,-0.8,1992,8.9,2.3,0.7,2.0,https://www.sports-reference.com/cbb/players/duane-cooper-1.html,1992
37,MIA,Isaiah Morris,Arkansas,1.0,25.0,102.0,55.0,12.0,4.0,0.456,,0.75,0.0,-0.022,-5.7,-0.1,1992,4.1,2.2,0.5,0.2,https://www.sports-reference.com/cbb/players/isaiah-morris-1.html,1992
38,ATL,Elmer Bennett,Notre Dame,3.0,21.0,159.0,48.0,10.0,22.0,0.34,0.273,0.722,-0.3,-0.095,-6.9,-0.2,1992,7.6,2.3,0.5,1.0,https://www.sports-reference.com/cbb/players/elmer-bennett-1.html,1992
39,CHI,Litterial Green,Georgia,5.0,148.0,1189.0,423.0,75.0,182.0,0.42,0.077,0.665,1.6,0.066,-2.4,-0.1,1992,8.0,2.9,0.5,1.2,https://www.sports-reference.com/cbb/players/litterial-green-1.html,1992
40,BRK,Steve Rogers,Alabama State University,,,,,,,,,,,,,,1992,,,,,https://www.sports-reference.com/cbb/players/steve-rogers-1.html,1992
41,HOU,Popeye Jones,Murray State,11.0,535.0,12579.0,3726.0,3981.0,696.0,0.447,0.281,0.751,22.0,0.084,-2.7,-2.1,1992,23.5,7.0,7.4,1.3,https://www.sports-reference.com/cbb/players/popeye-jones-1.html,1992
42,MIA,Matt Geiger,Georgia Tech,10.0,552.0,12221.0,5059.0,3158.0,388.0,0.499,0.232,0.728,28.4,0.112,-1.8,0.6,1992,22.1,9.2,5.7,0.7,https://www.sports-reference.com/cbb/players/matt-geiger-1.html,1992
43,GSW,Sasha Danilović,,2.0,75.0,2331.0,957.0,182.0,149.0,0.439,0.379,0.789,4.2,0.087,-0.7,0.8,1992,31.1,12.8,2.4,2.0,,1992
44,SAS,Henry Williams,UNC Charlotte,,,,,,,,,,,,,,1992,,,,,https://www.sports-reference.com/cbb/players/henry-williams-1.html,1992
45,OKC,Chris King,Wake Forest,3.0,103.0,2058.0,693.0,311.0,116.0,0.423,0.383,0.633,1.0,0.023,-2.8,-0.4,1992,20.0,6.7,3.0,1.1,https://www.sports-reference.com/cbb/players/chris-king-1.html,1992
46,DEN,Robert Werdann,St. John's,3.0,47.0,273.0,101.0,81.0,9.0,0.378,0.0,0.574,0.1,0.026,-6.3,-0.3,1992,5.8,2.1,1.7,0.2,https://www.sports-reference.com/cbb/players/robert-werdann-1.html,1992
47,BOS,Darren Morningstar,Pitt,1.0,23.0,367.0,96.0,81.0,15.0,0.476,,0.6,0.4,0.048,-4.5,-0.2,1992,16.0,4.2,3.5,0.7,https://www.sports-reference.com/cbb/players/darren-morningstar-1.html,1992
48,PHO,Brian Davis,Duke,1.0,68.0,374.0,131.0,55.0,22.0,0.317,0.333,0.735,0.0,0.0,-4.7,-0.3,1992,5.5,1.9,0.8,0.3,https://www.sports-reference.com/cbb/players/brian-davis-1.html,1992
49,PHO,Ron Ellis,Louisiana Tech,,,,,,,,,,,,,,1992,,,,,https://www.sports-reference.com/cbb/players/ron-ellis-1.html,1992
50,GSW,Matt Fish,UNC Wilmington,3.0,50.0,512.0,177.0,110.0,25.0,0.5,0.0,0.625,0.6,0.058,-3.1,-0.1,1992,10.2,3.5,2.2,0.5,https://www.sports-reference.com/cbb/players/matt-fish-1.html,1992
51,MIN,Tim Burroughs,Jacksonville University,,,,,,,,,,,,,,1992,,,,,https://www.sports-reference.com/cbb/players/tim-burroughs-1.html,1992
52,CHI,Matt Steigenga,Michigan State,1.0,2.0,12.0,3.0,3.0,2.0,0.25,0.0,0.5,0.0,-0.126,-8.5,0.0,1992,6.0,1.5,1.5,1.0,https://www.sports-reference.com/cbb/players/matt-steigenga-1.html,1992
53,HOU,Curtis Blair,Richmond,,,,,,,,,,,,,,1992,,,,,https://www.sports-reference.com/cbb/players/curtis-blair-1.html,1992
54,SAC,Brett Roberts,Morehead State University,,,,,,,,,,,,,,1992,,,,,https://www.sports-reference.com/cbb/players/brett-roberts-1.html,1992
1,ORL,Chris Webber,Michigan,15.0,831.0,30847.0,17182.0,8124.0,3526.0,0.479,0.299,0.649,84.7,0.132,3.4,42.1,1993,37.1,20.7,9.8,4.2,https://www.sports-reference.com/cbb/players/chris-webber-1.html,1993
2,PHI,Shawn Bradley,BYU,12.0,832.0,19531.0,6752.0,5268.0,573.0,0.457,0.103,0.716,40.7,0.1,-0.2,8.9,1993,23.5,8.1,6.3,0.7,https://www.sports-reference.com/cbb/players/shawn-bradley-1.html,1993
3,GSW,Anfernee Hardaway,Memphis,14.0,704.0,23711.0,10684.0,3146.0,3525.0,0.458,0.316,0.774,61.9,0.125,2.5,26.9,1993,33.7,15.2,4.5,5.0,https://www.sports-reference.com/cbb/players/anfernee-hardaway-1.html,1993
4,DAL,Jamal Mashburn,Kentucky,11.0,611.0,22762.0,11644.0,3271.0,2414.0,0.418,0.345,0.766,43.7,0.092,0.3,13.4,1993,37.3,19.1,5.4,4.0,https://www.sports-reference.com/cbb/players/jamal-mashburn-1.html,1993
5,MIN,Isaiah Rider,UNLV,9.0,563.0,17851.0,9405.0,2166.0,1535.0,0.443,0.352,0.812,22.8,0.061,-1.0,4.5,1993,31.7,16.7,3.8,2.7,https://www.sports-reference.com/cbb/players/isaiah-rider-1.html,1993
6,WAS,Calbert Cheaney,Indiana,13.0,825.0,22007.0,7826.0,2610.0,1398.0,0.466,0.298,0.691,23.1,0.05,-2.5,-2.9,1993,26.7,9.5,3.2,1.7,https://www.sports-reference.com/cbb/players/calbert-cheaney-1.html,1993
7,SAC,Bobby Hurley,Duke,5.0,269.0,4170.0,1032.0,283.0,880.0,0.353,0.272,0.769,-1.2,-0.014,-5.4,-3.5,1993,15.5,3.8,1.1,3.3,https://www.sports-reference.com/cbb/players/bobby-hurley-1.html,1993
8,MIL,Vin Baker,University of Hartford,13.0,791.0,25737.0,11839.0,5867.0,1509.0,0.485,0.215,0.638,47.0,0.088,-1.2,5.3,1993,32.5,15.0,7.4,1.9,https://www.sports-reference.com/cbb/players/vin-baker-1.html,1993
9,DEN,Rodney Rogers,Wake Forest,12.0,866.0,21873.0,9468.0,3881.0,1722.0,0.451,0.347,0.69,38.8,0.085,-0.3,9.7,1993,25.3,10.9,4.5,2.0,https://www.sports-reference.com/cbb/players/rodney-rogers-1.html,1993
10,DET,Lindsey Hunter,Jackson State University,17.0,937.0,23253.0,7956.0,2021.0,2506.0,0.388,0.36,0.746,32.9,0.068,-0.4,9.4,1993,24.8,8.5,2.2,2.7,https://www.sports-reference.com/cbb/players/lindsey-hunter-1.html,1993
11,DET,Allan Houston,Tennessee,12.0,839.0,28311.0,14551.0,2434.0,1990.0,0.444,0.402,0.863,55.3,0.094,0.1,15.0,1993,33.7,17.3,2.9,2.4,https://www.sports-reference.com/cbb/players/allan-houston-1.html,1993
12,LAL,George Lynch,UNC,12.0,774.0,17683.0,5109.0,3902.0,1121.0,0.446,0.306,0.652,32.3,0.088,-0.4,7.3,1993,22.8,6.6,5.0,1.4,https://www.sports-reference.com/cbb/players/george-lynch-1.html,1993
13,LAC,Terry Dehere,Seton Hall,6.0,402.0,7305.0,3235.0,588.0,1034.0,0.411,0.378,0.779,7.3,0.048,-2.6,-1.1,1993,18.2,8.0,1.5,2.6,https://www.sports-reference.com/cbb/players/terry-dehere-1.html,1993
14,IND,Scott Haskin,Oregon State,1.0,27.0,186.0,55.0,55.0,6.0,0.467,,0.684,0.3,0.087,-2.8,0.0,1993,6.9,2.0,2.0,0.2,https://www.sports-reference.com/cbb/players/scott-haskin-1.html,1993
15,ATL,Doug Edwards,Florida State,3.0,85.0,838.0,203.0,153.0,60.0,0.378,0.0,0.709,0.2,0.013,-4.8,-0.6,1993,9.9,2.4,1.8,0.7,https://www.sports-reference.com/cbb/players/doug-edwards-1.html,1993
16,BRK,Rex Walters,Kansas,7.0,335.0,4602.0,1547.0,403.0,569.0,0.441,0.361,0.809,6.3,0.066,-2.0,0.0,1993,13.7,4.6,1.2,1.7,https://www.sports-reference.com/cbb/players/rex-walters-1.html,1993
17,CHA,Greg Graham,Indiana,5.0,207.0,2530.0,938.0,219.0,201.0,0.407,0.29,0.775,1.3,0.025,-3.8,-1.2,1993,12.2,4.5,1.1,1.0,https://www.sports-reference.com/cbb/players/greg-graham-1.html,1993
18,UTA,Luther Wright,Seton Hall,1.0,15.0,92.0,19.0,10.0,0.0,0.348,0.0,0.75,-0.1,-0.064,-12.3,-0.2,1993,6.1,1.3,0.7,0.0,https://www.sports-reference.com/cbb/players/luther-wright-1.html,1993
19,BOS,Acie Earl,Iowa,4.0,193.0,2512.0,980.0,517.0,61.0,0.403,0.0,0.667,0.3,0.005,-5.9,-2.5,1993,13.0,5.1,2.7,0.3,https://www.sports-reference.com/cbb/players/acie-earl-1.html,1993
20,CHA,Scott Burrell,UConn,8.0,383.0,7592.0,2647.0,1332.0,527.0,0.418,0.373,0.723,16.4,0.104,0.7,5.2,1993,19.8,6.9,3.5,1.4,https://www.sports-reference.com/cbb/players/scott-burrell-1.html,1993
21,POR,James Robinson,Alabama,7.0,381.0,6935.0,2882.0,660.0,715.0,0.394,0.348,0.666,5.8,0.04,-2.0,0.0,1993,18.2,7.6,1.7,1.9,https://www.sports-reference.com/cbb/players/james-robinson-1.html,1993
22,CLE,Chris Mills,Arizona,10.0,568.0,17282.0,6357.0,2808.0,1063.0,0.432,0.351,0.817,37.7,0.105,-0.5,6.8,1993,30.4,11.2,4.9,1.9,https://www.sports-reference.com/cbb/players/chris-mills-1.html,1993
23,OKC,Ervin Johnson,New Orleans,13.0,845.0,16989.0,3473.0,5148.0,387.0,0.505,0.2,0.605,37.8,0.107,-1.4,2.6,1993,20.1,4.1,6.1,0.5,https://www.sports-reference.com/cbb/players/ervin-johnson-1.html,1993
24,HOU,Sam Cassell,Florida State,15.0,993.0,29812.0,15635.0,3221.0,5939.0,0.454,0.331,0.861,87.5,0.141,1.8,28.8,1993,30.0,15.7,3.2,6.0,https://www.sports-reference.com/cbb/players/sam-cassell-1.html,1993
25,CHI,Corie Blount,Cincinnati,11.0,644.0,9925.0,2287.0,2690.0,460.0,0.471,0.115,0.587,18.2,0.088,-2.5,-1.1,1993,15.4,3.6,4.2,0.7,https://www.sports-reference.com/cbb/players/corie-blount-1.html,1993
26,ORL,Geert Hammink,LSU,3.0,8.0,27.0,14.0,7.0,2.0,0.4,,0.667,0.1,0.089,-3.7,0.0,1993,3.4,1.8,0.9,0.3,https://www.sports-reference.com/cbb/players/geert-hammink-1.html,1993
27,PHO,Malcolm Mackey,Georgia Tech,1.0,22.0,69.0,32.0,24.0,1.0,0.378,0.0,0.5,0.1,0.036,-8.7,-0.1,1993,3.1,1.5,1.1,0.0,https://www.sports-reference.com/cbb/players/malcolm-mackey-1.html,1993
28,DAL,Lucious Harris,Cal State Long Beach,12.0,800.0,15701.0,5784.0,1864.0,1130.0,0.426,0.348,0.79,28.7,0.088,-0.9,4.5,1993,19.6,7.2,2.3,1.4,https://www.sports-reference.com/cbb/players/lucious-harris-1.html,1993
29,MIN,Sherron Mills,VCU,,,,,,,,,,,,,,1993,,,,,https://www.sports-reference.com/cbb/players/sherron-mills-1.html,1993
30,WAS,Gheorghe Mureșan,,6.0,307.0,6729.0,3020.0,1957.0,150.0,0.573,0.0,0.644,19.0,0.136,-0.3,2.9,1993,21.9,9.8,6.4,0.5,,1993
31,SAC,Evers Burns,Maryland,1.0,23.0,143.0,56.0,30.0,9.0,0.4,,0.522,0.1,0.02,-5.5,-0.1,1993,6.2,2.4,1.3,0.4,https://www.sports-reference.com/cbb/players/evers-burns-1.html,1993
32,PHI,Alphonso Ford,Mississippi Valley State University,2.0,11.0,114.0,35.0,20.0,10.0,0.308,0.1,0.5,-0.4,-0.153,-8.4,-0.2,1993,10.4,3.2,1.8,0.9,https://www.sports-reference.com/cbb/players/alphonso-ford-1.html,1993
33,DAL,Eric Riley,Michigan,5.0,186.0,1844.0,574.0,479.0,60.0,0.456,0.0,0.704,2.5,0.066,-3.8,-0.9,1993,9.9,3.1,2.6,0.3,https://www.sports-reference.com/cbb/players/eric-riley-1.html,1993
34,GSW,Darnell Mee,Western Kentucky,2.0,40.0,293.0,76.0,36.0,18.0,0.312,0.222,0.444,-0.1,-0.02,-2.8,-0.1,1993,7.3,1.9,0.9,0.5,https://www.sports-reference.com/cbb/players/darnell-mee-1.html,1993
35,MIA,Ed Stokes,Arizona,1.0,4.0,17.0,3.0,4.0,1.0,0.333,,0.5,0.0,-0.077,-7.6,0.0,1993,4.3,0.8,1.0,0.3,https://www.sports-reference.com/cbb/players/ed-stokes-1.html,1993
36,BRK,John Best,Tennessee Technological University,,,,,,,,,,,,,,1993,,,,,https://www.sports-reference.com/cbb/players/john-best-1.html,1993
37,LAL,Nick Van Exel,Cincinnati,13.0,880.0,28969.0,12658.0,2545.0,5777.0,0.405,0.357,0.794,55.9,0.093,0.4,17.7,1993,32.9,14.4,2.9,6.6,https://www.sports-reference.com/cbb/players/nick-van-exel-1.html,1993
38,WAS,Conrad McRae,Syracuse,,,,,,,,,,,,,,1993,,,,,https://www.sports-reference.com/cbb/players/conrad-mcrae-1.html,1993
39,IND,Thomas Hill,Duke,,,,,,,,,,,,,,1993,,,,,https://www.sports-reference.com/cbb/players/thomas-hill-1.html,1993
40,ATL,Rich Manning,Washington,2.0,55.0,512.0,182.0,94.0,10.0,0.415,0.4,0.643,-0.3,-0.028,-8.3,-0.8,1993,9.3,3.3,1.7,0.2,https://www.sports-reference.com/cbb/players/rich-manning-1.html,1993
41,CHI,Anthony Reed,Tulane,,,,,,,,,,,,,,1993,,,,,https://www.sports-reference.com/cbb/players/anthony-reed-1.html,1993
42,OKC,Adonis Jordan,Kansas,2.0,10.0,97.0,21.0,6.0,22.0,0.296,0.25,0.5,0.0,-0.015,-2.9,0.0,1993,9.7,2.1,0.6,2.2,https://www.sports-reference.com/cbb/players/adonis-jordan-1.html,1993
43,DEN,Josh Grant,Utah,1.0,53.0,382.0,157.0,89.0,24.0,0.404,0.279,0.759,0.5,0.06,-2.3,0.0,1993,7.2,3.0,1.7,0.5,https://www.sports-reference.com/cbb/players/josh-grant-1.html,1993
44,SAC,Alex Holcombe,Baylor,,,,,,,,,,,,,,1993,,,,,https://www.sports-reference.com/cbb/players/alex-holcombe-1.html,1993
45,UTA,Bryon Russell,Cal State Long Beach,13.0,841.0,19805.0,6663.0,2914.0,1085.0,0.431,0.369,0.75,47.4,0.115,0.4,11.8,1993,23.5,7.9,3.5,1.3,https://www.sports-reference.com/cbb/players/bryon-russell-1.html,1993
46,HOU,Richard Petruška,UCLA,1.0,22.0,92.0,53.0,31.0,1.0,0.435,0.467,0.75,0.0,-0.014,-8.2,-0.1,1993,4.2,2.4,1.4,0.0,https://www.sports-reference.com/cbb/players/richard-petruška-1.html,1993
47,SAS,Chris Whitney,Clemson,11.0,579.0,10052.0,3738.0,815.0,1613.0,0.395,0.361,0.875,21.2,0.101,-0.2,4.6,1993,17.4,6.5,1.4,2.8,https://www.sports-reference.com/cbb/players/chris-whitney-1.html,1993
48,POR,Kevin Thompson,NC State,1.0,14.0,58.0,13.0,13.0,3.0,0.429,0.0,0.5,0.0,-0.016,-8.1,-0.1,1993,4.1,0.9,0.9,0.2,https://www.sports-reference.com/cbb/players/kevin-thompson-1.html,1993
49,PHO,Mark Buford,Mississippi Valley State University,,,,,,,,,,,,,,1993,,,,,https://www.sports-reference.com/cbb/players/mark-buford-1.html,1993
50,HOU,Marcelo Nicola,,,,,,,,,,,,,,,1993,,,,,,1993
51,IND,Spencer Dunkley,University of Delaware,,,,,,,,,,,,,,1993,,,,,https://www.sports-reference.com/cbb/players/spencer-dunkley-1.html,1993
52,SAC,Mike Peplowski,Michigan State,3.0,68.0,705.0,194.0,176.0,26.0,0.556,0.0,0.531,1.0,0.067,-4.5,-0.4,1993,10.4,2.9,2.6,0.4,https://www.sports-reference.com/cbb/players/mike-peplowski-1.html,1993
53,LAC,Leonard White,Southern University and A&M College,,,,,,,,,,,,,,1993,,,,,https://www.sports-reference.com/cbb/players/leonard-white-1.html,1993
54,PHO,Byron Wilson,Utah,,,,,,,,,,,,,,1993,,,,,https://www.sports-reference.com/cbb/players/byron-wilson-1.html,1993
1,MIL,Glenn Robinson,Purdue,11.0,688.0,25346.0,14234.0,4189.0,1879.0,0.459,0.34,0.82,39.8,0.075,0.1,13.5,1994,36.8,20.7,6.1,2.7,https://www.sports-reference.com/cbb/players/glenn-robinson-1.html,1994
2,DAL,Jason Kidd,California,19.0,1391.0,50111.0,17529.0,8725.0,12091.0,0.4,0.349,0.785,138.6,0.133,3.8,73.5,1994,36.0,12.6,6.3,8.7,https://www.sports-reference.com/cbb/players/jason-kidd-1.html,1994
3,DET,Grant Hill,Duke,18.0,1026.0,34776.0,17137.0,6169.0,4252.0,0.483,0.314,0.769,99.9,0.138,3.0,43.6,1994,33.9,16.7,6.0,4.1,https://www.sports-reference.com/cbb/players/grant-hill-1.html,1994
4,MIN,Donyell Marshall,UConn,15.0,957.0,25027.0,10716.0,6376.0,1305.0,0.435,0.35,0.731,59.0,0.113,1.1,19.9,1994,26.2,11.2,6.7,1.4,https://www.sports-reference.com/cbb/players/donyell-marshall-1.html,1994
5,WAS,Juwan Howard,Michigan,19.0,1208.0,36654.0,16159.0,7428.0,2663.0,0.469,0.12,0.764,59.4,0.078,-1.6,3.8,1994,30.3,13.4,6.1,2.2,https://www.sports-reference.com/cbb/players/juwan-howard-1.html,1994
6,PHI,Sharone Wright,Clemson,4.0,203.0,4531.0,1974.0,1023.0,118.0,0.456,0.083,0.618,1.4,0.015,-4.8,-3.2,1994,22.3,9.7,5.0,0.6,https://www.sports-reference.com/cbb/players/sharone-wright-1.html,1994
7,LAC,Lamond Murray,California,11.0,736.0,18477.0,8286.0,3033.0,978.0,0.43,0.36,0.759,19.8,0.052,-1.2,4.0,1994,25.1,11.3,4.1,1.3,https://www.sports-reference.com/cbb/players/lamond-murray-1.html,1994
8,SAC,Brian Grant,Xavier,12.0,756.0,21417.0,7933.0,5622.0,923.0,0.49,0.214,0.746,54.5,0.122,-0.8,6.2,1994,28.3,10.5,7.4,1.2,https://www.sports-reference.com/cbb/players/brian-grant-1.html,1994
9,BOS,Eric Montross,UNC,8.0,465.0,8479.0,2071.0,2159.0,207.0,0.49,0.0,0.478,8.5,0.048,-4.4,-5.2,1994,18.2,4.5,4.6,0.4,https://www.sports-reference.com/cbb/players/eric-montross-1.html,1994
10,LAL,Eddie Jones,Temple,14.0,954.0,32778.0,14155.0,3857.0,2812.0,0.437,0.373,0.809,100.6,0.147,3.1,42.3,1994,34.4,14.8,4.0,2.9,https://www.sports-reference.com/cbb/players/eddie-jones-1.html,1994
11,OKC,Carlos Rogers,Tennessee State,8.0,298.0,5654.0,2196.0,1272.0,182.0,0.536,0.258,0.562,11.1,0.095,-1.0,1.5,1994,19.0,7.4,4.3,0.6,https://www.sports-reference.com/cbb/players/carlos-rogers-1.html,1994
12,MIA,Khalid Reeves,Arizona,6.0,277.0,5837.0,2167.0,580.0,886.0,0.416,0.363,0.744,8.4,0.069,-1.3,1.0,1994,21.1,7.8,2.1,3.2,https://www.sports-reference.com/cbb/players/khalid-reeves-1.html,1994
13,DEN,Jalen Rose,Michigan,13.0,923.0,27925.0,13220.0,3193.0,3527.0,0.443,0.355,0.801,47.2,0.081,-0.2,12.3,1994,30.3,14.3,3.5,3.8,https://www.sports-reference.com/cbb/players/jalen-rose-1.html,1994
14,BRK,Yinka Dare,George Washington,4.0,110.0,1002.0,233.0,281.0,4.0,0.396,,0.57,-0.7,-0.033,-8.4,-1.6,1994,9.1,2.1,2.6,0.0,https://www.sports-reference.com/cbb/players/yinka-dare-1.html,1994
15,IND,Eric Piatkowski,Nebraska,14.0,789.0,14613.0,5919.0,1716.0,778.0,0.434,0.399,0.839,31.0,0.102,0.2,7.9,1994,18.5,7.5,2.2,1.0,https://www.sports-reference.com/cbb/players/eric-piatkowski-1.html,1994
16,GSW,Clifford Rozier,Louisville,4.0,173.0,2984.0,827.0,897.0,98.0,0.496,0.182,0.465,3.9,0.063,-3.5,-1.1,1994,17.2,4.8,5.2,0.6,https://www.sports-reference.com/cbb/players/clifford-rozier-1.html,1994
17,POR,Aaron McKie,Temple,13.0,793.0,19156.0,5871.0,2587.0,2126.0,0.438,0.35,0.779,40.0,0.1,0.7,12.9,1994,24.2,7.4,3.3,2.7,https://www.sports-reference.com/cbb/players/aaron-mckie-1.html,1994
18,MIL,Eric Mobley,Pitt,3.0,113.0,1570.0,440.0,351.0,57.0,0.541,0.75,0.475,1.1,0.034,-4.3,-0.9,1994,13.9,3.9,3.1,0.5,https://www.sports-reference.com/cbb/players/eric-mobley-1.html,1994
19,DAL,Tony Dumas,Missouri-Kansas City,4.0,156.0,2222.0,1140.0,198.0,186.0,0.404,0.327,0.608,1.3,0.027,-3.3,-0.7,1994,14.2,7.3,1.3,1.2,https://www.sports-reference.com/cbb/players/tony-dumas-1.html,1994
20,PHI,B.J. Tyler,Texas,1.0,55.0,809.0,195.0,62.0,174.0,0.381,0.314,0.7,-0.7,-0.039,-5.0,-0.6,1994,14.7,3.5,1.1,3.2,https://www.sports-reference.com/cbb/players/b.j.-tyler-1.html,1994
21,CHI,Dickey Simpkins,Providence,7.0,327.0,5201.0,1388.0,1187.0,305.0,0.44,0.222,0.618,4.7,0.044,-4.5,-3.3,1994,15.9,4.2,3.6,0.9,https://www.sports-reference.com/cbb/players/dickey-simpkins-1.html,1994
22,SAS,Bill Curley,Boston College,5.0,147.0,1614.0,394.0,290.0,60.0,0.444,0.222,0.743,1.6,0.047,-5.3,-1.3,1994,11.0,2.7,2.0,0.4,https://www.sports-reference.com/cbb/players/bill-curley-1.html,1994
23,PHO,Wesley Person,Auburn,11.0,733.0,20727.0,8192.0,2402.0,1234.0,0.457,0.418,0.778,44.0,0.102,0.9,15.2,1994,28.3,11.2,3.3,1.7,https://www.sports-reference.com/cbb/players/wesley-person-1.html,1994
24,NYK,Monty Williams,Notre Dame,9.0,456.0,7624.0,2884.0,1296.0,544.0,0.481,0.111,0.665,11.4,0.072,-1.8,0.3,1994,16.7,6.3,2.8,1.2,https://www.sports-reference.com/cbb/players/monty-williams-1.html,1994
25,LAC,Greg Minor,Louisville,5.0,277.0,5144.0,1902.0,741.0,384.0,0.478,0.226,0.767,8.2,0.077,-1.5,0.7,1994,18.6,6.9,2.7,1.4,https://www.sports-reference.com/cbb/players/greg-minor-1.html,1994
26,NYK,Charlie Ward,Florida State,11.0,630.0,14080.0,3947.0,1648.0,2539.0,0.408,0.364,0.771,33.0,0.113,2.1,14.5,1994,22.3,6.3,2.6,4.0,https://www.sports-reference.com/cbb/players/charlie-ward-1.html,1994
27,ORL,Brooks Thompson,Oklahoma State,4.0,168.0,1714.0,760.0,158.0,281.0,0.409,0.376,0.647,2.0,0.057,-1.5,0.2,1994,10.2,4.5,0.9,1.7,https://www.sports-reference.com/cbb/players/brooks-thompson-1.html,1994
28,DAL,Deon Thomas,Illinois,,,,,,,,,,,,,,1994,,,,,https://www.sports-reference.com/cbb/players/deon-thomas-1.html,1994
29,PHO,Antonio Lang,Duke,6.0,143.0,1395.0,329.0,210.0,50.0,0.455,0.0,0.719,1.7,0.057,-3.8,-0.6,1994,9.8,2.3,1.5,0.3,https://www.sports-reference.com/cbb/players/antonio-lang-1.html,1994
30,MIN,Howard Eisley,Boston College,12.0,786.0,16013.0,5116.0,1324.0,2748.0,0.407,0.35,0.827,19.5,0.058,-1.7,1.3,1994,20.4,6.5,1.7,3.5,https://www.sports-reference.com/cbb/players/howard-eisley-1.html,1994
31,ORL,Rodney Dent,Kentucky,,,,,,,,,,,,,,1994,,,,,https://www.sports-reference.com/cbb/players/rodney-dent-1.html,1994
32,WAS,Jim McIlvaine,Marquette,7.0,401.0,5927.0,1072.0,1243.0,105.0,0.446,0.1,0.551,9.4,0.076,-2.2,-0.3,1994,14.8,2.7,3.1,0.3,https://www.sports-reference.com/cbb/players/jim-mcilvaine-1.html,1994
33,PHI,Derrick Alston,Duquesne,3.0,139.0,2657.0,751.0,525.0,94.0,0.489,0.143,0.487,2.6,0.047,-2.8,-0.5,1994,19.1,5.4,3.8,0.7,https://www.sports-reference.com/cbb/players/derrick-alston-1.html,1994
34,ATL,Gaylon Nickerson,Northwestern Oklahoma State University,1.0,4.0,42.0,15.0,5.0,1.0,0.333,0.0,1.0,0.1,0.076,-1.2,0.0,1994,10.5,3.8,1.3,0.3,https://www.sports-reference.com/cbb/players/gaylon-nickerson-1.html,1994
35,SAC,Michael Smith,Providence,7.0,449.0,10552.0,2527.0,3193.0,661.0,0.538,0.143,0.529,23.4,0.107,-0.1,5.1,1994,23.5,5.6,7.1,1.5,https://www.sports-reference.com/cbb/players/michael-smith-1.html,1994
36,BOS,Andrei Fetisov,,,,,,,,,,,,,,,1994,,,,,,1994
37,OKC,Dontonio Wingfield,Cincinnati,4.0,114.0,1146.0,423.0,275.0,76.0,0.389,0.309,0.721,1.8,0.074,-2.6,-0.2,1994,10.1,3.7,2.4,0.7,https://www.sports-reference.com/cbb/players/dontonio-wingfield-1.html,1994
38,CHA,Darrin Hancock,Kansas,3.0,133.0,1395.0,467.0,169.0,89.0,0.53,0.333,0.579,1.1,0.038,-3.3,-0.5,1994,10.5,3.5,1.3,0.7,https://www.sports-reference.com/cbb/players/darrin-hancock-1.html,1994
39,GSW,Anthony Miller,Michigan State,8.0,181.0,1637.0,510.0,488.0,66.0,0.51,0.25,0.576,3.8,0.11,-2.6,-0.2,1994,9.0,2.8,2.7,0.4,https://www.sports-reference.com/cbb/players/anthony-miller-1.html,1994
40,MIA,Jeff Webster,Oklahoma,1.0,11.0,58.0,18.0,7.0,3.0,0.348,0.333,,0.0,-0.03,-4.9,0.0,1994,5.3,1.6,0.6,0.3,https://www.sports-reference.com/cbb/players/jeff-webster-1.html,1994
41,IND,William Njoku,,,,,,,,,,,,,,,1994,,,,,,1994
42,CLE,Gary Collier,Tulsa,,,,,,,,,,,,,,1994,,,,,https://www.sports-reference.com/cbb/players/gary-collier-1.html,1994
43,POR,Shawnelle Scott,St. John's,4.0,105.0,634.0,189.0,228.0,20.0,0.464,,0.465,1.3,0.101,-3.8,-0.3,1994,6.0,1.8,2.2,0.2,https://www.sports-reference.com/cbb/players/shawnelle-scott-1.html,1994
44,IND,Damon Bailey,Indiana,,,,,,,,,,,,,,1994,,,,,https://www.sports-reference.com/cbb/players/damon-bailey-1.html,1994
45,GSW,Dwayne Morton,Louisville,1.0,41.0,395.0,167.0,58.0,18.0,0.388,0.36,0.682,0.2,0.025,-3.5,-0.1,1994,9.6,4.1,1.4,0.4,https://www.sports-reference.com/cbb/players/dwayne-morton-1.html,1994
46,MIL,Voshon Lenard,Minnesota,11.0,565.0,15349.0,6745.0,1609.0,1180.0,0.415,0.384,0.787,29.6,0.093,0.0,7.9,1994,27.2,11.9,2.8,2.1,https://www.sports-reference.com/cbb/players/voshon-lenard-1.html,1994
47,UTA,Jamie Watson,South Carolina,4.0,102.0,1248.0,323.0,149.0,117.0,0.468,0.316,0.694,1.2,0.045,-1.5,0.2,1994,12.2,3.2,1.5,1.1,https://www.sports-reference.com/cbb/players/jamie-watson-1.html,1994
48,DET,Jevon Crudup,Missouri,,,,,,,,,,,,,,1994,,,,,https://www.sports-reference.com/cbb/players/jevon-crudup-1.html,1994
49,CHI,Kris Bruton,Benedict College,,,,,,,,,,,,,,1994,,,,,https://www.sports-reference.com/cbb/players/kris-bruton-1.html,1994
50,PHO,Charles Claxton,Georgia,1.0,3.0,7.0,2.0,2.0,0.0,0.5,,0.0,0.0,-0.179,-18.9,0.0,1994,2.3,0.7,0.7,0.0,https://www.sports-reference.com/cbb/players/charles-claxton-1.html,1994
51,SAC,Lawrence Funderburke,Ohio State,7.0,318.0,4726.0,2031.0,1142.0,183.0,0.506,0.118,0.675,12.9,0.131,-0.5,1.8,1994,14.9,6.4,3.6,0.6,https://www.sports-reference.com/cbb/players/lawrence-funderburke-1.html,1994
52,PHO,Anthony Goldwire,Houston,8.0,266.0,4951.0,1667.0,359.0,737.0,0.407,0.386,0.792,6.4,0.062,-1.8,0.3,1994,18.6,6.3,1.3,2.8,https://www.sports-reference.com/cbb/players/anthony-goldwire-1.html,1994
53,HOU,Albert Burditt,Texas,,,,,,,,,,,,,,1994,,,,,https://www.sports-reference.com/cbb/players/albert-burditt-1.html,1994
54,OKC,Željko Rebrača,,5.0,215.0,3280.0,1276.0,688.0,88.0,0.527,,0.792,8.3,0.121,-2.2,-0.2,1994,15.3,5.9,3.2,0.4,,1994
1,GSW,Joe Smith,Maryland,16.0,1030.0,27022.0,11208.0,6575.0,1010.0,0.455,0.238,0.79,60.3,0.107,-1.5,3.0,1995,26.2,10.9,6.4,1.0,https://www.sports-reference.com/cbb/players/joe-smith-1.html,1995
2,LAC,Antonio McDyess,Alabama,15.0,1015.0,28053.0,12227.0,7638.0,1300.0,0.497,0.117,0.67,69.8,0.119,-0.1,13.2,1995,27.6,12.0,7.5,1.3,https://www.sports-reference.com/cbb/players/antonio-mcdyess-1.html,1995
3,PHI,Jerry Stackhouse,UNC,18.0,970.0,30222.0,16409.0,3067.0,3240.0,0.409,0.309,0.822,52.4,0.083,0.3,17.4,1995,31.2,16.9,3.2,3.3,https://www.sports-reference.com/cbb/players/jerry-stackhouse-1.html,1995
4,WAS,Rasheed Wallace,UNC,16.0,1109.0,36243.0,16006.0,7404.0,1994.0,0.467,0.336,0.721,105.1,0.139,2.2,38.3,1995,32.7,14.4,6.7,1.8,https://www.sports-reference.com/cbb/players/rasheed-wallace-1.html,1995
5,MIN,Kevin Garnett,,21.0,1462.0,50418.0,26071.0,14662.0,5445.0,0.497,0.275,0.789,191.4,0.182,5.6,96.9,1995,34.5,17.8,10.0,3.7,,1995
6,MEM,Bryant Reeves,Oklahoma State,6.0,395.0,12071.0,4945.0,2745.0,623.0,0.475,0.074,0.703,13.0,0.052,-3.4,-4.3,1995,30.6,12.5,6.9,1.6,https://www.sports-reference.com/cbb/players/bryant-reeves-1.html,1995
7,TOR,Damon Stoudamire,Arizona,13.0,878.0,29106.0,11763.0,3039.0,5371.0,0.406,0.357,0.833,55.4,0.091,0.3,16.8,1995,33.2,13.4,3.5,6.1,https://www.sports-reference.com/cbb/players/damon-stoudamire-1.html,1995
8,POR,Shawn Respert,Michigan State,4.0,172.0,2350.0,851.0,226.0,177.0,0.414,0.34,0.816,2.1,0.043,-2.3,-0.2,1995,13.7,4.9,1.3,1.0,https://www.sports-reference.com/cbb/players/shawn-respert-1.html,1995
9,BRK,Ed O'Bannon,UCLA,2.0,128.0,2062.0,634.0,316.0,102.0,0.367,0.222,0.755,1.1,0.025,-3.5,-0.7,1995,16.1,5.0,2.5,0.8,https://www.sports-reference.com/cbb/players/ed-o'bannon-1.html,1995
10,MIA,Kurt Thomas,TCU,18.0,1110.0,27160.0,8973.0,7328.0,1204.0,0.486,0.281,0.76,64.2,0.114,-0.8,8.6,1995,24.5,8.1,6.6,1.1,https://www.sports-reference.com/cbb/players/kurt-thomas-1.html,1995
11,MIL,Gary Trent,Ohio University,9.0,506.0,9866.0,4366.0,2276.0,504.0,0.501,0.08,0.643,23.2,0.113,-1.0,2.4,1995,19.5,8.6,4.5,1.0,https://www.sports-reference.com/cbb/players/gary-trent-1.html,1995
12,DAL,Cherokee Parks,Duke,9.0,472.0,7459.0,2056.0,1703.0,265.0,0.47,0.211,0.63,11.8,0.076,-2.4,-0.7,1995,15.8,4.4,3.6,0.6,https://www.sports-reference.com/cbb/players/cherokee-parks-1.html,1995
13,SAC,Corliss Williamson,Arkansas,12.0,822.0,18749.0,9147.0,3183.0,972.0,0.49,0.136,0.714,34.7,0.089,-2.0,-0.1,1995,22.8,11.1,3.9,1.2,https://www.sports-reference.com/cbb/players/corliss-williamson-1.html,1995
14,BOS,Eric Williams,Providence,12.0,658.0,15731.0,5642.0,2139.0,936.0,0.415,0.318,0.736,23.2,0.071,-2.4,-1.5,1995,23.9,8.6,3.3,1.4,https://www.sports-reference.com/cbb/players/eric-williams-1.html,1995
15,DEN,Brent Barry,Oregon State,14.0,912.0,23643.0,8488.0,2780.0,2892.0,0.46,0.405,0.823,70.5,0.143,2.6,27.7,1995,25.9,9.3,3.0,3.2,https://www.sports-reference.com/cbb/players/brent-barry-1.html,1995
16,ATL,Alan Henderson,Indiana,12.0,652.0,13780.0,5094.0,3249.0,397.0,0.469,0.192,0.639,28.0,0.097,-1.8,0.6,1995,21.1,7.8,5.0,0.6,https://www.sports-reference.com/cbb/players/alan-henderson-1.html,1995
17,CLE,Bob Sura,Florida State,10.0,657.0,15597.0,5654.0,2240.0,2474.0,0.414,0.325,0.689,28.3,0.087,0.4,9.4,1995,23.7,8.6,3.4,3.8,https://www.sports-reference.com/cbb/players/bob-sura-1.html,1995
18,DET,Theo Ratliff,Wyoming,16.0,810.0,20500.0,5809.0,4596.0,465.0,0.496,0.0,0.71,47.9,0.112,0.0,10.3,1995,25.3,7.2,5.7,0.6,https://www.sports-reference.com/cbb/players/theo-ratliff-1.html,1995
19,DET,Randolph Childress,Wake Forest,2.0,51.0,405.0,124.0,25.0,49.0,0.328,0.273,0.8,-0.2,-0.026,-5.7,-0.4,1995,7.9,2.4,0.5,1.0,https://www.sports-reference.com/cbb/players/randolph-childress-1.html,1995
20,CHI,Jason Caffey,Alabama,8.0,462.0,9045.0,3368.0,2022.0,420.0,0.481,0.0,0.637,13.5,0.072,-3.6,-3.6,1995,19.6,7.3,4.4,0.9,https://www.sports-reference.com/cbb/players/jason-caffey-1.html,1995
21,PHO,Michael Finley,Wisconsin,15.0,1103.0,37996.0,17306.0,4804.0,3245.0,0.444,0.375,0.811,85.2,0.108,1.0,28.8,1995,34.4,15.7,4.4,2.9,https://www.sports-reference.com/cbb/players/michael-finley-1.html,1995
22,CHA,George Zídek,UCLA,3.0,135.0,1328.0,453.0,286.0,32.0,0.408,0.25,0.783,0.8,0.029,-7.5,-1.8,1995,9.8,3.4,2.1,0.2,https://www.sports-reference.com/cbb/players/george-zídek-1.html,1995
23,IND,Travis Best,Georgia Tech,10.0,708.0,15150.0,5376.0,1249.0,2444.0,0.431,0.345,0.835,30.9,0.098,-0.4,6.0,1995,21.4,7.6,1.8,3.5,https://www.sports-reference.com/cbb/players/travis-best-1.html,1995
24,DAL,Loren Meyer,Iowa State,3.0,140.0,2044.0,645.0,480.0,77.0,0.432,0.348,0.696,0.5,0.012,-7.2,-2.7,1995,14.6,4.6,3.4,0.6,https://www.sports-reference.com/cbb/players/loren-meyer-1.html,1995
25,ORL,David Vaughn,Memphis,4.0,118.0,1156.0,341.0,361.0,36.0,0.423,0.0,0.638,0.6,0.026,-6.4,-1.3,1995,9.8,2.9,3.1,0.3,https://www.sports-reference.com/cbb/players/david-vaughn-1.html,1995
26,OKC,Sherell Ford,University of Illinois at Chicago,1.0,28.0,139.0,90.0,24.0,5.0,0.375,0.16,0.765,0.4,0.124,-5.2,-0.1,1995,5.0,3.2,0.9,0.2,https://www.sports-reference.com/cbb/players/sherell-ford-1.html,1995
27,PHO,Mario Bennett,Arizona State,4.0,68.0,606.0,269.0,182.0,24.0,0.534,0.333,0.511,1.9,0.153,-0.8,0.2,1995,8.9,4.0,2.7,0.4,https://www.sports-reference.com/cbb/players/mario-bennett-1.html,1995
28,UTA,Greg Ostertag,Kansas,11.0,756.0,14753.0,3512.0,4145.0,443.0,0.486,0.1,0.569,33.8,0.11,-0.6,5.1,1995,19.5,4.6,5.5,0.6,https://www.sports-reference.com/cbb/players/greg-ostertag-1.html,1995
29,SAS,Cory Alexander,Virginia,7.0,307.0,4847.0,1677.0,481.0,834.0,0.389,0.354,0.756,3.0,0.03,-1.7,0.4,1995,15.8,5.5,1.6,2.7,https://www.sports-reference.com/cbb/players/cory-alexander-1.html,1995
30,DET,Lou Roe,UMass,2.0,66.0,479.0,130.0,92.0,21.0,0.333,0.25,0.647,0.0,-0.001,-4.9,-0.4,1995,7.3,2.0,1.4,0.3,https://www.sports-reference.com/cbb/players/lou-roe-1.html,1995
31,CHI,Dragan Tarlać,,1.0,43.0,598.0,103.0,122.0,31.0,0.394,,0.758,-0.2,-0.016,-7.3,-0.8,1995,13.9,2.4,2.8,0.7,,1995
32,WAS,Terrence Rencher,Texas,1.0,36.0,405.0,106.0,44.0,54.0,0.33,0.31,0.674,-0.2,-0.021,-4.0,-0.2,1995,11.3,2.9,1.2,1.5,https://www.sports-reference.com/cbb/players/terrence-rencher-1.html,1995
33,BOS,Junior Burrough,Virginia,1.0,61.0,495.0,189.0,109.0,15.0,0.376,,0.656,-0.2,-0.018,-7.5,-0.7,1995,8.1,3.1,1.8,0.2,https://www.sports-reference.com/cbb/players/junior-burrough-1.html,1995
34,GSW,Andrew DeClercq,Florida,10.0,587.0,9847.0,2815.0,2488.0,339.0,0.507,0.0,0.621,19.3,0.094,-2.9,-2.4,1995,16.8,4.8,4.2,0.6,https://www.sports-reference.com/cbb/players/andrew-declercq-1.html,1995
35,TOR,Jimmy King,Michigan,2.0,64.0,890.0,285.0,112.0,90.0,0.429,0.147,0.691,0.0,0.001,-4.6,-0.6,1995,13.9,4.5,1.8,1.4,https://www.sports-reference.com/cbb/players/jimmy-king-1.html,1995
36,MEM,Lawrence Moten,Syracuse,3.0,119.0,1814.0,747.0,181.0,182.0,0.408,0.299,0.652,0.0,0.001,-2.1,0.0,1995,15.2,6.3,1.5,1.5,https://www.sports-reference.com/cbb/players/lawrence-moten-1.html,1995
37,LAL,Frankie King,Western Carolina University,2.0,13.0,79.0,27.0,16.0,7.0,0.357,0.333,0.75,0.0,0.025,-4.7,-0.1,1995,6.1,2.1,1.2,0.5,https://www.sports-reference.com/cbb/players/frankie-king-1.html,1995
38,MIL,Rashard Griffith,Wisconsin,,,,,,,,,,,,,,1995,,,,,https://www.sports-reference.com/cbb/players/rashard-griffith-1.html,1995
39,CLE,Donny Marshall,UConn,5.0,119.0,919.0,293.0,121.0,36.0,0.321,0.336,0.681,0.9,0.045,-3.8,-0.4,1995,7.7,2.5,1.0,0.3,https://www.sports-reference.com/cbb/players/donny-marshall-1.html,1995
40,GSW,Dwayne Whitfield,Jackson State University,1.0,8.0,122.0,40.0,25.0,2.0,0.433,,0.636,0.0,0.01,-7.2,-0.2,1995,15.3,5.0,3.1,0.3,https://www.sports-reference.com/cbb/players/dwayne-whitfield-1.html,1995
41,HOU,Erik Meek,Duke,,,,,,,,,,,,,,1995,,,,,https://www.sports-reference.com/cbb/players/erik-meek-1.html,1995
42,ATL,Donnie Boyce,Colorado,2.0,30.0,195.0,79.0,25.0,16.0,0.349,0.25,0.5,-0.3,-0.064,-4.9,-0.1,1995,6.5,2.6,0.8,0.5,https://www.sports-reference.com/cbb/players/donnie-boyce-1.html,1995
43,MIL,Eric Snow,Michigan State,13.0,846.0,23132.0,5791.0,2141.0,4245.0,0.424,0.208,0.763,43.4,0.09,-1.0,5.9,1995,27.3,6.8,2.5,5.0,https://www.sports-reference.com/cbb/players/eric-snow-1.html,1995
44,DEN,Anthony Pelle,Fresno State,,,,,,,,,,,,,,1995,,,,,https://www.sports-reference.com/cbb/players/anthony-pelle-1.html,1995
45,ATL,Troy Brown,Providence,,,,,,,,,,,,,,1995,,,,,https://www.sports-reference.com/cbb/players/troy-brown-1.html,1995
46,MIA,George Banks,Texas-El Paso,,,,,,,,,,,,,,1995,,,,,https://www.sports-reference.com/cbb/players/george-banks-1.html,1995
47,SAC,Tyus Edney,UCLA,4.0,226.0,4743.0,1728.0,393.0,910.0,0.405,0.322,0.806,6.8,0.068,-1.5,0.7,1995,21.0,7.6,1.7,4.0,https://www.sports-reference.com/cbb/players/tyus-edney-1.html,1995
48,MIN,Mark Davis,Texas Tech,5.0,230.0,3681.0,1261.0,697.0,294.0,0.442,0.246,0.655,2.3,0.03,-2.4,-0.4,1995,16.0,5.5,3.0,1.3,https://www.sports-reference.com/cbb/players/mark-davis-1.html,1995
49,MIN,Jerome Allen,Penn,2.0,117.0,1305.0,336.0,123.0,201.0,0.35,0.317,0.63,0.2,0.006,-3.2,-0.4,1995,11.2,2.9,1.1,1.7,https://www.sports-reference.com/cbb/players/jerome-allen-1.html,1995
50,GSW,Martin Lewis,Seward County Community College,2.0,25.0,239.0,89.0,35.0,7.0,0.473,0.3,0.593,0.1,0.026,-5.0,-0.2,1995,9.6,3.6,1.4,0.3,https://www.sports-reference.com/cbb/players/martin-lewis-1.html,1995
51,SAC,Dejan Bodiroga,,,,,,,,,,,,,,,1995,,,,,,1995
52,IND,Fred Hoiberg,Iowa State,10.0,541.0,9978.0,2944.0,1438.0,846.0,0.431,0.396,0.854,27.6,0.133,1.2,8.0,1995,18.4,5.4,2.7,1.6,https://www.sports-reference.com/cbb/players/fred-hoiberg-1.html,1995
53,LAC,Constantin Popa,Miami (FL),,,,,,,,,,,,,,1995,,,,,https://www.sports-reference.com/cbb/players/constantin-popa-1.html,1995
54,OKC,Eurelijus Žukauskas,,,,,,,,,,,,,,,1995,,,,,,1995
55,GSW,Michael McDonald,New Orleans,1.0,1.0,4.0,0.0,1.0,0.0,,,,-0.1,-0.638,-32.4,0.0,1995,4.0,0.0,1.0,0.0,https://www.sports-reference.com/cbb/players/michael-mcdonald-1.html,1995
56,PHO,Chris Carr,Southern Illinois,6.0,297.0,4505.0,1988.0,658.0,294.0,0.416,0.338,0.807,3.9,0.042,-3.0,-1.1,1995,15.2,6.7,2.2,1.0,https://www.sports-reference.com/cbb/players/chris-carr-1.html,1995
57,ATL,Cuonzo Martin,Purdue,2.0,7.0,32.0,9.0,3.0,3.0,0.25,0.6,0.0,-0.1,-0.151,-6.3,0.0,1995,4.6,1.3,0.4,0.4,https://www.sports-reference.com/cbb/players/cuonzo-martin-1.html,1995
58,DET,Don Reid,Georgetown,8.0,403.0,5374.0,1454.0,1169.0,143.0,0.53,0.0,0.658,13.7,0.123,-2.1,-0.2,1995,13.3,3.6,2.9,0.4,https://www.sports-reference.com/cbb/players/don-reid-1.html,1995
1,PHI,Allen Iverson,Georgetown,14.0,914.0,37584.0,24368.0,3394.0,5624.0,0.425,0.313,0.78,99.0,0.126,3.2,49.6,1996,41.1,26.7,3.7,6.2,https://www.sports-reference.com/cbb/players/allen-iverson-1.html,1996
2,TOR,Marcus Camby,UMass,17.0,973.0,28684.0,9262.0,9513.0,1837.0,0.466,0.205,0.67,81.6,0.137,2.3,31.3,1996,29.5,9.5,9.8,1.9,https://www.sports-reference.com/cbb/players/marcus-camby-1.html,1996
3,MEM,Shareef Abdur-Rahim,California,12.0,830.0,28882.0,15028.0,6239.0,2109.0,0.472,0.297,0.81,71.2,0.118,1.0,21.9,1996,34.8,18.1,7.5,2.5,https://www.sports-reference.com/cbb/players/shareef-abdur-rahim-1.html,1996
4,MIL,Stephon Marbury,Georgia Tech,13.0,846.0,31891.0,16297.0,2516.0,6471.0,0.433,0.325,0.784,77.5,0.117,1.8,30.7,1996,37.7,19.3,3.0,7.6,https://www.sports-reference.com/cbb/players/stephon-marbury-1.html,1996
5,MIN,Ray Allen,UConn,18.0,1300.0,46344.0,24505.0,5272.0,4361.0,0.452,0.4,0.894,145.1,0.15,2.9,57.6,1996,35.6,18.9,4.1,3.4,https://www.sports-reference.com/cbb/players/ray-allen-1.html,1996
6,BOS,Antoine Walker,Kentucky,12.0,893.0,31531.0,15647.0,6891.0,3170.0,0.414,0.325,0.633,38.1,0.058,0.3,18.0,1996,35.3,17.5,7.7,3.5,https://www.sports-reference.com/cbb/players/antoine-walker-1.html,1996
7,LAC,Lorenzen Wright,Memphis,13.0,778.0,18535.0,6191.0,4943.0,622.0,0.459,0.069,0.645,30.5,0.079,-2.6,-3.0,1996,23.8,8.0,6.4,0.8,https://www.sports-reference.com/cbb/players/lorenzen-wright-1.html,1996
8,BRK,Kerry Kittles,Villanova,8.0,507.0,16929.0,7165.0,1983.0,1295.0,0.439,0.378,0.78,44.8,0.127,2.2,18.0,1996,33.4,14.1,3.9,2.6,https://www.sports-reference.com/cbb/players/kerry-kittles-1.html,1996
9,DAL,Samaki Walker,Louisville,10.0,445.0,7612.0,2376.0,2089.0,252.0,0.462,0.111,0.63,14.2,0.089,-2.6,-1.1,1996,17.1,5.3,4.7,0.6,https://www.sports-reference.com/cbb/players/samaki-walker-1.html,1996
10,IND,Erick Dampier,Mississippi State,16.0,987.0,24003.0,7309.0,7005.0,817.0,0.498,0.125,0.626,52.7,0.105,-1.3,4.1,1996,24.3,7.4,7.1,0.8,https://www.sports-reference.com/cbb/players/erick-dampier-1.html,1996
11,GSW,Todd Fuller,NC State,5.0,225.0,2500.0,835.0,674.0,46.0,0.422,0.0,0.668,2.2,0.041,-5.7,-2.3,1996,11.1,3.7,3.0,0.2,https://www.sports-reference.com/cbb/players/todd-fuller-1.html,1996
12,CLE,Vitaly Potapenko,Wright State University,11.0,610.0,11608.0,3995.0,2725.0,418.0,0.479,0.167,0.694,15.5,0.064,-4.0,-5.9,1996,19.0,6.5,4.5,0.7,https://www.sports-reference.com/cbb/players/vitaly-potapenko-1.html,1996
13,CHA,Kobe Bryant,,20.0,1346.0,48637.0,33643.0,7047.0,6306.0,0.447,0.329,0.837,172.7,0.17,4.6,80.1,1996,36.1,25.0,5.2,4.7,,1996
14,SAC,Peja Stojaković,,13.0,804.0,26966.0,13647.0,3782.0,1408.0,0.45,0.401,0.895,82.6,0.147,1.9,26.2,1996,33.5,17.0,4.7,1.8,,1996
15,PHO,Steve Nash,Santa Clara,18.0,1217.0,38069.0,17387.0,3642.0,10335.0,0.49,0.428,0.904,129.7,0.164,3.0,48.2,1996,31.3,14.3,3.0,8.5,https://www.sports-reference.com/cbb/players/steve-nash-1.html,1996
16,CHA,Tony Delk,Kentucky,10.0,545.0,11702.0,4957.0,1351.0,1024.0,0.408,0.343,0.769,19.5,0.08,-0.4,4.8,1996,21.5,9.1,2.5,1.9,https://www.sports-reference.com/cbb/players/tony-delk-1.html,1996
17,POR,Jermaine O'Neal,,18.0,1011.0,27364.0,13309.0,7261.0,1369.0,0.467,0.147,0.715,66.0,0.116,0.3,15.6,1996,27.1,13.2,7.2,1.4,,1996
18,NYK,John Wallace,Syracuse,7.0,381.0,6143.0,2901.0,1061.0,281.0,0.462,0.3,0.74,6.4,0.05,-2.7,-1.0,1996,16.1,7.6,2.8,0.7,https://www.sports-reference.com/cbb/players/john-wallace-1.html,1996
19,NYK,Walter McCarty,Kentucky,10.0,593.0,10374.0,3056.0,1554.0,670.0,0.392,0.346,0.698,13.7,0.064,-1.7,0.8,1996,17.5,5.2,2.6,1.1,https://www.sports-reference.com/cbb/players/walter-mccarty-1.html,1996
20,CLE,Zydrunas Ilgauskas,,13.0,843.0,22965.0,10976.0,6191.0,955.0,0.476,0.31,0.78,66.3,0.139,-0.2,10.2,1996,27.2,13.0,7.3,1.1,,1996
21,NYK,Dontae' Jones,Mississippi State,1.0,15.0,91.0,44.0,9.0,5.0,0.333,0.261,,-0.3,-0.175,-10.9,-0.2,1996,6.1,2.9,0.6,0.3,https://www.sports-reference.com/cbb/players/dontae'-jones-1.html,1996
22,MEM,Roy Rogers,Alabama,3.0,137.0,2309.0,652.0,483.0,57.0,0.483,0.5,0.532,1.7,0.035,-3.7,-1.0,1996,16.9,4.8,3.5,0.4,https://www.sports-reference.com/cbb/players/roy-rogers-1.html,1996
23,DEN,Efthimios Rentzias,,1.0,35.0,144.0,52.0,26.0,7.0,0.339,0.5,0.889,0.2,0.058,-3.8,-0.1,1996,4.1,1.5,0.7,0.2,,1996
24,LAL,Derek Fisher,Little Rock,18.0,1287.0,32719.0,10713.0,2658.0,3804.0,0.399,0.374,0.817,62.3,0.091,-0.9,8.9,1996,25.4,8.3,2.1,3.0,https://www.sports-reference.com/cbb/players/derek-fisher-1.html,1996
25,UTA,Martin Müürsepp,,2.0,83.0,951.0,389.0,181.0,50.0,0.425,0.323,0.693,2.0,0.1,-1.6,0.1,1996,11.5,4.7,2.2,0.6,,1996
26,DET,Jerome Williams,Georgetown,9.0,587.0,12755.0,3865.0,3743.0,474.0,0.502,0.038,0.645,37.9,0.143,0.3,7.4,1996,21.7,6.6,6.4,0.8,https://www.sports-reference.com/cbb/players/jerome-williams-1.html,1996
27,ORL,Brian Evans,Indiana,3.0,102.0,1097.0,375.0,164.0,77.0,0.381,0.343,0.82,1.7,0.076,-0.8,0.3,1996,10.8,3.7,1.6,0.8,https://www.sports-reference.com/cbb/players/brian-evans-1.html,1996
28,ATL,Priest Lauderdale,Central State University,2.0,74.0,525.0,255.0,143.0,33.0,0.472,0.0,0.554,-0.8,-0.074,-7.9,-0.8,1996,7.1,3.4,1.9,0.4,https://www.sports-reference.com/cbb/players/priest-lauderdale-1.html,1996
29,CHI,Travis Knight,UConn,7.0,371.0,4566.0,1276.0,1160.0,224.0,0.438,0.259,0.696,7.9,0.083,-3.0,-1.1,1996,12.3,3.4,3.1,0.6,https://www.sports-reference.com/cbb/players/travis-knight-1.html,1996
30,HOU,Othella Harrington,Georgetown,12.0,709.0,13924.0,5212.0,3130.0,443.0,0.505,0.0,0.738,23.1,0.08,-3.4,-4.9,1996,19.6,7.4,4.4,0.6,https://www.sports-reference.com/cbb/players/othella-harrington-1.html,1996
31,PHI,Mark Hendrickson,Washington State,4.0,114.0,1508.0,381.0,316.0,63.0,0.416,0.167,0.803,2.1,0.067,-3.8,-0.7,1996,13.2,3.3,2.8,0.6,https://www.sports-reference.com/cbb/players/mark-hendrickson-1.html,1996
32,PHI,Ryan Minor,Oklahoma,,,,,,,,,,,,,,1996,,,,,https://www.sports-reference.com/cbb/players/ryan-minor-1.html,1996
33,MIL,Moochie Norris,University of West Florida,9.0,445.0,7640.0,2272.0,868.0,1233.0,0.401,0.286,0.74,10.0,0.063,-1.4,1.2,1996,17.2,5.1,2.0,2.8,https://www.sports-reference.com/cbb/players/moochie-norris-1.html,1996
34,DAL,Shawn Harvey,West Virginia State University,,,,,,,,,,,,,,1996,,,,,https://www.sports-reference.com/cbb/players/shawn-harvey-1.html,1996
35,OKC,Joseph Blair,Arizona,,,,,,,,,,,,,,1996,,,,,https://www.sports-reference.com/cbb/players/joseph-blair-1.html,1996
36,LAC,Doron Sheffer,UConn,,,,,,,,,,,,,,1996,,,,,https://www.sports-reference.com/cbb/players/doron-sheffer-1.html,1996
37,DEN,Jeff McInnis,UNC,11.0,576.0,15927.0,5396.0,1170.0,2514.0,0.431,0.328,0.796,23.1,0.07,-2.1,-0.3,1996,27.7,9.4,2.0,4.4,https://www.sports-reference.com/cbb/players/jeff-mcinnis-1.html,1996
38,BOS,Steve Hamer,Tennessee,1.0,35.0,268.0,76.0,60.0,7.0,0.526,0.0,0.552,0.2,0.031,-6.5,-0.3,1996,7.7,2.2,1.7,0.2,https://www.sports-reference.com/cbb/players/steve-hamer-1.html,1996
39,PHO,Russ Millard,Iowa,,,,,,,,,,,,,,1996,,,,,https://www.sports-reference.com/cbb/players/russ-millard-1.html,1996
40,GSW,Marcus Mann,Mississippi Valley State University,,,,,,,,,,,,,,1996,,,,,https://www.sports-reference.com/cbb/players/marcus-mann-1.html,1996
41,SAC,Jason Sasser,Texas Tech,2.0,14.0,108.0,30.0,15.0,4.0,0.412,0.333,0.5,0.0,-0.014,-5.7,-0.1,1996,7.7,2.1,1.1,0.3,https://www.sports-reference.com/cbb/players/jason-sasser-1.html,1996
42,HOU,Randy Livingston,LSU,11.0,203.0,2684.0,773.0,282.0,415.0,0.406,0.351,0.771,2.3,0.041,-2.5,-0.3,1996,13.2,3.8,1.4,2.0,https://www.sports-reference.com/cbb/players/randy-livingston-1.html,1996
43,PHO,Ben Davis,Arizona,4.0,40.0,154.0,54.0,53.0,5.0,0.356,,0.462,0.1,0.04,-5.5,-0.1,1996,3.9,1.4,1.3,0.1,https://www.sports-reference.com/cbb/players/ben-davis-1.html,1996
44,CHA,Malik Rose,Drexel,13.0,813.0,13404.0,5003.0,3371.0,684.0,0.437,0.177,0.743,26.5,0.095,-2.1,-0.4,1996,16.5,6.2,4.1,0.8,https://www.sports-reference.com/cbb/players/malik-rose-1.html,1996
45,OKC,Joe Vogel,Colorado State,,,,,,,,,,,,,,1996,,,,,https://www.sports-reference.com/cbb/players/joe-vogel-1.html,1996
46,POR,Marcus Brown,Murray State,2.0,27.0,229.0,92.0,22.0,23.0,0.381,0.333,0.714,0.3,0.066,-2.6,0.0,1996,8.5,3.4,0.8,0.9,https://www.sports-reference.com/cbb/players/marcus-brown-1.html,1996
47,OKC,Ron Riley,Arizona State,,,,,,,,,,,,,,1996,,,,,https://www.sports-reference.com/cbb/players/ron-riley-1.html,1996
48,PHI,Jamie Feick,Michigan State,5.0,201.0,4316.0,911.0,1437.0,139.0,0.424,0.4,0.629,8.2,0.091,-2.7,-0.7,1996,21.5,4.5,7.1,0.7,https://www.sports-reference.com/cbb/players/jamie-feick-1.html,1996
49,ORL,Amal McCaskill,Marquette,4.0,114.0,968.0,204.0,213.0,36.0,0.377,0.0,0.609,0.5,0.024,-4.7,-0.7,1996,8.5,1.8,1.9,0.3,https://www.sports-reference.com/cbb/players/amal-mccaskill-1.html,1996
50,HOU,Terrell Bell,Georgia,,,,,,,,,,,,,,1996,,,,,https://www.sports-reference.com/cbb/players/terrell-bell-1.html,1996
51,MEM,Chris Robinson,Western Kentucky,2.0,76.0,1095.0,350.0,117.0,104.0,0.376,0.374,0.571,-0.1,-0.003,-4.0,-0.6,1996,14.4,4.6,1.5,1.4,https://www.sports-reference.com/cbb/players/chris-robinson-1.html,1996
52,IND,Mark Pope,Kentucky,6.0,153.0,1634.0,285.0,261.0,63.0,0.401,0.179,0.573,1.3,0.038,-4.3,-0.9,1996,10.7,1.9,1.7,0.4,https://www.sports-reference.com/cbb/players/mark-pope-1.html,1996
53,MIL,Jeff Nordgaard,Green Bay,1.0,13.0,48.0,18.0,14.0,3.0,0.278,,0.889,0.0,0.043,-3.7,0.0,1996,3.7,1.4,1.1,0.2,https://www.sports-reference.com/cbb/players/jeff-nordgaard-1.html,1996
54,UTA,Shandon Anderson,Georgia,10.0,719.0,15946.0,5327.0,2252.0,1007.0,0.457,0.316,0.739,23.6,0.071,-1.3,3.0,1996,22.2,7.4,3.1,1.4,https://www.sports-reference.com/cbb/players/shandon-anderson-1.html,1996
55,WAS,Ronnie Henderson,LSU,,,,,,,,,,,,,,1996,,,,,https://www.sports-reference.com/cbb/players/ronnie-henderson-1.html,1996
56,CLE,Reggie Geary,Arizona,2.0,101.0,931.0,209.0,82.0,110.0,0.344,0.328,0.493,0.6,0.032,-2.5,-0.1,1996,9.2,2.1,0.8,1.1,https://www.sports-reference.com/cbb/players/reggie-geary-1.html,1996
57,OKC,Drew Barry,Georgia Tech,3.0,60.0,598.0,134.0,67.0,111.0,0.417,0.381,0.774,0.6,0.051,-3.5,-0.2,1996,10.0,2.2,1.1,1.9,https://www.sports-reference.com/cbb/players/drew-barry-1.html,1996
58,DAL,Darnell Robinson,Arkansas,,,,,,,,,,,,,,1996,,,,,https://www.sports-reference.com/cbb/players/darnell-robinson-1.html,1996
1,SAS,Tim Duncan,Wake Forest,19.0,1392.0,47368.0,26496.0,15091.0,4225.0,0.506,0.179,0.696,206.4,0.209,5.6,91.1,1997,34.0,19.0,10.8,3.0,https://www.sports-reference.com/cbb/players/tim-duncan-1.html,1997
2,PHI,Keith Van Horn,Utah,9.0,575.0,18150.0,9206.0,3909.0,900.0,0.443,0.361,0.835,41.7,0.11,0.1,9.6,1997,31.6,16.0,6.8,1.6,https://www.sports-reference.com/cbb/players/keith-van-horn-1.html,1997
3,BOS,Chauncey Billups,Colorado,17.0,1043.0,33008.0,15802.0,2992.0,5636.0,0.415,0.387,0.894,120.8,0.176,3.2,43.5,1997,31.6,15.2,2.9,5.4,https://www.sports-reference.com/cbb/players/chauncey-billups-1.html,1997
4,MEM,Antonio Daniels,Bowling Green,13.0,872.0,19671.0,6623.0,1613.0,2934.0,0.444,0.311,0.793,47.0,0.115,0.0,10.1,1997,22.6,7.6,1.8,3.4,https://www.sports-reference.com/cbb/players/antonio-daniels-1.html,1997
5,DEN,Tony Battie,Texas Tech,14.0,837.0,17649.0,5082.0,4287.0,522.0,0.488,0.162,0.69,36.4,0.099,-1.8,0.8,1997,21.1,6.1,5.1,0.6,https://www.sports-reference.com/cbb/players/tony-battie-1.html,1997
6,BOS,Ron Mercer,Kentucky,8.0,432.0,13418.0,5892.0,1342.0,921.0,0.429,0.25,0.808,9.4,0.034,-2.7,-2.5,1997,31.1,13.6,3.1,2.1,https://www.sports-reference.com/cbb/players/ron-mercer-1.html,1997
7,BRK,Tim Thomas,Villanova,13.0,824.0,21336.0,9454.0,3379.0,1272.0,0.437,0.369,0.758,35.2,0.079,-0.8,6.4,1997,25.9,11.5,4.1,1.5,https://www.sports-reference.com/cbb/players/tim-thomas-1.html,1997
8,GSW,Adonal Foyle,Colgate,12.0,733.0,13060.0,2989.0,3461.0,344.0,0.477,0.0,0.499,18.7,0.069,-1.7,1.1,1997,17.8,4.1,4.7,0.5,https://www.sports-reference.com/cbb/players/adonal-foyle-1.html,1997
9,TOR,Tracy McGrady,,15.0,938.0,30658.0,18381.0,5276.0,4161.0,0.435,0.338,0.746,97.3,0.152,5.2,55.7,1997,32.7,19.6,5.6,4.4,,1997
10,MIL,Danny Fortson,Cincinnati,10.0,440.0,8832.0,3615.0,3184.0,301.0,0.472,0.167,0.785,22.3,0.121,-3.2,-2.6,1997,20.1,8.2,7.2,0.7,https://www.sports-reference.com/cbb/players/danny-fortson-1.html,1997
11,SAC,Tariq Abdul-Wahad,San Jose State,6.0,236.0,4807.0,1830.0,776.0,266.0,0.417,0.237,0.703,3.5,0.035,-3.0,-1.2,1997,20.4,7.8,3.3,1.1,https://www.sports-reference.com/cbb/players/tariq-abdul-wahad-1.html,1997
12,IND,Austin Croshere,Providence,12.0,659.0,11480.0,4475.0,2649.0,627.0,0.407,0.34,0.861,27.6,0.115,-0.1,5.6,1997,17.4,6.8,4.0,1.0,https://www.sports-reference.com/cbb/players/austin-croshere-1.html,1997
13,CLE,Derek Anderson,Kentucky,11.0,615.0,17975.0,7357.0,1988.0,2083.0,0.408,0.341,0.853,43.9,0.117,1.0,13.5,1997,29.2,12.0,3.2,3.4,https://www.sports-reference.com/cbb/players/derek-anderson-1.html,1997
14,LAC,Maurice Taylor,Michigan,9.0,534.0,13324.0,5889.0,2452.0,623.0,0.466,0.152,0.711,9.9,0.036,-3.6,-5.3,1997,25.0,11.0,4.6,1.2,https://www.sports-reference.com/cbb/players/maurice-taylor-1.html,1997
15,DAL,Kelvin Cato,Iowa State,10.0,541.0,10617.0,2960.0,2874.0,244.0,0.507,0.077,0.644,28.6,0.129,-0.3,4.4,1997,19.6,5.5,5.3,0.5,https://www.sports-reference.com/cbb/players/kelvin-cato-1.html,1997
16,CLE,Brevin Knight,Stanford,12.0,729.0,18176.0,5342.0,1785.0,4481.0,0.412,0.134,0.789,32.6,0.086,0.3,10.5,1997,24.9,7.3,2.4,6.1,https://www.sports-reference.com/cbb/players/brevin-knight-1.html,1997
17,ORL,Johnny Taylor,Chattanooga,3.0,54.0,866.0,256.0,120.0,26.0,0.402,0.394,0.718,0.1,0.007,-4.0,-0.4,1997,16.0,4.7,2.2,0.5,https://www.sports-reference.com/cbb/players/johnny-taylor-1.html,1997
18,POR,Chris Anstey,,3.0,155.0,2157.0,813.0,534.0,127.0,0.413,0.138,0.755,2.8,0.062,-2.9,-0.5,1997,13.9,5.2,3.4,0.8,,1997
19,DET,Scot Pollard,Kansas,11.0,506.0,8372.0,2222.0,2351.0,220.0,0.494,0.0,0.709,26.6,0.153,-0.6,2.9,1997,16.5,4.4,4.6,0.4,https://www.sports-reference.com/cbb/players/scot-pollard-1.html,1997
20,MIN,Paul Grant,Wisconsin,2.0,16.0,111.0,29.0,18.0,3.0,0.448,,0.375,-0.1,-0.043,-8.7,-0.2,1997,6.9,1.8,1.1,0.2,https://www.sports-reference.com/cbb/players/paul-grant-1.html,1997
21,BRK,Anthony Parker,Bradley,9.0,494.0,13752.0,4478.0,1574.0,1129.0,0.444,0.404,0.794,24.5,0.085,-0.2,6.1,1997,27.8,9.1,3.2,2.3,https://www.sports-reference.com/cbb/players/anthony-parker-1.html,1997
22,ATL,Ed Gray,California,2.0,60.0,809.0,373.0,73.0,46.0,0.339,0.341,0.814,0.1,0.009,-4.0,-0.4,1997,13.5,6.2,1.2,0.8,https://www.sports-reference.com/cbb/players/ed-gray-1.html,1997
23,OKC,Bobby Jackson,Minnesota,12.0,755.0,16790.0,7344.0,2347.0,1945.0,0.417,0.354,0.793,31.4,0.09,0.4,10.0,1997,22.2,9.7,3.1,2.6,https://www.sports-reference.com/cbb/players/bobby-jackson-1.html,1997
24,HOU,Rodrick Rhodes,USC,3.0,72.0,1234.0,380.0,88.0,121.0,0.347,0.2,0.62,-1.6,-0.064,-6.3,-1.3,1997,17.1,5.3,1.2,1.7,https://www.sports-reference.com/cbb/players/rodrick-rhodes-1.html,1997
25,NYK,John Thomas,Minnesota,5.0,208.0,2253.0,560.0,432.0,60.0,0.502,0.0,0.591,3.2,0.067,-4.4,-1.4,1997,10.8,2.7,2.1,0.3,https://www.sports-reference.com/cbb/players/john-thomas-1.html,1997
26,MIA,Charles Smith,New Mexico,5.0,142.0,1973.0,729.0,200.0,124.0,0.409,0.288,0.606,1.5,0.036,-1.1,0.4,1997,13.9,5.1,1.4,0.9,https://www.sports-reference.com/cbb/players/charles-smith-1.html,1997
27,UTA,Jacque Vaughn,Kansas,12.0,776.0,12658.0,3463.0,1028.0,1919.0,0.429,0.352,0.779,15.4,0.058,-3.4,-4.5,1997,16.3,4.5,1.3,2.5,https://www.sports-reference.com/cbb/players/jacque-vaughn-1.html,1997
28,CHI,Keith Booth,Maryland,2.0,45.0,449.0,130.0,97.0,39.0,0.325,0.091,0.563,-0.8,-0.08,-6.1,-0.5,1997,10.0,2.9,2.2,0.9,https://www.sports-reference.com/cbb/players/keith-booth-1.html,1997
29,HOU,Serge Zwikker,UNC,,,,,,,,,,,,,,1997,,,,,https://www.sports-reference.com/cbb/players/serge-zwikker-1.html,1997
30,MIA,Mark Sanford,Washington,,,,,,,,,,,,,,1997,,,,,https://www.sports-reference.com/cbb/players/mark-sanford-1.html,1997
31,DET,Charles O'Bannon,UCLA,2.0,48.0,399.0,120.0,67.0,29.0,0.4,0.0,0.87,0.6,0.07,-2.0,0.0,1997,8.3,2.5,1.4,0.6,https://www.sports-reference.com/cbb/players/charles-o'bannon-1.html,1997
32,DEN,James Cotton,Cal State Long Beach,2.0,19.0,92.0,49.0,16.0,0.0,0.359,0.0,0.778,0.0,0.008,-6.6,-0.1,1997,4.8,2.6,0.8,0.0,https://www.sports-reference.com/cbb/players/james-cotton-1.html,1997
33,PHI,Marko Milič,,2.0,44.0,216.0,108.0,30.0,14.0,0.56,0.429,0.647,0.2,0.047,-2.4,0.0,1997,4.9,2.5,0.7,0.3,,1997
34,DAL,Bubba Wells,Austin Peay State University,1.0,39.0,395.0,128.0,68.0,34.0,0.414,0.167,0.721,0.1,0.013,-3.5,-0.2,1997,10.1,3.3,1.7,0.9,https://www.sports-reference.com/cbb/players/bubba-wells-1.html,1997
35,PHI,Kebu Stewart,Cal State-Bakersfield,1.0,15.0,110.0,40.0,31.0,2.0,0.462,,0.64,0.2,0.098,-1.4,0.0,1997,7.3,2.7,2.1,0.1,https://www.sports-reference.com/cbb/players/kebu-stewart-1.html,1997
36,PHI,James Collins,Florida State,1.0,23.0,103.0,59.0,14.0,3.0,0.382,0.45,0.571,0.0,0.008,-1.0,0.0,1997,4.5,2.6,0.6,0.1,https://www.sports-reference.com/cbb/players/james-collins-1.html,1997
37,GSW,Marc Jackson,Temple,7.0,387.0,7572.0,3238.0,1655.0,311.0,0.446,0.226,0.814,13.0,0.082,-2.7,-1.4,1997,19.6,8.4,4.3,0.8,https://www.sports-reference.com/cbb/players/marc-jackson-1.html,1997
38,MIL,Jerald Honeycutt,Tulane,2.0,54.0,632.0,275.0,105.0,36.0,0.391,0.362,0.632,0.3,0.02,-3.3,-0.2,1997,11.7,5.1,1.9,0.7,https://www.sports-reference.com/cbb/players/jerald-honeycutt-1.html,1997
39,SAC,Anthony Johnson,College of Charleston,13.0,793.0,15552.0,4432.0,1358.0,2274.0,0.414,0.356,0.745,23.2,0.072,-1.5,2.0,1997,19.6,5.6,1.7,2.9,https://www.sports-reference.com/cbb/players/anthony-johnson-1.html,1997
40,OKC,Eddie Elisma,Georgia Tech,,,,,,,,,,,,,,1997,,,,,https://www.sports-reference.com/cbb/players/eddie-elisma-1.html,1997
41,DEN,Jason Lawson,Villanova,1.0,17.0,80.0,26.0,27.0,5.0,0.6,,0.8,0.5,0.28,4.8,0.1,1997,4.7,1.5,1.6,0.3,https://www.sports-reference.com/cbb/players/jason-lawson-1.html,1997
42,PHO,Stephen Jackson,Butler County Community College,14.0,858.0,27398.0,12976.0,3328.0,2634.0,0.414,0.333,0.798,36.1,0.063,-0.4,11.2,1997,31.9,15.1,3.9,3.1,https://www.sports-reference.com/cbb/players/stephen-jackson-1.html,1997
43,MIN,Gordon Malone,West Virginia,,,,,,,,,,,,,,1997,,,,,https://www.sports-reference.com/cbb/players/gordon-malone-1.html,1997
44,CLE,Cedric Henderson,Memphis,5.0,260.0,6182.0,1885.0,755.0,419.0,0.436,0.14,0.715,3.3,0.026,-2.8,-1.3,1997,23.8,7.3,2.9,1.6,https://www.sports-reference.com/cbb/players/cedric-henderson-1.html,1997
45,WAS,God Shammgod,Providence,1.0,20.0,146.0,61.0,7.0,36.0,0.328,0.0,0.767,-0.1,-0.049,-6.2,-0.2,1997,7.3,3.1,0.4,1.8,https://www.sports-reference.com/cbb/players/god-shammgod-1.html,1997
46,ORL,Eric Washington,Alabama,2.0,104.0,2300.0,716.0,216.0,108.0,0.402,0.346,0.757,0.1,0.002,-3.5,-0.9,1997,22.1,6.9,2.1,1.0,https://www.sports-reference.com/cbb/players/eric-washington-1.html,1997
47,POR,Alvin Williams,Villanova,9.0,460.0,12610.0,4161.0,1140.0,1877.0,0.421,0.313,0.76,21.7,0.082,-0.4,4.9,1997,27.4,9.0,2.5,4.1,https://www.sports-reference.com/cbb/players/alvin-williams-1.html,1997
48,WAS,Predrag Drobnjak,,4.0,278.0,5542.0,2187.0,973.0,225.0,0.425,0.34,0.799,5.6,0.048,-3.0,-1.3,1997,19.9,7.9,3.5,0.8,,1997
49,ATL,Alain Digbeau,,,,,,,,,,,,,,,1997,,,,,,1997
50,ATL,Chris Crawford,Marquette,7.0,252.0,3985.0,1654.0,547.0,154.0,0.437,0.347,0.824,6.5,0.078,-2.6,-0.6,1997,15.8,6.6,2.2,0.6,https://www.sports-reference.com/cbb/players/chris-crawford-1.html,1997
51,LAL,DeJuan Wheat,Louisville,2.0,80.0,740.0,265.0,56.0,127.0,0.383,0.39,0.7,0.5,0.034,-1.9,0.0,1997,9.3,3.3,0.7,1.6,https://www.sports-reference.com/cbb/players/dejuan-wheat-1.html,1997
52,MEM,C.J. Bruton,Indian Hills Community College,,,,,,,,,,,,,,1997,,,,,https://www.sports-reference.com/cbb/players/c.j.-bruton-1.html,1997
53,LAL,Paul Rogers,Gonzaga,,,,,,,,,,,,,,1997,,,,,https://www.sports-reference.com/cbb/players/paul-rogers-1.html,1997
54,OKC,Mark Blount,Pitt,9.0,605.0,13981.0,4941.0,2784.0,513.0,0.504,0.359,0.723,18.8,0.065,-2.7,-2.5,1997,23.1,8.2,4.6,0.8,https://www.sports-reference.com/cbb/players/mark-blount-1.html,1997
55,BOS,Ben Pepper,,,,,,,,,,,,,,,1997,,,,,,1997
56,UTA,Nate Erdmann,Oklahoma,,,,,,,,,,,,,,1997,,,,,https://www.sports-reference.com/cbb/players/nate-erdmann-1.html,1997
57,CHI,Roberto Duenas,,,,,,,,,,,,,,,1997,,,,,,1997
1,LAC,Michael Olowokandi,University of the Pacific,9.0,500.0,13129.0,4135.0,3414.0,327.0,0.435,,0.597,2.5,0.009,-4.6,-8.5,1998,26.3,8.3,6.8,0.7,https://www.sports-reference.com/cbb/players/michael-olowokandi-1.html,1998
2,MEM,Mike Bibby,Arizona,14.0,1001.0,33962.0,14698.0,3103.0,5517.0,0.436,0.379,0.802,73.2,0.104,0.8,23.8,1998,33.9,14.7,3.1,5.5,https://www.sports-reference.com/cbb/players/mike-bibby-1.html,1998
3,DEN,Raef LaFrentz,Kansas,10.0,563.0,14545.0,5690.0,3423.0,606.0,0.466,0.363,0.711,39.4,0.13,0.7,9.8,1998,25.8,10.1,6.1,1.1,https://www.sports-reference.com/cbb/players/raef-lafrentz-1.html,1998
4,TOR,Antawn Jamison,UNC,16.0,1083.0,37638.0,20042.0,8157.0,1761.0,0.451,0.346,0.724,87.8,0.112,0.6,24.5,1998,34.8,18.5,7.5,1.6,https://www.sports-reference.com/cbb/players/antawn-jamison-1.html,1998
5,GSW,Vince Carter,UNC,22.0,1541.0,46367.0,25728.0,6606.0,4714.0,0.435,0.371,0.798,125.3,0.13,3.0,57.9,1998,30.1,16.7,4.3,3.1,https://www.sports-reference.com/cbb/players/vince-carter-1.html,1998
6,DAL,Robert Traylor,Michigan,7.0,438.0,6243.0,2085.0,1640.0,312.0,0.474,0.167,0.577,13.3,0.102,-1.6,0.7,1998,14.3,4.8,3.7,0.7,https://www.sports-reference.com/cbb/players/robert-traylor-1.html,1998
7,SAC,Jason Williams,Florida,12.0,788.0,23188.0,8266.0,1810.0,4611.0,0.398,0.327,0.813,38.5,0.08,0.2,12.9,1998,29.4,10.5,2.3,5.9,https://www.sports-reference.com/cbb/players/jason-williams-1.html,1998
8,PHI,Larry Hughes,Saint Louis,13.0,727.0,22368.0,10242.0,3039.0,2290.0,0.406,0.309,0.757,32.3,0.069,-0.1,10.7,1998,30.8,14.1,4.2,3.1,https://www.sports-reference.com/cbb/players/larry-hughes-1.html,1998
9,MIL,Dirk Nowitzki,,21.0,1522.0,51368.0,31560.0,11489.0,3651.0,0.471,0.38,0.879,206.3,0.193,4.5,84.8,1998,33.8,20.7,7.5,2.4,,1998
10,BOS,Paul Pierce,Kansas,19.0,1343.0,45880.0,26397.0,7527.0,4708.0,0.445,0.368,0.806,150.0,0.157,3.7,65.5,1998,34.2,19.7,5.6,3.5,https://www.sports-reference.com/cbb/players/paul-pierce-1.html,1998
11,DET,Bonzi Wells,Ball State University,10.0,591.0,15133.0,7147.0,2737.0,1249.0,0.46,0.327,0.697,29.4,0.093,0.2,8.3,1998,25.6,12.1,4.6,2.1,https://www.sports-reference.com/cbb/players/bonzi-wells-1.html,1998
12,ORL,Michael Doleac,Utah,10.0,587.0,8789.0,2882.0,1955.0,343.0,0.439,0.125,0.791,12.7,0.07,-3.7,-3.7,1998,15.0,4.9,3.3,0.6,https://www.sports-reference.com/cbb/players/michael-doleac-1.html,1998
13,ORL,Keon Clark,UNLV,6.0,353.0,7971.0,2882.0,2096.0,322.0,0.5,0.053,0.645,18.2,0.11,-0.7,2.6,1998,22.6,8.2,5.9,0.9,https://www.sports-reference.com/cbb/players/keon-clark-1.html,1998
14,HOU,Michael Dickerson,Arizona,5.0,212.0,7490.0,3257.0,609.0,553.0,0.432,0.402,0.784,9.6,0.061,-1.3,1.3,1998,35.3,15.4,2.9,2.6,https://www.sports-reference.com/cbb/players/michael-dickerson-1.html,1998
15,ORL,Matt Harpring,Georgia Tech,11.0,665.0,17584.0,7645.0,3366.0,907.0,0.481,0.333,0.753,41.9,0.114,-0.6,6.2,1998,26.4,11.5,5.1,1.4,https://www.sports-reference.com/cbb/players/matt-harpring-1.html,1998
16,HOU,Bryce Drew,Valparaiso,6.0,243.0,3970.0,1081.0,295.0,524.0,0.382,0.371,0.83,2.4,0.03,-3.1,-1.1,1998,16.3,4.4,1.2,2.2,https://www.sports-reference.com/cbb/players/bryce-drew-1.html,1998
17,MIN,Rasho Nesterović,,12.0,811.0,17983.0,5519.0,4143.0,836.0,0.502,0.077,0.585,39.9,0.107,-0.9,5.0,1998,22.2,6.8,5.1,1.0,,1998
18,HOU,Mirsad Türkcan,,1.0,17.0,90.0,33.0,33.0,5.0,0.368,0.0,0.625,0.0,-0.019,-6.3,-0.1,1998,5.3,1.9,1.9,0.3,,1998
19,MIL,Pat Garrity,Notre Dame,10.0,552.0,11062.0,4017.0,1457.0,443.0,0.417,0.398,0.806,18.7,0.081,-1.8,0.5,1998,20.0,7.3,2.6,0.8,https://www.sports-reference.com/cbb/players/pat-garrity-1.html,1998
20,ATL,Roshown McLeod,Duke,3.0,113.0,2130.0,817.0,308.0,124.0,0.409,0.111,0.819,0.2,0.004,-4.4,-1.3,1998,18.8,7.2,2.7,1.1,https://www.sports-reference.com/cbb/players/roshown-mcleod-1.html,1998
21,CHA,Ricky Davis,Iowa,12.0,736.0,21927.0,9912.0,2550.0,2426.0,0.446,0.361,0.781,28.0,0.061,-0.8,6.3,1998,29.8,13.5,3.5,3.3,https://www.sports-reference.com/cbb/players/ricky-davis-1.html,1998
22,LAC,Brian Skinner,Baylor,14.0,608.0,10910.0,2876.0,2841.0,288.0,0.494,0.333,0.566,15.8,0.07,-2.5,-1.5,1998,17.9,4.7,4.7,0.5,https://www.sports-reference.com/cbb/players/brian-skinner-1.html,1998
23,DEN,Tyronn Lue,Nebraska,11.0,554.0,12564.0,4710.0,943.0,1727.0,0.437,0.391,0.829,19.7,0.075,-1.8,0.6,1998,22.7,8.5,1.7,3.1,https://www.sports-reference.com/cbb/players/tyronn-lue-1.html,1998
24,SAS,Felipe López,St. John's,4.0,249.0,4145.0,1448.0,604.0,252.0,0.432,0.327,0.659,3.1,0.036,-2.5,-0.5,1998,16.6,5.8,2.4,1.0,https://www.sports-reference.com/cbb/players/felipe-lópez-1.html,1998
25,IND,Al Harrington,,16.0,981.0,28009.0,13237.0,5482.0,1649.0,0.444,0.352,0.727,42.5,0.073,-1.5,3.7,1998,28.6,13.5,5.6,1.7,,1998
26,LAL,Sam Jacobson,Minnesota,3.0,68.0,752.0,283.0,80.0,36.0,0.511,0.36,0.739,1.1,0.071,-3.9,-0.4,1998,11.1,4.2,1.2,0.5,https://www.sports-reference.com/cbb/players/sam-jacobson-1.html,1998
27,OKC,Vladimir Stepania,,6.0,270.0,3726.0,1118.0,1180.0,94.0,0.425,0.133,0.536,5.2,0.067,-3.3,-1.2,1998,13.8,4.1,4.4,0.3,,1998
28,CHI,Corey Benjamin,Oregon State,4.0,153.0,2191.0,835.0,259.0,143.0,0.39,0.289,0.652,-0.9,-0.019,-4.8,-1.6,1998,14.3,5.5,1.7,0.9,https://www.sports-reference.com/cbb/players/corey-benjamin-1.html,1998
29,UTA,Nazr Mohammed,Kentucky,18.0,1005.0,15891.0,5827.0,4708.0,375.0,0.486,0.0,0.64,34.3,0.104,-2.6,-2.2,1998,15.8,5.8,4.7,0.4,https://www.sports-reference.com/cbb/players/nazr-mohammed-1.html,1998
30,DAL,Ansu Sesay,Ole Miss,4.0,127.0,1301.0,401.0,223.0,62.0,0.434,0.276,0.64,1.4,0.051,-3.3,-0.4,1998,10.2,3.2,1.8,0.5,https://www.sports-reference.com/cbb/players/ansu-sesay-1.html,1998
31,LAL,Ruben Patterson,Cincinnati,10.0,649.0,15955.0,6953.0,2697.0,1150.0,0.517,0.179,0.641,35.1,0.106,0.7,10.8,1998,24.6,10.7,4.2,1.8,https://www.sports-reference.com/cbb/players/ruben-patterson-1.html,1998
32,OKC,Rashard Lewis,,16.0,1049.0,33541.0,15579.0,5433.0,1765.0,0.452,0.386,0.805,90.9,0.13,1.9,33.1,1998,32.0,14.9,5.2,1.7,,1998
33,OKC,Jelani McCoy,UCLA,8.0,260.0,3824.0,1200.0,921.0,135.0,0.539,,0.49,5.1,0.064,-2.9,-0.9,1998,14.7,4.6,3.5,0.5,https://www.sports-reference.com/cbb/players/jelani-mccoy-1.html,1998
34,CHI,Shammond Williams,UNC,7.0,325.0,5351.0,1892.0,518.0,765.0,0.401,0.366,0.798,8.8,0.079,-0.7,1.7,1998,16.5,5.8,1.6,2.4,https://www.sports-reference.com/cbb/players/shammond-williams-1.html,1998
35,DAL,Bruno Šundov,,7.0,102.0,524.0,173.0,107.0,18.0,0.356,0.208,0.526,-0.7,-0.062,-8.9,-0.9,1998,5.1,1.7,1.0,0.2,,1998
36,SAC,Jerome James,Florida A&M,9.0,358.0,4771.0,1540.0,1099.0,118.0,0.485,0.0,0.617,2.9,0.029,-4.9,-3.5,1998,13.3,4.3,3.1,0.3,https://www.sports-reference.com/cbb/players/jerome-james-1.html,1998
37,PHI,Casey Shaw,Toledo,1.0,9.0,14.0,2.0,3.0,0.0,0.125,,,-0.1,-0.498,-29.8,-0.1,1998,1.6,0.2,0.3,0.0,https://www.sports-reference.com/cbb/players/casey-shaw-1.html,1998
38,NYK,DeMarco Johnson,UNC Charlotte,1.0,5.0,37.0,6.0,7.0,0.0,0.333,,,-0.1,-0.091,-10.3,-0.1,1998,7.4,1.2,1.4,0.0,https://www.sports-reference.com/cbb/players/demarco-johnson-1.html,1998
39,MIL,Rafer Alston,Fresno State,11.0,671.0,19392.0,6799.0,1891.0,3202.0,0.383,0.354,0.729,32.9,0.081,0.0,9.6,1998,28.9,10.1,2.8,4.8,https://www.sports-reference.com/cbb/players/rafer-alston-1.html,1998
40,DET,Korleone Young,,1.0,3.0,15.0,13.0,4.0,1.0,0.5,0.25,1.0,0.1,0.28,9.4,0.0,1998,5.0,4.3,1.3,0.3,,1998
41,HOU,Cuttino Mobley,Rhode Island,11.0,747.0,27618.0,11964.0,2902.0,2015.0,0.433,0.378,0.835,52.2,0.091,-0.1,12.9,1998,37.0,16.0,3.9,2.7,https://www.sports-reference.com/cbb/players/cuttino-mobley-1.html,1998
42,ORL,Miles Simon,Arizona,1.0,5.0,19.0,2.0,2.0,0.0,0.2,0.0,,-0.1,-0.289,-17.4,-0.1,1998,3.8,0.4,0.4,0.0,https://www.sports-reference.com/cbb/players/miles-simon-1.html,1998
43,WAS,Jahidi White,Georgetown,7.0,334.0,5913.0,1954.0,1944.0,63.0,0.51,0.0,0.534,10.4,0.085,-3.2,-1.8,1998,17.7,5.9,5.8,0.2,https://www.sports-reference.com/cbb/players/jahidi-white-1.html,1998
44,NYK,Sean Marks,California,11.0,230.0,2275.0,638.0,501.0,50.0,0.448,0.2,0.665,2.6,0.055,-5.0,-1.7,1998,9.9,2.8,2.2,0.2,https://www.sports-reference.com/cbb/players/sean-marks-1.html,1998
45,LAL,Toby Bailey,UCLA,2.0,73.0,698.0,241.0,126.0,43.0,0.407,0.2,0.692,1.0,0.072,-3.5,-0.3,1998,9.6,3.3,1.7,0.6,https://www.sports-reference.com/cbb/players/toby-bailey-1.html,1998
46,MIN,Andrae Patterson,Indiana,2.0,40.0,304.0,120.0,67.0,16.0,0.455,0.0,0.778,0.7,0.114,-1.9,0.0,1998,7.6,3.0,1.7,0.4,https://www.sports-reference.com/cbb/players/andrae-patterson-1.html,1998
47,TOR,Tyson Wheeler,Rhode Island,1.0,1.0,3.0,4.0,0.0,2.0,1.0,1.0,0.5,0.1,1.367,51.1,0.0,1998,3.0,4.0,0.0,2.0,https://www.sports-reference.com/cbb/players/tyson-wheeler-1.html,1998
48,CLE,Ryan Stack,South Carolina,2.0,43.0,397.0,99.0,79.0,10.0,0.352,0.0,0.787,0.2,0.028,-6.7,-0.5,1998,9.2,2.3,1.8,0.2,https://www.sports-reference.com/cbb/players/ryan-stack-1.html,1998
49,ATL,Cory Carr,Texas Tech,1.0,42.0,624.0,171.0,49.0,66.0,0.329,0.167,0.75,-1.2,-0.089,-8.2,-1.0,1998,14.9,4.1,1.2,1.6,https://www.sports-reference.com/cbb/players/cory-carr-1.html,1998
50,CHA,Andrew Betts,Cal State Long Beach,,,,,,,,,,,,,,1998,,,,,https://www.sports-reference.com/cbb/players/andrew-betts-1.html,1998
51,MIA,Corey Brewer,Oklahoma,,,,,,,,,,,,,,1998,,,,,https://www.sports-reference.com/cbb/players/corey-brewer-1.html,1998
52,SAS,Derrick Dial,Eastern Michigan,4.0,82.0,687.0,253.0,133.0,63.0,0.372,0.19,0.672,0.6,0.045,-2.2,0.0,1998,8.4,3.1,1.6,0.8,https://www.sports-reference.com/cbb/players/derrick-dial-1.html,1998
53,DAL,Greg Buckner,Clemson,10.0,570.0,10895.0,2878.0,1593.0,719.0,0.45,0.334,0.757,20.9,0.092,-0.9,3.0,1998,19.1,5.0,2.8,1.3,https://www.sports-reference.com/cbb/players/greg-buckner-1.html,1998
54,DEN,Tremaine Fowlkes,Fresno State,4.0,103.0,1233.0,301.0,228.0,54.0,0.409,0.2,0.791,2.1,0.08,-2.0,0.0,1998,12.0,2.9,2.2,0.5,https://www.sports-reference.com/cbb/players/tremaine-fowlkes-1.html,1998
55,DEN,Ryan Bowen,Iowa,10.0,507.0,6502.0,1319.0,1060.0,250.0,0.456,0.206,0.693,12.4,0.092,-0.8,2.0,1998,12.8,2.6,2.1,0.5,https://www.sports-reference.com/cbb/players/ryan-bowen-1.html,1998
56,MEM,J.R. Henderson,UCLA,1.0,30.0,331.0,97.0,47.0,22.0,0.365,0.4,0.556,-0.2,-0.025,-4.8,-0.2,1998,11.0,3.2,1.6,0.7,https://www.sports-reference.com/cbb/players/j.r.-henderson-1.html,1998
57,UTA,Torraye Braggs,Xavier,2.0,22.0,178.0,46.0,51.0,7.0,0.475,,0.667,0.3,0.071,-4.9,-0.1,1998,8.1,2.1,2.3,0.3,https://www.sports-reference.com/cbb/players/torraye-braggs-1.html,1998
58,CHI,Maceo Baston,Michigan,4.0,105.0,831.0,286.0,175.0,26.0,0.616,0.375,0.74,2.3,0.134,-1.2,0.2,1998,7.9,2.7,1.7,0.2,https://www.sports-reference.com/cbb/players/maceo-baston-1.html,1998
1,CHI,Elton Brand,Duke,17.0,1058.0,34910.0,16827.0,9040.0,2184.0,0.5,0.095,0.736,109.6,0.151,2.2,37.3,1999,33.0,15.9,8.5,2.1,https://www.sports-reference.com/cbb/players/elton-brand-1.html,1999
2,MEM,Steve Francis,Maryland,9.0,576.0,21632.0,10446.0,3215.0,3473.0,0.429,0.341,0.797,54.1,0.12,2.2,22.7,1999,37.6,18.1,5.6,6.0,https://www.sports-reference.com/cbb/players/steve-francis-1.html,1999
3,CHA,Baron Davis,UCLA,13.0,835.0,28592.0,13447.0,3183.0,6025.0,0.409,0.32,0.711,63.1,0.106,2.6,33.1,1999,34.2,16.1,3.8,7.2,https://www.sports-reference.com/cbb/players/baron-davis-1.html,1999
4,LAC,Lamar Odom,Rhode Island,14.0,961.0,32131.0,12781.0,8059.0,3554.0,0.463,0.312,0.693,77.0,0.115,1.9,31.4,1999,33.4,13.3,8.4,3.7,https://www.sports-reference.com/cbb/players/lamar-odom-1.html,1999
5,TOR,Jonathan Bender,,8.0,262.0,3847.0,1453.0,582.0,170.0,0.417,0.34,0.763,3.8,0.047,-2.6,-0.6,1999,14.7,5.5,2.2,0.6,,1999
6,MIN,Wally Szczerbiak,Miami University,10.0,651.0,20052.0,9195.0,2602.0,1532.0,0.485,0.406,0.86,53.3,0.127,0.7,13.6,1999,30.8,14.1,4.0,2.4,https://www.sports-reference.com/cbb/players/wally-szczerbiak-1.html,1999
7,WAS,Richard Hamilton,UConn,14.0,921.0,29559.0,15708.0,2852.0,3125.0,0.449,0.346,0.852,62.8,0.102,-0.2,13.2,1999,32.1,17.1,3.1,3.4,https://www.sports-reference.com/cbb/players/richard-hamilton-1.html,1999
8,CLE,Andre Miller,Utah,17.0,1304.0,40268.0,16278.0,4795.0,8524.0,0.461,0.217,0.807,100.8,0.12,1.3,33.4,1999,30.9,12.5,3.7,6.5,https://www.sports-reference.com/cbb/players/andre-miller-1.html,1999
9,PHO,Shawn Marion,UNLV,16.0,1163.0,40097.0,17700.0,10101.0,2198.0,0.484,0.331,0.81,124.9,0.15,2.7,47.6,1999,34.5,15.2,8.7,1.9,https://www.sports-reference.com/cbb/players/shawn-marion-1.html,1999
10,ATL,Jason Terry,Arizona,19.0,1410.0,42034.0,18881.0,3274.0,5415.0,0.444,0.38,0.845,102.0,0.116,1.5,37.4,1999,29.8,13.4,2.3,3.8,https://www.sports-reference.com/cbb/players/jason-terry-1.html,1999
11,CLE,Trajan Langdon,Duke,3.0,119.0,1738.0,647.0,159.0,152.0,0.416,0.396,0.91,2.9,0.079,-1.1,0.4,1999,14.6,5.4,1.3,1.3,https://www.sports-reference.com/cbb/players/trajan-langdon-1.html,1999
12,TOR,Aleksandar Radojević,Barton County Community College,2.0,15.0,152.0,26.0,36.0,7.0,0.308,,0.625,-0.4,-0.13,-11.6,-0.4,1999,10.1,1.7,2.4,0.5,https://www.sports-reference.com/cbb/players/aleksandar-radojević-1.html,1999
13,OKC,Corey Maggette,Duke,14.0,827.0,23358.0,13198.0,4022.0,1696.0,0.453,0.324,0.822,62.2,0.128,0.3,13.3,1999,28.2,16.0,4.9,2.1,https://www.sports-reference.com/cbb/players/corey-maggette-1.html,1999
14,MIN,William Avery,Duke,3.0,142.0,1205.0,379.0,93.0,199.0,0.33,0.255,0.714,-0.9,-0.034,-5.6,-1.1,1999,8.5,2.7,0.7,1.4,https://www.sports-reference.com/cbb/players/william-avery-1.html,1999
15,NYK,Frédéric Weis,,,,,,,,,,,,,,,1999,,,,,,1999
16,CHI,Metta World Peace,St. John's,17.0,991.0,31440.0,13058.0,4448.0,2631.0,0.414,0.339,0.715,61.1,0.093,1.2,25.4,1999,31.7,13.2,4.5,2.7,https://www.sports-reference.com/cbb/players/metta-world-peace-1.html,1999
17,ATL,Cal Bowdler,Old Dominion,3.0,142.0,1383.0,424.0,272.0,29.0,0.404,0.182,0.768,1.8,0.061,-3.2,-0.4,1999,9.7,3.0,1.9,0.2,https://www.sports-reference.com/cbb/players/cal-bowdler-1.html,1999
18,DEN,James Posey,Xavier,12.0,864.0,23260.0,7419.0,4061.0,1413.0,0.41,0.349,0.82,51.6,0.107,0.3,13.7,1999,26.9,8.6,4.7,1.6,https://www.sports-reference.com/cbb/players/james-posey-1.html,1999
19,UTA,Quincy Lewis,Minnesota,4.0,159.0,1853.0,567.0,210.0,96.0,0.397,0.333,0.71,0.8,0.02,-4.9,-1.4,1999,11.7,3.6,1.3,0.6,https://www.sports-reference.com/cbb/players/quincy-lewis-1.html,1999
20,ATL,Dion Glover,Georgia Tech,6.0,294.0,6132.0,2407.0,897.0,455.0,0.411,0.317,0.756,5.8,0.045,-1.8,0.3,1999,20.9,8.2,3.1,1.5,https://www.sports-reference.com/cbb/players/dion-glover-1.html,1999
21,GSW,Jeff Foster,Texas State University,13.0,764.0,15750.0,3747.0,5248.0,703.0,0.497,0.13,0.615,47.5,0.145,-0.4,6.3,1999,20.6,4.9,6.9,0.9,https://www.sports-reference.com/cbb/players/jeff-foster-1.html,1999
22,HOU,Kenny Thomas,New Mexico,11.0,632.0,17306.0,5876.0,4341.0,975.0,0.465,0.244,0.699,31.2,0.086,-1.3,3.1,1999,27.4,9.3,6.9,1.5,https://www.sports-reference.com/cbb/players/kenny-thomas-1.html,1999
23,LAL,Devean George,Augsburg College,11.0,630.0,11682.0,3536.0,1975.0,543.0,0.392,0.343,0.721,18.2,0.075,-1.5,1.4,1999,18.5,5.6,3.1,0.9,https://www.sports-reference.com/cbb/players/devean-george-1.html,1999
24,UTA,Andrei Kirilenko,,13.0,797.0,23916.0,9431.0,4352.0,2169.0,0.474,0.31,0.754,75.4,0.151,4.9,41.7,1999,30.0,11.8,5.5,2.7,,1999
25,MIA,Tim James,Miami (FL),3.0,43.0,261.0,68.0,46.0,11.0,0.329,0.333,0.652,0.0,-0.003,-7.0,-0.3,1999,6.1,1.6,1.1,0.3,https://www.sports-reference.com/cbb/players/tim-james-1.html,1999
26,IND,Vonteego Cummings,Pitt,3.0,199.0,3789.0,1381.0,373.0,534.0,0.383,0.321,0.726,2.2,0.028,-2.4,-0.3,1999,19.0,6.9,1.9,2.7,https://www.sports-reference.com/cbb/players/vonteego-cummings-1.html,1999
27,ATL,Jumaine Jones,Georgia,8.0,471.0,9780.0,3325.0,1987.0,408.0,0.424,0.349,0.704,15.1,0.074,-1.2,2.1,1999,20.8,7.1,4.2,0.9,https://www.sports-reference.com/cbb/players/jumaine-jones-1.html,1999
28,UTA,Scott Padgett,Kentucky,8.0,448.0,5613.0,1874.0,1227.0,325.0,0.41,0.373,0.736,13.2,0.113,-0.4,2.3,1999,12.5,4.2,2.7,0.7,https://www.sports-reference.com/cbb/players/scott-padgett-1.html,1999
29,SAS,Leon Smith,,2.0,15.0,104.0,33.0,33.0,3.0,0.393,,0.647,0.2,0.112,-2.9,0.0,1999,6.9,2.2,2.2,0.2,,1999
30,LAL,John Celestand,Villanova,1.0,16.0,185.0,37.0,11.0,20.0,0.333,0.222,0.833,-0.1,-0.038,-7.6,-0.3,1999,11.6,2.3,0.7,1.3,https://www.sports-reference.com/cbb/players/john-celestand-1.html,1999
31,LAC,Rico Hill,Illinois State,,,,,,,,,,,,,,1999,,,,,https://www.sports-reference.com/cbb/players/rico-hill-1.html,1999
32,CHI,Michael Ruffin,Tulsa,9.0,414.0,5966.0,716.0,1632.0,250.0,0.407,0.0,0.459,6.8,0.055,-3.3,-2.0,1999,14.4,1.7,3.9,0.6,https://www.sports-reference.com/cbb/players/michael-ruffin-1.html,1999
33,DEN,Chris Herren,Fresno State,2.0,70.0,1005.0,224.0,73.0,167.0,0.336,0.328,0.692,0.5,0.025,-4.5,-0.6,1999,14.4,3.2,1.0,2.4,https://www.sports-reference.com/cbb/players/chris-herren-1.html,1999
34,BRK,Evan Eschmeyer,Northwestern,4.0,153.0,2138.0,421.0,601.0,76.0,0.463,,0.621,4.0,0.09,-3.0,-0.5,1999,14.0,2.8,3.9,0.5,https://www.sports-reference.com/cbb/players/evan-eschmeyer-1.html,1999
35,WAS,Calvin Booth,Penn State,10.0,366.0,4477.0,1190.0,1010.0,151.0,0.451,0.222,0.748,8.0,0.086,-1.8,0.3,1999,12.2,3.3,2.8,0.4,https://www.sports-reference.com/cbb/players/calvin-booth-1.html,1999
36,DAL,Wang Zhizhi,,5.0,137.0,1256.0,604.0,231.0,39.0,0.417,0.385,0.735,2.1,0.078,-1.6,0.1,1999,9.2,4.4,1.7,0.3,,1999
37,MEM,Obinna Ekezie,Maryland,4.0,143.0,1516.0,510.0,383.0,31.0,0.423,0.0,0.72,1.7,0.054,-5.4,-1.3,1999,10.6,3.6,2.7,0.2,https://www.sports-reference.com/cbb/players/obinna-ekezie-1.html,1999
38,ORL,Laron Profit,Maryland,4.0,135.0,1537.0,441.0,209.0,166.0,0.419,0.236,0.712,0.7,0.021,-2.1,0.0,1999,11.4,3.3,1.5,1.2,https://www.sports-reference.com/cbb/players/laron-profit-1.html,1999
39,CLE,A.J. Bramlett,Arizona,1.0,8.0,61.0,8.0,22.0,0.0,0.19,,,-0.2,-0.129,-15.9,-0.2,1999,7.6,1.0,2.8,0.0,https://www.sports-reference.com/cbb/players/a.j.-bramlett-1.html,1999
40,DAL,Gordan Giriček,,6.0,384.0,8824.0,3670.0,941.0,584.0,0.442,0.368,0.823,8.0,0.044,-2.5,-1.1,1999,23.0,9.6,2.5,1.5,,1999
41,DEN,Francisco Elson,California,9.0,472.0,7207.0,1726.0,1638.0,260.0,0.478,0.188,0.7,11.7,0.078,-2.7,-1.3,1999,15.3,3.7,3.5,0.6,https://www.sports-reference.com/cbb/players/francisco-elson-1.html,1999
42,MIN,Louis Bullock,Michigan,,,,,,,,,,,,,,1999,,,,,https://www.sports-reference.com/cbb/players/louis-bullock-1.html,1999
43,CHA,Lee Nailon,TCU,6.0,306.0,5820.0,2622.0,936.0,298.0,0.474,0.111,0.786,8.0,0.066,-2.0,0.0,1999,19.0,8.6,3.1,1.0,https://www.sports-reference.com/cbb/players/lee-nailon-1.html,1999
44,HOU,Tyrone Washington,Mississippi State,,,,,,,,,,,,,,1999,,,,,https://www.sports-reference.com/cbb/players/tyrone-washington-1.html,1999
45,SAC,Ryan Robertson,Kansas,1.0,1.0,25.0,5.0,0.0,0.0,0.333,0.0,1.0,0.0,-0.022,-5.4,0.0,1999,25.0,5.0,0.0,0.0,https://www.sports-reference.com/cbb/players/ryan-robertson-1.html,1999
46,NYK,J.R. Koch,Iowa,,,,,,,,,,,,,,1999,,,,,https://www.sports-reference.com/cbb/players/j.r.-koch-1.html,1999
47,PHI,Todd MacCulloch,Washington,4.0,223.0,3439.0,1369.0,888.0,121.0,0.541,,0.642,11.9,0.166,0.3,2.0,1999,15.4,6.1,4.0,0.5,https://www.sports-reference.com/cbb/players/todd-macculloch-1.html,1999
48,MIL,Galen Young,UNC Charlotte,,,,,,,,,,,,,,1999,,,,,https://www.sports-reference.com/cbb/players/galen-young-1.html,1999
49,CHI,Lari Ketner,UMass,2.0,25.0,139.0,34.0,34.0,2.0,0.406,,0.667,0.0,-0.015,-7.4,-0.2,1999,5.6,1.4,1.4,0.1,https://www.sports-reference.com/cbb/players/lari-ketner-1.html,1999
50,HOU,Venson Hamilton,Nebraska,,,,,,,,,,,,,,1999,,,,,https://www.sports-reference.com/cbb/players/venson-hamilton-1.html,1999
51,MEM,Antwain Smith,Saint Paul's College,,,,,,,,,,,,,,1999,,,,,https://www.sports-reference.com/cbb/players/antwain-smith-1.html,1999
52,POR,Roberto Bergersen,Boise State,,,,,,,,,,,,,,1999,,,,,https://www.sports-reference.com/cbb/players/roberto-bergersen-1.html,1999
53,MIA,Rodney Buford,Creighton,5.0,230.0,4182.0,1472.0,598.0,179.0,0.412,0.3,0.758,2.9,0.033,-3.8,-1.9,1999,18.2,6.4,2.6,0.8,https://www.sports-reference.com/cbb/players/rodney-buford-1.html,1999
54,DET,Melvin Levett,Cincinnati,,,,,,,,,,,,,,1999,,,,,https://www.sports-reference.com/cbb/players/melvin-levett-1.html,1999
55,BOS,Kris Clack,Texas,,,,,,,,,,,,,,1999,,,,,https://www.sports-reference.com/cbb/players/kris-clack-1.html,1999
56,GSW,Tim Young,Stanford,1.0,25.0,137.0,54.0,35.0,5.0,0.333,,0.778,0.2,0.058,-4.9,-0.1,1999,5.5,2.2,1.4,0.2,https://www.sports-reference.com/cbb/players/tim-young-1.html,1999
57,SAS,Manu Ginóbili,,16.0,1057.0,26859.0,14043.0,3697.0,4001.0,0.447,0.369,0.827,106.4,0.19,5.0,47.6,1999,25.4,13.3,3.5,3.8,,1999
58,UTA,Eddie Lucas,Virginia Tech,,,,,,,,,,,,,,1999,,,,,https://www.sports-reference.com/cbb/players/eddie-lucas-1.html,1999
1,BRK,Kenyon Martin,Cincinnati,15.0,757.0,23134.0,9325.0,5159.0,1439.0,0.483,0.234,0.629,48.0,0.1,0.1,12.1,2000,30.6,12.3,6.8,1.9,https://www.sports-reference.com/cbb/players/kenyon-martin-1.html,2000
2,MEM,Stromile Swift,LSU,9.0,547.0,10804.0,4582.0,2535.0,275.0,0.473,0.074,0.699,21.3,0.095,-1.6,1.1,2000,19.8,8.4,4.6,0.5,https://www.sports-reference.com/cbb/players/stromile-swift-1.html,2000
3,LAC,Darius Miles,,7.0,446.0,11730.0,4507.0,2190.0,840.0,0.472,0.168,0.59,9.5,0.039,-1.0,3.0,2000,26.3,10.1,4.9,1.9,,2000
4,CHI,Marcus Fizer,Iowa State,6.0,289.0,6032.0,2782.0,1340.0,352.0,0.435,0.191,0.691,2.7,0.022,-3.7,-2.6,2000,20.9,9.6,4.6,1.2,https://www.sports-reference.com/cbb/players/marcus-fizer-1.html,2000
5,ORL,Mike Miller,Florida,17.0,1032.0,27812.0,10973.0,4376.0,2666.0,0.459,0.407,0.769,60.7,0.105,0.8,19.8,2000,26.9,10.6,4.2,2.6,https://www.sports-reference.com/cbb/players/mike-miller-1.html,2000
6,ATL,DerMarr Johnson,Cincinnati,7.0,344.0,5930.0,2121.0,769.0,304.0,0.411,0.336,0.789,6.4,0.052,-1.6,0.6,2000,17.2,6.2,2.2,0.9,https://www.sports-reference.com/cbb/players/dermarr-johnson-1.html,2000
7,CHI,Chris Mihm,Texas,8.0,436.0,8758.0,3262.0,2302.0,223.0,0.459,0.231,0.704,13.3,0.073,-3.9,-4.3,2000,20.1,7.5,5.3,0.5,https://www.sports-reference.com/cbb/players/chris-mihm-1.html,2000
8,CLE,Jamal Crawford,Michigan,20.0,1327.0,38994.0,19419.0,2948.0,4541.0,0.41,0.348,0.862,60.7,0.075,-0.1,18.4,2000,29.4,14.6,2.2,3.4,https://www.sports-reference.com/cbb/players/jamal-crawford-1.html,2000
9,HOU,Joel Przybilla,Minnesota,13.0,592.0,11733.0,2293.0,3665.0,256.0,0.552,0.0,0.557,23.0,0.094,-1.7,0.8,2000,19.8,3.9,6.2,0.4,https://www.sports-reference.com/cbb/players/joel-przybilla-1.html,2000
10,ORL,Keyon Dooling,Missouri,13.0,728.0,14134.0,5067.0,964.0,1601.0,0.416,0.349,0.799,18.5,0.063,-2.0,-0.2,2000,19.4,7.0,1.3,2.2,https://www.sports-reference.com/cbb/players/keyon-dooling-1.html,2000
11,BOS,Jérôme Moïso,UCLA,5.0,145.0,1392.0,386.0,395.0,38.0,0.489,0.0,0.593,2.1,0.074,-2.9,-0.3,2000,9.6,2.7,2.7,0.3,https://www.sports-reference.com/cbb/players/jérôme-moïso-1.html,2000
12,DAL,Etan Thomas,Syracuse,9.0,409.0,7084.0,2341.0,1927.0,149.0,0.513,,0.603,14.9,0.101,-2.1,-0.2,2000,17.3,5.7,4.7,0.4,https://www.sports-reference.com/cbb/players/etan-thomas-1.html,2000
13,ORL,Courtney Alexander,Fresno State,3.0,187.0,4067.0,1690.0,409.0,227.0,0.422,0.339,0.813,4.1,0.048,-3.7,-1.7,2000,21.7,9.0,2.2,1.2,https://www.sports-reference.com/cbb/players/courtney-alexander-1.html,2000
14,DET,Mateen Cleaves,Michigan State,6.0,167.0,1863.0,609.0,175.0,310.0,0.389,0.267,0.728,-0.8,-0.021,-5.6,-1.7,2000,11.2,3.6,1.0,1.9,https://www.sports-reference.com/cbb/players/mateen-cleaves-1.html,2000
15,MIL,Jason Collier,Georgia Tech,5.0,151.0,2178.0,841.0,443.0,51.0,0.455,0.35,0.738,1.9,0.042,-5.4,-1.9,2000,14.4,5.6,2.9,0.3,https://www.sports-reference.com/cbb/players/jason-collier-1.html,2000
16,SAC,Hedo Türkoğlu,,15.0,997.0,26695.0,11022.0,3971.0,2832.0,0.426,0.384,0.784,63.3,0.114,0.9,19.6,2000,26.8,11.1,4.0,2.8,,2000
17,OKC,Desmond Mason,Oklahoma State,10.0,643.0,19641.0,7767.0,2863.0,1049.0,0.449,0.26,0.74,23.1,0.056,-2.4,-2.1,2000,30.5,12.1,4.5,1.6,https://www.sports-reference.com/cbb/players/desmond-mason-1.html,2000
18,LAC,Quentin Richardson,DePaul,13.0,783.0,20785.0,8032.0,3666.0,1138.0,0.397,0.355,0.718,32.8,0.076,-0.4,8.5,2000,26.5,10.3,4.7,1.5,https://www.sports-reference.com/cbb/players/quentin-richardson-1.html,2000
19,CHA,Jamaal Magloire,Kentucky,12.0,680.0,14621.0,4917.0,4408.0,386.0,0.48,0.0,0.639,27.7,0.091,-2.9,-3.1,2000,21.5,7.2,6.5,0.6,https://www.sports-reference.com/cbb/players/jamaal-magloire-1.html,2000
20,PHI,Speedy Claxton,Hofstra,7.0,334.0,8548.0,3096.0,830.0,1441.0,0.409,0.193,0.762,14.2,0.08,-0.3,3.6,2000,25.6,9.3,2.5,4.3,https://www.sports-reference.com/cbb/players/speedy-claxton-1.html,2000
21,TOR,Morris Peterson,Michigan State,11.0,711.0,19366.0,7628.0,2483.0,1090.0,0.418,0.373,0.773,35.7,0.089,-0.4,7.6,2000,27.2,10.7,3.5,1.5,https://www.sports-reference.com/cbb/players/morris-peterson-1.html,2000
22,NYK,Donnell Harvey,Florida,5.0,205.0,3318.0,1150.0,827.0,161.0,0.46,0.1,0.659,4.7,0.069,-2.6,-0.5,2000,16.2,5.6,4.0,0.8,https://www.sports-reference.com/cbb/players/donnell-harvey-1.html,2000
23,UTA,DeShawn Stevenson,,13.0,824.0,18396.0,5930.0,1832.0,1355.0,0.406,0.34,0.698,12.1,0.032,-2.7,-3.5,2000,22.3,7.2,2.2,1.6,,2000
24,CHI,Dalibor Bagarić,,3.0,95.0,973.0,251.0,238.0,37.0,0.361,0.0,0.559,-0.9,-0.043,-7.9,-1.5,2000,10.2,2.6,2.5,0.4,,2000
25,PHO,Jake Tsakalidis,,7.0,315.0,5005.0,1497.0,1238.0,101.0,0.49,0.0,0.657,9.9,0.095,-3.1,-1.4,2000,15.9,4.8,3.9,0.3,,2000
26,DEN,Mamadou N'Diaye,Auburn,5.0,69.0,858.0,262.0,225.0,8.0,0.427,0.0,0.736,1.8,0.101,-4.2,-0.5,2000,12.4,3.8,3.3,0.1,https://www.sports-reference.com/cbb/players/mamadou-n'diaye-1.html,2000
27,IND,Primož Brezec,,8.0,342.0,6192.0,2452.0,1327.0,179.0,0.498,0.167,0.701,10.8,0.084,-3.1,-1.7,2000,18.1,7.2,3.9,0.5,,2000
28,POR,Erick Barkley,St. John's,2.0,27.0,266.0,77.0,21.0,40.0,0.356,0.267,0.9,0.2,0.027,-3.7,-0.1,2000,9.9,2.9,0.8,1.5,https://www.sports-reference.com/cbb/players/erick-barkley-1.html,2000
29,LAL,Mark Madsen,Stanford,9.0,453.0,5335.0,975.0,1157.0,181.0,0.457,0.063,0.527,8.2,0.074,-4.1,-2.9,2000,11.8,2.2,2.6,0.4,https://www.sports-reference.com/cbb/players/mark-madsen-1.html,2000
30,LAC,Marko Jarić,,7.0,447.0,11246.0,3193.0,1200.0,1600.0,0.404,0.344,0.73,12.1,0.052,-0.7,3.8,2000,25.2,7.1,2.7,3.6,,2000
31,DAL,Dan Langhi,Vanderbilt,4.0,133.0,1253.0,393.0,199.0,39.0,0.391,0.289,0.613,0.3,0.012,-4.6,-0.8,2000,9.4,3.0,1.5,0.3,https://www.sports-reference.com/cbb/players/dan-langhi-1.html,2000
32,CHI,A.J. Guyton,Indiana,3.0,80.0,1246.0,442.0,80.0,147.0,0.377,0.378,0.822,0.3,0.01,-2.9,-0.3,2000,15.6,5.5,1.0,1.8,https://www.sports-reference.com/cbb/players/a.j.-guyton-1.html,2000
33,CHI,Jake Voskuhl,UConn,9.0,450.0,6443.0,1814.0,1539.0,237.0,0.487,0.333,0.714,11.6,0.087,-3.8,-3.0,2000,14.3,4.0,3.4,0.5,https://www.sports-reference.com/cbb/players/jake-voskuhl-1.html,2000
34,CHI,Khalid El-Amin,UConn,1.0,50.0,936.0,314.0,81.0,145.0,0.37,0.333,0.778,0.6,0.03,-2.4,-0.1,2000,18.7,6.3,1.6,2.9,https://www.sports-reference.com/cbb/players/khalid-el-amin-1.html,2000
35,WAS,Mike Smith,Louisiana-Monroe,1.0,17.0,180.0,51.0,22.0,10.0,0.322,0.167,0.625,-0.1,-0.033,-4.2,-0.1,2000,10.6,3.0,1.3,0.6,https://www.sports-reference.com/cbb/players/mike-smith-1.html,2000
36,BRK,Soumaila Samake,,2.0,47.0,303.0,68.0,76.0,5.0,0.389,,0.462,0.3,0.046,-3.7,-0.1,2000,6.4,1.4,1.6,0.1,,2000
37,MIA,Eddie House,Arizona State,11.0,717.0,12405.0,5356.0,1223.0,1112.0,0.409,0.39,0.851,20.0,0.077,0.0,6.1,2000,17.3,7.5,1.7,1.6,https://www.sports-reference.com/cbb/players/eddie-house-1.html,2000
38,HOU,Eduardo Nájera,Oklahoma,12.0,619.0,11213.0,3052.0,2307.0,493.0,0.481,0.311,0.671,24.7,0.106,-0.9,3.0,2000,18.1,4.9,3.7,0.8,https://www.sports-reference.com/cbb/players/eduardo-nájera-1.html,2000
39,NYK,Lavor Postell,St. John's,3.0,61.0,446.0,195.0,45.0,13.0,0.335,0.25,0.795,-0.2,-0.025,-5.0,-0.3,2000,7.3,3.2,0.7,0.2,https://www.sports-reference.com/cbb/players/lavor-postell-1.html,2000
40,ATL,Hanno Möttölä,Utah,2.0,155.0,2360.0,715.0,442.0,75.0,0.442,0.063,0.783,0.9,0.019,-5.9,-2.3,2000,15.2,4.6,2.9,0.5,https://www.sports-reference.com/cbb/players/hanno-möttölä-1.html,2000
41,SAS,Chris Carrawell,Duke,,,,,,,,,,,,,,2000,,,,,https://www.sports-reference.com/cbb/players/chris-carrawell-1.html,2000
42,OKC,Olumide Oyedeji,,3.0,93.0,587.0,127.0,196.0,11.0,0.495,,0.659,1.2,0.095,-4.3,-0.3,2000,6.3,1.4,2.1,0.1,,2000
43,MIL,Michael Redd,Ohio State,12.0,629.0,20104.0,11972.0,2411.0,1338.0,0.447,0.38,0.838,55.9,0.134,2.2,21.4,2000,32.0,19.0,3.8,2.1,https://www.sports-reference.com/cbb/players/michael-redd-1.html,2000
44,DET,Brian Cardinal,Purdue,12.0,456.0,6477.0,2108.0,1050.0,465.0,0.408,0.372,0.861,15.4,0.114,-0.1,3.2,2000,14.2,4.6,2.3,1.0,https://www.sports-reference.com/cbb/players/brian-cardinal-1.html,2000
45,SAC,Jabari Smith,LSU,4.0,108.0,1063.0,329.0,178.0,66.0,0.413,0.125,0.69,1.3,0.058,-4.3,-0.6,2000,9.8,3.0,1.6,0.6,https://www.sports-reference.com/cbb/players/jabari-smith-1.html,2000
46,TOR,DeeAndre Hulett,College of the Sequoias,,,,,,,,,,,,,,2000,,,,,https://www.sports-reference.com/cbb/players/deeandre-hulett-1.html,2000
47,OKC,Josip Sesar,,,,,,,,,,,,,,,2000,,,,,,2000
48,PHI,Mark Karcher,Temple,,,,,,,,,,,,,,2000,,,,,https://www.sports-reference.com/cbb/players/mark-karcher-1.html,2000
49,MIL,Jason Hart,Syracuse,9.0,341.0,5289.0,1623.0,567.0,774.0,0.417,0.315,0.788,8.6,0.078,-1.2,1.0,2000,15.5,4.8,1.7,2.3,https://www.sports-reference.com/cbb/players/jason-hart-1.html,2000
50,UTA,Kaniel Dickens,Idaho,3.0,19.0,85.0,22.0,12.0,2.0,0.4,0.333,0.75,0.1,0.055,-3.0,0.0,2000,4.5,1.2,0.6,0.1,https://www.sports-reference.com/cbb/players/kaniel-dickens-1.html,2000
51,MIN,Igor Rakočević,,1.0,42.0,244.0,78.0,17.0,33.0,0.379,0.417,0.806,0.1,0.022,-4.9,-0.2,2000,5.8,1.9,0.4,0.8,,2000
52,MIA,Ernest Brown,Indian Hills Community College,1.0,3.0,21.0,3.0,6.0,0.0,0.167,,0.25,-0.2,-0.349,-18.2,-0.1,2000,7.0,1.0,2.0,0.0,https://www.sports-reference.com/cbb/players/ernest-brown-1.html,2000
53,DEN,Dan McClintock,Northern Arizona University,1.0,6.0,58.0,18.0,17.0,1.0,0.5,,0.0,0.0,0.007,-7.9,-0.1,2000,9.7,3.0,2.8,0.2,https://www.sports-reference.com/cbb/players/dan-mcclintock-1.html,2000
54,SAS,Cory Hightower,Indian Hills Community College,,,,,,,,,,,,,,2000,,,,,https://www.sports-reference.com/cbb/players/cory-hightower-1.html,2000
55,GSW,Chris Porter,Auburn,1.0,51.0,1147.0,440.0,189.0,61.0,0.389,0.0,0.667,0.2,0.008,-4.5,-0.7,2000,22.5,8.6,3.7,1.2,https://www.sports-reference.com/cbb/players/chris-porter-1.html,2000
56,IND,Jaquay Walls,Colorado,,,,,,,,,,,,,,2000,,,,,https://www.sports-reference.com/cbb/players/jaquay-walls-1.html,2000
57,ATL,Scoonie Penn,Ohio State,,,,,,,,,,,,,,2000,,,,,https://www.sports-reference.com/cbb/players/scoonie-penn-1.html,2000
58,DAL,Pete Mickeal,Cincinnati,,,,,,,,,,,,,,2000,,,,,https://www.sports-reference.com/cbb/players/pete-mickeal-1.html,2000
1,WAS,Kwame Brown,,12.0,607.0,13389.0,4035.0,3333.0,554.0,0.492,0.111,0.57,20.8,0.074,-2.4,-1.3,2001,22.1,6.6,5.5,0.9,,2001
2,LAC,Tyson Chandler,,19.0,1160.0,31617.0,9509.0,10467.0,967.0,0.597,0.0,0.644,102.1,0.155,0.1,16.9,2001,27.3,8.2,9.0,0.8,,2001
3,ATL,Pau Gasol,,18.0,1226.0,41001.0,20894.0,11305.0,3925.0,0.507,0.368,0.753,144.1,0.169,3.6,57.5,2001,33.4,17.0,9.2,3.2,,2001
4,CHI,Eddy Curry,,11.0,527.0,13109.0,6820.0,2725.0,287.0,0.545,1.0,0.642,21.7,0.08,-2.4,-1.3,2001,24.9,12.9,5.2,0.5,,2001
5,GSW,Jason Richardson,Michigan State,13.0,857.0,29241.0,14644.0,4245.0,2284.0,0.438,0.37,0.707,59.1,0.097,1.2,23.8,2001,34.1,17.1,5.0,2.7,https://www.sports-reference.com/cbb/players/jason-richardson-1.html,2001
6,MEM,Shane Battier,Duke,13.0,977.0,30004.0,8408.0,4082.0,1717.0,0.437,0.384,0.743,75.7,0.121,1.7,28.2,2001,30.7,8.6,4.2,1.8,https://www.sports-reference.com/cbb/players/shane-battier-1.html,2001
7,BRK,Eddie Griffin,Seton Hall,5.0,303.0,6729.0,2171.0,1744.0,236.0,0.377,0.315,0.671,10.9,0.078,-0.4,2.8,2001,22.2,7.2,5.8,0.8,https://www.sports-reference.com/cbb/players/eddie-griffin-1.html,2001
8,CLE,DeSagana Diop,,12.0,601.0,8403.0,1185.0,2219.0,270.0,0.427,0.167,0.467,12.8,0.073,-1.9,0.2,2001,14.0,2.0,3.7,0.4,,2001
9,DET,Rodney White,UNC Charlotte,4.0,218.0,3354.0,1540.0,485.0,237.0,0.424,0.314,0.749,1.8,0.026,-2.2,-0.1,2001,15.4,7.1,2.2,1.1,https://www.sports-reference.com/cbb/players/rodney-white-1.html,2001
10,BOS,Joe Johnson,Arkansas,18.0,1277.0,44236.0,20407.0,5059.0,5001.0,0.441,0.371,0.802,82.9,0.09,0.4,26.5,2001,34.6,16.0,4.0,3.9,https://www.sports-reference.com/cbb/players/joe-johnson-1.html,2001
11,BOS,Kedrick Brown,Okaloosa-Walton Community College,4.0,143.0,1935.0,509.0,347.0,103.0,0.405,0.274,0.64,3.0,0.074,-1.1,0.4,2001,13.5,3.6,2.4,0.7,https://www.sports-reference.com/cbb/players/kedrick-brown-1.html,2001
12,OKC,Vladimir Radmanović,,12.0,737.0,16164.0,5879.0,2784.0,998.0,0.415,0.378,0.758,26.5,0.079,-0.1,7.6,2001,21.9,8.0,3.8,1.4,,2001
13,HOU,Richard Jefferson,Arizona,17.0,1181.0,34293.0,14904.0,4720.0,2412.0,0.464,0.376,0.768,83.0,0.116,0.2,19.4,2001,29.0,12.6,4.0,2.0,https://www.sports-reference.com/cbb/players/richard-jefferson-1.html,2001
14,GSW,Troy Murphy,Notre Dame,12.0,729.0,19921.0,7860.0,5708.0,1088.0,0.445,0.388,0.785,50.3,0.121,0.1,10.6,2001,27.3,10.8,7.8,1.5,https://www.sports-reference.com/cbb/players/troy-murphy-1.html,2001
15,ORL,Steven Hunter,DePaul,8.0,400.0,5993.0,1817.0,1264.0,79.0,0.56,0.0,0.485,10.6,0.085,-2.3,-0.5,2001,15.0,4.5,3.2,0.2,https://www.sports-reference.com/cbb/players/steven-hunter-1.html,2001
16,CHA,Kirk Haston,Indiana,2.0,27.0,134.0,32.0,27.0,8.0,0.232,0.0,0.5,-0.5,-0.197,-13.3,-0.4,2001,5.0,1.2,1.0,0.3,https://www.sports-reference.com/cbb/players/kirk-haston-1.html,2001
17,TOR,Michael Bradley,Villanova,5.0,173.0,2016.0,483.0,591.0,93.0,0.477,0.143,0.511,2.0,0.047,-4.0,-1.0,2001,11.7,2.8,3.4,0.5,https://www.sports-reference.com/cbb/players/michael-bradley-1.html,2001
18,HOU,Jason Collins,Stanford,13.0,735.0,14974.0,2621.0,2706.0,626.0,0.411,0.206,0.647,20.1,0.064,-3.7,-6.5,2001,20.4,3.6,3.7,0.9,https://www.sports-reference.com/cbb/players/jason-collins-1.html,2001
19,POR,Zach Randolph,Michigan State,17.0,1116.0,34616.0,18578.0,10208.0,2049.0,0.471,0.273,0.764,81.1,0.112,0.2,18.8,2001,31.0,16.6,9.1,1.8,https://www.sports-reference.com/cbb/players/zach-randolph-1.html,2001
20,CLE,Brendan Haywood,UNC,13.0,816.0,18680.0,5538.0,4875.0,442.0,0.528,0.0,0.587,43.8,0.113,-1.4,2.9,2001,22.9,6.8,6.0,0.5,https://www.sports-reference.com/cbb/players/brendan-haywood-1.html,2001
21,BOS,Joseph Forte,UNC,2.0,25.0,125.0,30.0,17.0,17.0,0.234,0.0,0.8,-0.4,-0.166,-8.6,-0.2,2001,5.0,1.2,0.7,0.7,https://www.sports-reference.com/cbb/players/joseph-forte-1.html,2001
22,ORL,Jeryl Sasser,SMU,2.0,82.0,1061.0,204.0,191.0,67.0,0.303,0.295,0.687,0.7,0.032,-2.5,-0.1,2001,12.9,2.5,2.3,0.8,https://www.sports-reference.com/cbb/players/jeryl-sasser-1.html,2001
23,HOU,Brandon Armstrong,Pepperdine,3.0,108.0,699.0,239.0,63.0,24.0,0.352,0.333,0.6,-0.6,-0.039,-8.0,-1.0,2001,6.5,2.2,0.6,0.2,https://www.sports-reference.com/cbb/players/brandon-armstrong-1.html,2001
24,UTA,Raül López,,2.0,113.0,2135.0,733.0,194.0,428.0,0.429,0.346,0.853,2.1,0.047,-2.4,-0.2,2001,18.9,6.5,1.7,3.8,,2001
25,SAC,Gerald Wallace,Alabama,14.0,832.0,24731.0,9933.0,4838.0,1725.0,0.469,0.312,0.709,59.7,0.116,1.8,23.5,2001,29.7,11.9,5.8,2.1,https://www.sports-reference.com/cbb/players/gerald-wallace-1.html,2001
26,PHI,Samuel Dalembert,Seton Hall,13.0,886.0,21646.0,6814.0,6942.0,465.0,0.521,0.083,0.706,51.3,0.114,-1.1,4.6,2001,24.4,7.7,7.8,0.5,https://www.sports-reference.com/cbb/players/samuel-dalembert-1.html,2001
27,MEM,Jamaal Tinsley,Iowa State,11.0,547.0,14443.0,4652.0,1605.0,3330.0,0.393,0.299,0.716,17.2,0.057,0.0,7.1,2001,26.4,8.5,2.9,6.1,https://www.sports-reference.com/cbb/players/jamaal-tinsley-1.html,2001
28,SAS,Tony Parker,,18.0,1254.0,38279.0,19473.0,3396.0,7036.0,0.491,0.324,0.751,111.3,0.14,1.1,30.1,2001,30.5,15.5,2.7,5.6,,2001
30,CHI,Trenton Hassell,Austin Peay State University,9.0,644.0,16278.0,3741.0,1826.0,1132.0,0.445,0.318,0.765,13.8,0.041,-2.9,-3.7,2001,25.3,5.8,2.8,1.8,https://www.sports-reference.com/cbb/players/trenton-hassell-1.html,2001
31,GSW,Gilbert Arenas,Arizona,11.0,552.0,19351.0,11402.0,2168.0,2909.0,0.421,0.351,0.803,51.3,0.127,2.6,22.3,2001,35.1,20.7,3.9,5.3,https://www.sports-reference.com/cbb/players/gilbert-arenas-1.html,2001
32,ORL,Omar Cook,St. John's,2.0,22.0,213.0,37.0,13.0,46.0,0.333,0.0,0.5,-0.1,-0.021,-2.7,0.0,2001,9.7,1.7,0.6,2.1,https://www.sports-reference.com/cbb/players/omar-cook-1.html,2001
33,MEM,Will Solomon,Clemson,2.0,115.0,1584.0,584.0,132.0,225.0,0.378,0.298,0.692,0.0,0.0,-3.3,-0.5,2001,13.8,5.1,1.1,2.0,https://www.sports-reference.com/cbb/players/will-solomon-1.html,2001
34,ATL,Terence Morris,Maryland,3.0,139.0,1934.0,472.0,377.0,93.0,0.407,0.196,0.711,1.0,0.025,-2.8,-0.4,2001,13.9,3.4,2.7,0.7,https://www.sports-reference.com/cbb/players/terence-morris-1.html,2001
35,BRK,Brian Scalabrine,USC,11.0,520.0,6772.0,1594.0,1034.0,436.0,0.39,0.344,0.783,7.6,0.054,-2.7,-1.2,2001,13.0,3.1,2.0,0.8,https://www.sports-reference.com/cbb/players/brian-scalabrine-1.html,2001
36,CLE,Jeff Trepagnier,USC,3.0,31.0,270.0,88.0,43.0,22.0,0.337,0.462,0.7,-0.2,-0.038,-2.8,-0.1,2001,8.7,2.8,1.4,0.7,https://www.sports-reference.com/cbb/players/jeff-trepagnier-1.html,2001
37,PHI,Damone Brown,Syracuse,4.0,39.0,351.0,108.0,52.0,19.0,0.336,0.286,0.667,-0.7,-0.1,-8.6,-0.6,2001,9.0,2.8,1.3,0.5,https://www.sports-reference.com/cbb/players/damone-brown-1.html,2001
38,DET,Mehmet Okur,,10.0,634.0,18429.0,8561.0,4436.0,1089.0,0.458,0.375,0.797,54.7,0.142,1.1,14.5,2001,29.1,13.5,7.0,1.7,,2001
39,NYK,Michael Wright,Arizona,,,,,,,,,,,,,,2001,,,,,https://www.sports-reference.com/cbb/players/michael-wright-1.html,2001
40,OKC,Earl Watson,UCLA,13.0,878.0,19494.0,5593.0,1985.0,3871.0,0.411,0.324,0.703,19.2,0.047,-1.4,2.8,2001,22.2,6.4,2.3,4.4,https://www.sports-reference.com/cbb/players/earl-watson-1.html,2001
41,IND,Jamison Brewer,Auburn,4.0,54.0,468.0,89.0,50.0,56.0,0.372,0.25,0.393,0.0,-0.001,-2.4,0.0,2001,8.7,1.6,0.9,1.0,https://www.sports-reference.com/cbb/players/jamison-brewer-1.html,2001
42,OKC,Bobby Simmons,DePaul,10.0,466.0,11513.0,4189.0,1791.0,710.0,0.437,0.396,0.823,20.1,0.084,-0.7,3.6,2001,24.7,9.0,3.8,1.5,https://www.sports-reference.com/cbb/players/bobby-simmons-1.html,2001
43,NYK,Eric Chenowith,Kansas,,,,,,,,,,,,,,2001,,,,,https://www.sports-reference.com/cbb/players/eric-chenowith-1.html,2001
44,DAL,Kyle Hill,Eastern Illinois University,,,,,,,,,,,,,,2001,,,,,https://www.sports-reference.com/cbb/players/kyle-hill-1.html,2001
45,CHI,Sean Lampley,California,2.0,45.0,550.0,203.0,94.0,33.0,0.463,0.0,0.691,1.1,0.096,-1.7,0.0,2001,12.2,4.5,2.1,0.7,https://www.sports-reference.com/cbb/players/sean-lampley-1.html,2001
46,MIN,Loren Woods,Arizona,6.0,215.0,2428.0,555.0,682.0,74.0,0.419,0.143,0.642,3.1,0.062,-2.5,-0.3,2001,11.3,2.6,3.2,0.3,https://www.sports-reference.com/cbb/players/loren-woods-1.html,2001
47,DEN,Ousmane Cisse,,,,,,,,,,,,,,,2001,,,,,,2001
48,MEM,Antonis Fotsis,,1.0,28.0,320.0,108.0,62.0,10.0,0.404,0.304,0.85,0.1,0.017,-3.4,-0.1,2001,11.4,3.9,2.2,0.4,,2001
49,MIA,Ken Johnson,Ohio State,1.0,16.0,156.0,32.0,32.0,0.0,0.405,,0.333,0.0,-0.002,-6.8,-0.2,2001,9.8,2.0,2.0,0.0,https://www.sports-reference.com/cbb/players/ken-johnson-1.html,2001
50,POR,Ruben Boumtje-Boumtje,Georgetown,3.0,44.0,276.0,43.0,57.0,6.0,0.368,,0.556,0.2,0.027,-5.4,-0.2,2001,6.3,1.0,1.3,0.1,https://www.sports-reference.com/cbb/players/ruben-boumtje-boumtje-1.html,2001
51,PHO,Alton Ford,Houston,3.0,73.0,524.0,186.0,124.0,11.0,0.507,,0.697,0.8,0.074,-6.4,-0.6,2001,7.2,2.5,1.7,0.2,https://www.sports-reference.com/cbb/players/alton-ford-1.html,2001
52,MIL,Andre Hutson,Michigan State,,,,,,,,,,,,,,2001,,,,,https://www.sports-reference.com/cbb/players/andre-hutson-1.html,2001
53,UTA,Jarron Collins,Stanford,10.0,542.0,8542.0,2095.0,1579.0,419.0,0.455,0.0,0.699,15.7,0.088,-3.1,-2.5,2001,15.8,3.9,2.9,0.8,https://www.sports-reference.com/cbb/players/jarron-collins-1.html,2001
54,DAL,Kenny Satterfield,Cincinnati,2.0,75.0,1062.0,321.0,95.0,176.0,0.335,0.218,0.746,-1.1,-0.051,-4.1,-0.6,2001,14.2,4.3,1.3,2.3,https://www.sports-reference.com/cbb/players/kenny-satterfield-1.html,2001
55,SAC,Maurice Jeffers,Saint Louis,,,,,,,,,,,,,,2001,,,,,https://www.sports-reference.com/cbb/players/maurice-jeffers-1.html,2001
56,SAS,Robertas Javtokas,,,,,,,,,,,,,,,2001,,,,,,2001
57,PHI,Alvin Jones,Georgia Tech,1.0,23.0,126.0,26.0,36.0,3.0,0.4,,0.5,0.1,0.034,-8.7,-0.2,2001,5.5,1.1,1.6,0.1,https://www.sports-reference.com/cbb/players/alvin-jones-1.html,2001
58,SAS,Bryan Bracey,Oregon,,,,,,,,,,,,,,2001,,,,,https://www.sports-reference.com/cbb/players/bryan-bracey-1.html,2001
1,HOU,Yao Ming,,8.0,486.0,15818.0,9247.0,4494.0,769.0,0.524,0.2,0.833,65.9,0.2,3.2,20.7,2002,32.5,19.0,9.2,1.6,,2002
2,CHI,Jay Williams,Duke,1.0,75.0,1961.0,714.0,195.0,350.0,0.399,0.322,0.64,0.8,0.02,-2.0,0.0,2002,26.1,9.5,2.6,4.7,https://www.sports-reference.com/cbb/players/jay-williams-1.html,2002
3,GSW,Mike Dunleavy,Duke,15.0,986.0,27340.0,11048.0,4211.0,2185.0,0.441,0.377,0.803,58.5,0.103,0.3,15.7,2002,27.7,11.2,4.3,2.2,https://www.sports-reference.com/cbb/players/mike-dunleavy-1.html,2002
4,MEM,Drew Gooden,Kansas,14.0,790.0,20127.0,8653.0,5618.0,896.0,0.462,0.257,0.76,43.9,0.105,-1.2,4.3,2002,25.5,11.0,7.1,1.1,https://www.sports-reference.com/cbb/players/drew-gooden-1.html,2002
5,DEN,Nikoloz Tskitishvili,,4.0,172.0,1946.0,507.0,307.0,114.0,0.304,0.235,0.73,-1.6,-0.039,-6.1,-2.0,2002,11.3,2.9,1.8,0.7,,2002
6,CLE,Dajuan Wagner,Memphis,4.0,103.0,2202.0,964.0,142.0,195.0,0.366,0.321,0.77,0.0,0.0,-4.9,-1.6,2002,21.4,9.4,1.4,1.9,https://www.sports-reference.com/cbb/players/dajuan-wagner-1.html,2002
7,NYK,Nenê,,17.0,965.0,25237.0,10909.0,5828.0,1719.0,0.548,0.132,0.66,73.3,0.139,1.0,18.8,2002,26.2,11.3,6.0,1.8,,2002
8,LAC,Chris Wilcox,Maryland,11.0,628.0,12474.0,5150.0,3076.0,455.0,0.541,0.0,0.643,26.9,0.103,-1.6,1.2,2002,19.9,8.2,4.9,0.7,https://www.sports-reference.com/cbb/players/chris-wilcox-1.html,2002
9,PHO,Amar'e Stoudemire,,14.0,846.0,26254.0,15994.0,6632.0,1050.0,0.537,0.236,0.761,92.5,0.169,1.3,21.9,2002,31.0,18.9,7.8,1.2,,2002
10,MIA,Caron Butler,UConn,14.0,881.0,28333.0,12430.0,4387.0,2007.0,0.434,0.348,0.847,50.9,0.086,-0.2,12.6,2002,32.2,14.1,5.0,2.3,https://www.sports-reference.com/cbb/players/caron-butler-1.html,2002
11,WAS,Jared Jeffries,Indiana,11.0,629.0,13579.0,3003.0,2563.0,798.0,0.426,0.25,0.583,13.1,0.046,-2.4,-1.5,2002,21.6,4.8,4.1,1.3,https://www.sports-reference.com/cbb/players/jared-jeffries-1.html,2002
12,LAC,Melvin Ely,Fresno State,9.0,375.0,6005.0,1992.0,1215.0,261.0,0.46,0.0,0.625,4.0,0.032,-4.0,-3.1,2002,16.0,5.3,3.2,0.7,https://www.sports-reference.com/cbb/players/melvin-ely-1.html,2002
13,MIL,Marcus Haislip,Tennessee,4.0,89.0,854.0,311.0,131.0,16.0,0.437,0.35,0.659,0.5,0.026,-4.7,-0.6,2002,9.6,3.5,1.5,0.2,https://www.sports-reference.com/cbb/players/marcus-haislip-1.html,2002
14,IND,Fred Jones,Oregon,7.0,430.0,10299.0,3206.0,958.0,990.0,0.411,0.353,0.809,16.5,0.077,-1.0,2.6,2002,24.0,7.5,2.2,2.3,https://www.sports-reference.com/cbb/players/fred-jones-1.html,2002
15,HOU,Boštjan Nachbar,,6.0,317.0,5628.0,2252.0,836.0,283.0,0.406,0.375,0.784,8.7,0.074,-1.6,0.6,2002,17.8,7.1,2.6,0.9,,2002
16,PHI,Jiří Welsch,,4.0,247.0,4596.0,1519.0,602.0,375.0,0.403,0.343,0.752,5.7,0.059,-1.9,0.1,2002,18.6,6.1,2.4,1.5,,2002
17,WAS,Juan Dixon,Maryland,7.0,436.0,8509.0,3678.0,816.0,775.0,0.413,0.341,0.833,6.1,0.034,-2.1,-0.3,2002,19.5,8.4,1.9,1.8,https://www.sports-reference.com/cbb/players/juan-dixon-1.html,2002
18,ORL,Curtis Borchardt,Stanford,2.0,83.0,1117.0,258.0,278.0,64.0,0.421,0.0,0.742,1.0,0.041,-3.8,-0.5,2002,13.5,3.1,3.3,0.8,https://www.sports-reference.com/cbb/players/curtis-borchardt-1.html,2002
19,UTA,Ryan Humphrey,Notre Dame,3.0,85.0,772.0,197.0,189.0,18.0,0.344,0.0,0.539,-0.4,-0.027,-8.1,-1.2,2002,9.1,2.3,2.2,0.2,https://www.sports-reference.com/cbb/players/ryan-humphrey-1.html,2002
20,TOR,Kareem Rush,Missouri,7.0,346.0,5956.0,2213.0,572.0,353.0,0.4,0.358,0.703,1.7,0.013,-3.2,-1.8,2002,17.2,6.4,1.7,1.0,https://www.sports-reference.com/cbb/players/kareem-rush-1.html,2002
21,POR,Qyntel Woods,Northeast Mississippi Community College,4.0,167.0,2060.0,691.0,385.0,105.0,0.452,0.357,0.603,1.4,0.032,-2.7,-0.4,2002,12.3,4.1,2.3,0.6,https://www.sports-reference.com/cbb/players/qyntel-woods-1.html,2002
22,PHO,Casey Jacobsen,Stanford,4.0,287.0,5320.0,1488.0,516.0,304.0,0.393,0.352,0.769,6.2,0.056,-2.2,-0.3,2002,18.5,5.2,1.8,1.1,https://www.sports-reference.com/cbb/players/casey-jacobsen-1.html,2002
23,DET,Tayshaun Prince,Kentucky,14.0,1017.0,31576.0,11272.0,4332.0,2406.0,0.455,0.367,0.756,63.1,0.096,0.3,18.0,2002,31.0,11.1,4.3,2.4,https://www.sports-reference.com/cbb/players/tayshaun-prince-1.html,2002
24,BRK,Nenad Krstić,,7.0,419.0,10547.0,4210.0,2261.0,346.0,0.494,0.143,0.73,21.5,0.098,-2.6,-1.5,2002,25.2,10.0,5.4,0.8,,2002
25,DEN,Frank Williams,Illinois,3.0,86.0,952.0,253.0,77.0,166.0,0.352,0.3,0.833,0.1,0.003,-3.2,-0.3,2002,11.1,2.9,0.9,1.9,https://www.sports-reference.com/cbb/players/frank-williams-1.html,2002
26,SAS,John Salmons,Miami (FL),13.0,895.0,23672.0,8292.0,2603.0,2183.0,0.431,0.366,0.799,33.9,0.069,-0.9,6.7,2002,26.4,9.3,2.9,2.4,https://www.sports-reference.com/cbb/players/john-salmons-1.html,2002
27,LAL,Chris Jefferies,Fresno State,2.0,72.0,861.0,281.0,88.0,29.0,0.383,0.365,0.667,-0.5,-0.03,-5.5,-0.8,2002,12.0,3.9,1.2,0.4,https://www.sports-reference.com/cbb/players/chris-jefferies-1.html,2002
28,SAC,Dan Dickau,Gonzaga,6.0,300.0,4617.0,1745.0,405.0,752.0,0.401,0.341,0.831,5.9,0.061,-1.5,0.6,2002,15.4,5.8,1.4,2.5,https://www.sports-reference.com/cbb/players/dan-dickau-1.html,2002
30,GSW,Steve Logan,Cincinnati,,,,,,,,,,,,,,2002,,,,,https://www.sports-reference.com/cbb/players/steve-logan-1.html,2002
31,CHI,Roger Mason,Virginia,10.0,518.0,9147.0,3289.0,897.0,677.0,0.408,0.383,0.866,13.0,0.068,-1.4,1.4,2002,17.7,6.3,1.7,1.3,https://www.sports-reference.com/cbb/players/roger-mason-1.html,2002
32,MEM,Robert Archibald,Illinois,2.0,44.0,328.0,51.0,69.0,16.0,0.283,,0.429,0.0,-0.004,-6.1,-0.3,2002,7.5,1.2,1.6,0.4,https://www.sports-reference.com/cbb/players/robert-archibald-1.html,2002
33,DEN,Vincent Yarbrough,Tennessee,1.0,59.0,1381.0,406.0,162.0,130.0,0.393,0.269,0.79,1.0,0.035,-2.4,-0.1,2002,23.4,6.9,2.7,2.2,https://www.sports-reference.com/cbb/players/vincent-yarbrough-1.html,2002
34,MIL,Dan Gadzuric,UCLA,10.0,527.0,7793.0,2465.0,2326.0,196.0,0.5,0.0,0.498,15.8,0.097,-2.3,-0.7,2002,14.8,4.7,4.4,0.4,https://www.sports-reference.com/cbb/players/dan-gadzuric-1.html,2002
35,CLE,Carlos Boozer,Duke,13.0,861.0,26901.0,13976.0,8192.0,1928.0,0.521,0.071,0.722,80.3,0.143,1.4,23.1,2002,31.2,16.2,9.5,2.2,https://www.sports-reference.com/cbb/players/carlos-boozer-1.html,2002
36,NYK,Milos Vujanic,,,,,,,,,,,,,,,2002,,,,,,2002
37,ATL,David Andersen,,2.0,103.0,1264.0,501.0,292.0,57.0,0.44,0.347,0.674,1.5,0.059,-2.9,-0.3,2002,12.3,4.9,2.8,0.6,,2002
38,HOU,Tito Maddox,Fresno State,1.0,9.0,35.0,11.0,7.0,5.0,0.25,0.0,0.625,0.0,-0.011,-1.4,0.0,2002,3.9,1.2,0.8,0.6,https://www.sports-reference.com/cbb/players/tito-maddox-1.html,2002
39,WAS,Rod Grizzard,Alabama,,,,,,,,,,,,,,2002,,,,,https://www.sports-reference.com/cbb/players/rod-grizzard-1.html,2002
40,WAS,Juan Carlos Navarro,,1.0,82.0,2117.0,896.0,210.0,177.0,0.402,0.361,0.849,1.4,0.031,-2.3,-0.2,2002,25.8,10.9,2.6,2.2,,2002
41,LAC,Mario Kasun,,2.0,73.0,569.0,198.0,188.0,11.0,0.467,0.0,0.636,0.8,0.069,-7.0,-0.7,2002,7.8,2.7,2.6,0.2,,2002
42,MIL,Ronald Murray,Shaw,8.0,487.0,11077.0,4817.0,1006.0,1096.0,0.414,0.304,0.725,8.5,0.037,-2.2,-0.5,2002,22.7,9.9,2.1,2.3,https://www.sports-reference.com/cbb/players/ronald-murray-1.html,2002
43,POR,Jason Jennings,Arkansas State University,,,,,,,,,,,,,,2002,,,,,https://www.sports-reference.com/cbb/players/jason-jennings-1.html,2002
44,CHI,Lonny Baxter,Maryland,4.0,162.0,1884.0,637.0,477.0,40.0,0.466,0.2,0.657,2.9,0.075,-4.6,-1.2,2002,11.6,3.9,2.9,0.2,https://www.sports-reference.com/cbb/players/lonny-baxter-1.html,2002
45,PHI,Sam Clancy,USC,,,,,,,,,,,,,,2002,,,,,https://www.sports-reference.com/cbb/players/sam-clancy-1.html,2002
46,MEM,Matt Barnes,UCLA,14.0,929.0,21967.0,7589.0,4281.0,1691.0,0.436,0.335,0.745,42.8,0.093,-0.1,10.7,2002,23.6,8.2,4.6,1.8,https://www.sports-reference.com/cbb/players/matt-barnes-1.html,2002
47,UTA,Jamal Sampson,California,5.0,72.0,631.0,142.0,242.0,26.0,0.491,0.0,0.537,1.4,0.106,-2.3,-0.1,2002,8.8,2.0,3.4,0.4,https://www.sports-reference.com/cbb/players/jamal-sampson-1.html,2002
48,MIL,Chris Owens,Texas,1.0,1.0,6.0,4.0,1.0,0.0,0.667,,,0.0,-0.032,-0.5,0.0,2002,6.0,4.0,1.0,0.0,https://www.sports-reference.com/cbb/players/chris-owens-1.html,2002
49,OKC,Peter Fehse,,,,,,,,,,,,,,,2002,,,,,,2002
50,BOS,Darius Songaila,Wake Forest,8.0,495.0,9229.0,3415.0,1689.0,589.0,0.499,0.158,0.844,15.9,0.083,-2.1,-0.2,2002,18.6,6.9,3.4,1.2,https://www.sports-reference.com/cbb/players/darius-songaila-1.html,2002
51,POR,Federico Kammerichs,,,,,,,,,,,,,,,2002,,,,,,2002
52,MIN,Marcus Taylor,Michigan State,,,,,,,,,,,,,,2002,,,,,https://www.sports-reference.com/cbb/players/marcus-taylor-1.html,2002
53,MIA,Rasual Butler,La Salle,13.0,809.0,17219.0,6092.0,1934.0,658.0,0.403,0.362,0.747,20.8,0.058,-1.4,2.6,2002,21.3,7.5,2.4,0.8,https://www.sports-reference.com/cbb/players/rasual-butler-1.html,2002
54,BRK,Tamar Slay,Marshall,3.0,66.0,517.0,173.0,70.0,31.0,0.361,0.265,0.538,-0.3,-0.029,-5.7,-0.5,2002,7.8,2.6,1.1,0.5,https://www.sports-reference.com/cbb/players/tamar-slay-1.html,2002
55,DAL,Mladen Sekularac,,,,,,,,,,,,,,,2002,,,,,,2002
56,SAS,Luis Scola,,10.0,743.0,19001.0,8882.0,4941.0,1194.0,0.493,0.339,0.74,45.7,0.115,-0.7,6.4,2002,25.6,12.0,6.7,1.6,,2002
57,SAS,Randy Holcomb,San Diego State,1.0,4.0,11.0,2.0,1.0,0.0,1.0,,,0.0,0.15,-1.7,0.0,2002,2.8,0.5,0.3,0.0,https://www.sports-reference.com/cbb/players/randy-holcomb-1.html,2002
58,SAC,Corsley Edwards,Central Connecticut State University,1.0,10.0,110.0,27.0,25.0,3.0,0.323,,0.583,0.1,0.026,-6.2,-0.1,2002,11.0,2.7,2.5,0.3,https://www.sports-reference.com/cbb/players/corsley-edwards-1.html,2002
1,CLE,LeBron James,,19.0,1351.0,51563.0,36559.0,10075.0,9962.0,0.505,0.345,0.734,248.3,0.231,8.9,141.4,2003,38.2,27.1,7.5,7.4,,2003
2,DET,Darko Miličić,,10.0,468.0,8638.0,2813.0,1971.0,405.0,0.46,0.0,0.574,7.1,0.04,-2.4,-0.9,2003,18.5,6.0,4.2,0.9,,2003
3,DEN,Carmelo Anthony,Syracuse,19.0,1241.0,43048.0,28042.0,7728.0,3406.0,0.447,0.356,0.814,107.9,0.12,1.4,36.7,2003,34.7,22.6,6.2,2.7,https://www.sports-reference.com/cbb/players/carmelo-anthony-1.html,2003
4,TOR,Chris Bosh,Georgia Tech,13.0,893.0,31936.0,17189.0,7592.0,1795.0,0.494,0.335,0.799,106.0,0.159,1.9,31.1,2003,35.8,19.2,8.5,2.0,https://www.sports-reference.com/cbb/players/chris-bosh-1.html,2003
5,MIA,Dwyane Wade,Marquette,16.0,1054.0,35773.0,23165.0,4933.0,5701.0,0.48,0.293,0.765,120.7,0.162,5.0,62.8,2003,33.9,22.0,4.7,5.4,https://www.sports-reference.com/cbb/players/dwyane-wade-1.html,2003
6,LAC,Chris Kaman,Central Michigan University,13.0,735.0,19642.0,8208.0,5582.0,921.0,0.489,0.042,0.743,24.6,0.06,-1.9,0.4,2003,26.7,11.2,7.6,1.3,https://www.sports-reference.com/cbb/players/chris-kaman-1.html,2003
7,CHI,Kirk Hinrich,Kansas,13.0,879.0,27015.0,9594.0,2576.0,4245.0,0.411,0.375,0.8,52.5,0.093,0.0,13.3,2003,30.7,10.9,2.9,4.8,https://www.sports-reference.com/cbb/players/kirk-hinrich-1.html,2003
8,MIL,T.J. Ford,Texas,8.0,429.0,11882.0,4797.0,1331.0,2495.0,0.433,0.289,0.815,16.9,0.068,-0.4,4.6,2003,27.7,11.2,3.1,5.8,https://www.sports-reference.com/cbb/players/t.j.-ford-1.html,2003
9,NYK,Mike Sweetney,Georgetown,4.0,233.0,3610.0,1516.0,1045.0,145.0,0.485,0.0,0.689,7.8,0.103,-2.7,-0.6,2003,15.5,6.5,4.5,0.6,https://www.sports-reference.com/cbb/players/mike-sweetney-1.html,2003
10,WAS,Jarvis Hayes,Georgia,7.0,427.0,9898.0,3553.0,1330.0,459.0,0.415,0.356,0.798,10.2,0.049,-2.5,-1.3,2003,23.2,8.3,3.1,1.1,https://www.sports-reference.com/cbb/players/jarvis-hayes-1.html,2003
11,GSW,Mickaël Piétrus,,10.0,557.0,11950.0,4629.0,1723.0,445.0,0.425,0.355,0.665,19.7,0.079,-0.9,3.2,2003,21.5,8.3,3.1,0.8,,2003
12,OKC,Nick Collison,Kansas,14.0,910.0,18603.0,5359.0,4701.0,939.0,0.534,0.208,0.723,44.5,0.115,-1.3,3.1,2003,20.4,5.9,5.2,1.0,https://www.sports-reference.com/cbb/players/nick-collison-1.html,2003
13,MEM,Marcus Banks,UNLV,8.0,348.0,5571.0,2061.0,519.0,728.0,0.432,0.327,0.768,6.6,0.057,-2.0,-0.1,2003,16.0,5.9,1.5,2.1,https://www.sports-reference.com/cbb/players/marcus-banks-1.html,2003
14,OKC,Luke Ridnour,Oregon,12.0,830.0,21623.0,7740.0,1877.0,3713.0,0.431,0.349,0.862,36.0,0.08,-0.6,7.5,2003,26.1,9.3,2.3,4.5,https://www.sports-reference.com/cbb/players/luke-ridnour-1.html,2003
15,ORL,Reece Gaines,Louisville,3.0,71.0,605.0,123.0,53.0,50.0,0.324,0.269,0.606,-0.6,-0.049,-6.1,-0.6,2003,8.5,1.7,0.7,0.7,https://www.sports-reference.com/cbb/players/reece-gaines-1.html,2003
16,BOS,Troy Bell,Boston College,1.0,6.0,34.0,11.0,4.0,4.0,0.222,0.0,1.0,-0.2,-0.326,-19.6,-0.2,2003,5.7,1.8,0.7,0.7,https://www.sports-reference.com/cbb/players/troy-bell-1.html,2003
17,PHO,Žarko Čabarkapa,,3.0,150.0,1550.0,640.0,312.0,85.0,0.427,0.273,0.733,1.1,0.035,-3.9,-0.7,2003,10.3,4.3,2.1,0.6,,2003
18,NOP,David West,Xavier,15.0,1034.0,29144.0,14034.0,6590.0,2273.0,0.495,0.265,0.817,85.9,0.141,1.7,27.6,2003,28.2,13.6,6.4,2.2,https://www.sports-reference.com/cbb/players/david-west-1.html,2003
19,UTA,Sasha Pavlović,,10.0,567.0,8888.0,2787.0,1000.0,517.0,0.404,0.346,0.673,7.0,0.038,-3.4,-3.1,2003,15.7,4.9,1.8,0.9,,2003
20,BOS,Dahntay Jones,Duke,13.0,624.0,9799.0,3353.0,1082.0,529.0,0.439,0.329,0.751,9.9,0.048,-3.7,-4.1,2003,15.7,5.4,1.7,0.8,https://www.sports-reference.com/cbb/players/dahntay-jones-1.html,2003
21,ATL,Boris Diaw,,14.0,1064.0,28768.0,9139.0,4634.0,3684.0,0.493,0.336,0.717,51.6,0.086,0.1,15.5,2003,27.0,8.6,4.4,3.5,,2003
22,BRK,Zoran Planinić,,3.0,148.0,1584.0,561.0,198.0,165.0,0.405,0.289,0.677,1.5,0.046,-3.5,-0.6,2003,10.7,3.8,1.3,1.1,,2003
23,POR,Travis Outlaw,,11.0,622.0,13026.0,5273.0,1974.0,514.0,0.423,0.337,0.744,16.5,0.061,-1.4,2.1,2003,20.9,8.5,3.2,0.8,,2003
24,LAL,Brian Cook,Illinois,9.0,421.0,5649.0,2312.0,1115.0,252.0,0.439,0.382,0.783,10.2,0.086,-1.6,0.5,2003,13.4,5.5,2.6,0.6,https://www.sports-reference.com/cbb/players/brian-cook-1.html,2003
25,DET,Carlos Delfino,,8.0,507.0,11580.0,4115.0,1815.0,887.0,0.401,0.365,0.758,22.5,0.093,0.5,7.2,2003,22.8,8.1,3.6,1.7,,2003
26,MIN,Ndudi Ebi,,2.0,19.0,86.0,40.0,19.0,4.0,0.486,0.0,0.462,0.1,0.051,-3.8,0.0,2003,4.5,2.1,1.0,0.2,,2003
27,MEM,Kendrick Perkins,,14.0,782.0,17162.0,4214.0,4532.0,813.0,0.53,0.0,0.594,27.9,0.078,-1.9,0.6,2003,21.9,5.4,5.8,1.0,,2003
28,SAS,Leandro Barbosa,,14.0,850.0,18386.0,9035.0,1720.0,1775.0,0.459,0.387,0.821,37.4,0.098,-0.2,8.6,2003,21.6,10.6,2.0,2.1,,2003
29,DAL,Josh Howard,Wake Forest,10.0,507.0,15350.0,7270.0,2886.0,817.0,0.448,0.332,0.77,38.0,0.119,0.6,10.0,2003,30.3,14.3,5.7,1.6,https://www.sports-reference.com/cbb/players/josh-howard-1.html,2003
30,NYK,Maciej Lampe,,3.0,64.0,632.0,215.0,142.0,22.0,0.407,0.25,0.676,-0.2,-0.014,-7.0,-0.8,2003,9.9,3.4,2.2,0.3,,2003
31,CLE,Jason Kapono,UCLA,9.0,509.0,9068.0,3398.0,844.0,417.0,0.442,0.434,0.835,10.3,0.055,-2.6,-1.3,2003,17.8,6.7,1.7,0.8,https://www.sports-reference.com/cbb/players/jason-kapono-1.html,2003
32,LAL,Luke Walton,Arizona,10.0,564.0,9685.0,2649.0,1588.0,1317.0,0.429,0.326,0.715,13.5,0.067,-1.0,2.5,2003,17.2,4.7,2.8,2.3,https://www.sports-reference.com/cbb/players/luke-walton-1.html,2003
33,MIA,Jerome Beasley,University of North Dakota,1.0,2.0,5.0,2.0,1.0,0.0,0.333,,,0.0,-0.117,-5.2,0.0,2003,2.5,1.0,0.5,0.0,https://www.sports-reference.com/cbb/players/jerome-beasley-1.html,2003
34,LAC,Sofoklis Schortsanitis,,,,,,,,,,,,,,,2003,,,,,,2003
35,MIL,Szymon Szewczyk,,,,,,,,,,,,,,,2003,,,,,,2003
36,CHI,Mario Austin,Mississippi State,,,,,,,,,,,,,,2003,,,,,https://www.sports-reference.com/cbb/players/mario-austin-1.html,2003
37,ATL,Travis Hansen,BYU,1.0,41.0,507.0,123.0,70.0,19.0,0.354,0.3,0.815,0.2,0.019,-6.2,-0.5,2003,12.4,3.0,1.7,0.5,https://www.sports-reference.com/cbb/players/travis-hansen-1.html,2003
38,WAS,Steve Blake,Maryland,13.0,870.0,20823.0,5662.0,1816.0,3446.0,0.401,0.383,0.779,29.1,0.067,-1.2,4.2,2003,23.9,6.5,2.1,4.0,https://www.sports-reference.com/cbb/players/steve-blake-1.html,2003
39,NYK,Slavko Vraneš,,1.0,1.0,3.0,0.0,0.0,0.0,0.0,,,0.0,-0.371,-26.2,0.0,2003,3.0,0.0,0.0,0.0,,2003
40,GSW,Derrick Zimmerman,Mississippi State,1.0,2.0,32.0,4.0,4.0,7.0,0.667,,,0.0,0.004,-10.4,-0.1,2003,16.0,2.0,2.0,3.5,https://www.sports-reference.com/cbb/players/derrick-zimmerman-1.html,2003
41,OKC,Willie Green,Detroit Mercy,12.0,731.0,14783.0,6059.0,1303.0,1018.0,0.425,0.346,0.765,12.9,0.042,-2.7,-2.7,2003,20.2,8.3,1.8,1.4,https://www.sports-reference.com/cbb/players/willie-green-1.html,2003
42,ORL,Zaza Pachulia,,16.0,1098.0,22240.0,7414.0,6315.0,1433.0,0.469,0.0,0.751,52.7,0.114,-1.5,2.9,2003,20.3,6.8,5.8,1.3,,2003
43,MIL,Keith Bogans,Kentucky,11.0,671.0,14527.0,4257.0,1817.0,866.0,0.394,0.353,0.716,20.4,0.068,-1.5,1.9,2003,21.6,6.3,2.7,1.3,https://www.sports-reference.com/cbb/players/keith-bogans-1.html,2003
44,HOU,Malick Badiane,,,,,,,,,,,,,,,2003,,,,,,2003
45,CHI,Matt Bonner,Florida,12.0,792.0,13356.0,4632.0,2371.0,552.0,0.464,0.414,0.78,38.5,0.138,1.0,10.1,2003,16.9,5.8,3.0,0.7,https://www.sports-reference.com/cbb/players/matt-bonner-1.html,2003
46,DEN,Sani Bečirovič,,,,,,,,,,,,,,,2003,,,,,,2003
47,UTA,Mo Williams,Alabama,13.0,818.0,23872.0,10759.0,2264.0,3990.0,0.434,0.378,0.871,40.0,0.08,-0.3,10.0,2003,29.2,13.2,2.8,4.9,https://www.sports-reference.com/cbb/players/mo-williams-1.html,2003
48,NOP,James Lang,,1.0,11.0,55.0,11.0,11.0,2.0,0.444,,0.6,0.1,0.047,-6.4,-0.1,2003,5.0,1.0,1.0,0.2,,2003
49,IND,James Jones,Miami (FL),14.0,709.0,11098.0,3717.0,1276.0,366.0,0.401,0.401,0.84,25.2,0.109,-0.1,5.4,2003,15.7,5.2,1.8,0.5,https://www.sports-reference.com/cbb/players/james-jones-1.html,2003
50,PHI,Paccelis Morlende,,,,,,,,,,,,,,,2003,,,,,,2003
51,BRK,Kyle Korver,Creighton,17.0,1232.0,31183.0,11953.0,3643.0,2114.0,0.442,0.429,0.877,73.4,0.113,0.6,20.7,2003,25.3,9.7,3.0,1.7,https://www.sports-reference.com/cbb/players/kyle-korver-1.html,2003
52,TOR,Remon van de Hare,,,,,,,,,,,,,,,2003,,,,,,2003
53,CHI,Tommy Smith,Arizona State,,,,,,,,,,,,,,2003,,,,,https://www.sports-reference.com/cbb/players/tommy-smith-1.html,2003
54,POR,Nedžad Sinanović,,,,,,,,,,,,,,,2003,,,,,,2003
55,MIN,Rick Rickert,Minnesota,,,,,,,,,,,,,,2003,,,,,https://www.sports-reference.com/cbb/players/rick-rickert-1.html,2003
56,BOS,Brandon Hunter,Ohio University,2.0,67.0,630.0,220.0,187.0,22.0,0.476,0.0,0.488,0.7,0.055,-3.7,-0.3,2003,9.4,3.3,2.8,0.3,https://www.sports-reference.com/cbb/players/brandon-hunter-1.html,2003
57,DAL,Xue Yuyang,,,,,,,,,,,,,,,2003,,,,,,2003
58,DET,Andreas Glyniadakis,,1.0,13.0,81.0,17.0,8.0,1.0,0.471,,0.5,-0.2,-0.143,-14.0,-0.2,2003,6.2,1.3,0.6,0.1,,2003
1,ORL,Dwight Howard,,18.0,1224.0,39092.0,19329.0,14499.0,1663.0,0.587,0.206,0.566,140.5,0.173,1.9,38.8,2004,31.9,15.8,11.8,1.4,,2004
2,CHA,Emeka Okafor,UConn,10.0,616.0,19055.0,7370.0,5967.0,520.0,0.512,0.0,0.586,45.3,0.114,-0.6,6.8,2004,30.9,12.0,9.7,0.8,https://www.sports-reference.com/cbb/players/emeka-okafor-1.html,2004
3,CHI,Ben Gordon,UConn,11.0,744.0,20366.0,11084.0,1851.0,1868.0,0.432,0.401,0.857,33.3,0.078,-0.3,8.7,2004,27.4,14.9,2.5,2.5,https://www.sports-reference.com/cbb/players/ben-gordon-1.html,2004
4,LAC,Shaun Livingston,,14.0,833.0,17188.0,5231.0,1989.0,2483.0,0.486,0.178,0.794,29.9,0.084,-1.0,4.3,2004,20.6,6.3,2.4,3.0,,2004
5,WAS,Devin Harris,Wisconsin,15.0,985.0,23963.0,10597.0,2151.0,3869.0,0.432,0.325,0.796,54.9,0.11,0.6,15.5,2004,24.3,10.8,2.2,3.9,https://www.sports-reference.com/cbb/players/devin-harris-1.html,2004
6,ATL,Josh Childress,Stanford,8.0,391.0,10432.0,3548.0,1850.0,609.0,0.522,0.329,0.779,25.7,0.118,0.8,7.4,2004,26.7,9.1,4.7,1.6,https://www.sports-reference.com/cbb/players/josh-childress-1.html,2004
7,PHO,Luol Deng,Duke,15.0,902.0,30941.0,13361.0,5468.0,2042.0,0.456,0.332,0.769,74.0,0.115,0.9,22.9,2004,34.3,14.8,6.1,2.3,https://www.sports-reference.com/cbb/players/luol-deng-1.html,2004
8,TOR,Rafael Araújo,BYU,3.0,139.0,1585.0,389.0,395.0,41.0,0.405,0.25,0.679,-0.4,-0.013,-7.2,-2.1,2004,11.4,2.8,2.8,0.3,https://www.sports-reference.com/cbb/players/rafael-araújo-1.html,2004
9,PHI,Andre Iguodala,Arizona,18.0,1218.0,39309.0,13934.0,6016.0,5113.0,0.463,0.331,0.709,100.2,0.122,2.2,41.3,2004,32.3,11.4,4.9,4.2,https://www.sports-reference.com/cbb/players/andre-iguodala-1.html,2004
10,CLE,Luke Jackson,Oregon,4.0,73.0,724.0,252.0,89.0,58.0,0.357,0.36,0.732,0.2,0.01,-3.7,-0.3,2004,9.9,3.5,1.2,0.8,https://www.sports-reference.com/cbb/players/luke-jackson-1.html,2004
11,GSW,Andris Biedriņš,,10.0,516.0,11146.0,3247.0,3631.0,467.0,0.594,0.0,0.5,30.7,0.132,-0.4,4.6,2004,21.6,6.3,7.0,0.9,,2004
12,OKC,Robert Swift,,4.0,97.0,1500.0,416.0,376.0,20.0,0.506,,0.61,1.7,0.054,-3.8,-0.7,2004,15.5,4.3,3.9,0.2,,2004
13,POR,Sebastian Telfair,,10.0,564.0,12149.0,4183.0,898.0,1960.0,0.39,0.319,0.777,5.0,0.02,-3.4,-4.2,2004,21.5,7.4,1.6,3.5,,2004
14,UTA,Kris Humphries,Minnesota,13.0,800.0,14232.0,5350.0,4314.0,556.0,0.463,0.293,0.7,30.3,0.102,-1.7,1.2,2004,17.8,6.7,5.4,0.7,https://www.sports-reference.com/cbb/players/kris-humphries-1.html,2004
15,BOS,Al Jefferson,,14.0,915.0,26299.0,14343.0,7690.0,1347.0,0.499,0.121,0.711,71.0,0.13,1.2,21.3,2004,28.7,15.7,8.4,1.5,,2004
16,UTA,Kirk Snyder,Nevada,4.0,211.0,3540.0,1333.0,491.0,241.0,0.438,0.327,0.699,4.5,0.061,-1.2,0.7,2004,16.8,6.3,2.3,1.1,https://www.sports-reference.com/cbb/players/kirk-snyder-1.html,2004
17,ATL,Josh Smith,,13.0,894.0,29000.0,12996.0,6653.0,2789.0,0.452,0.285,0.632,51.0,0.084,1.7,27.2,2004,32.4,14.5,7.4,3.1,,2004
18,NOP,J.R. Smith,,16.0,977.0,26275.0,12148.0,3073.0,2077.0,0.419,0.373,0.733,46.3,0.084,0.2,14.7,2004,26.9,12.4,3.1,2.1,,2004
19,MIA,Dorell Wright,,11.0,549.0,12280.0,4597.0,2093.0,850.0,0.424,0.365,0.806,25.9,0.101,0.9,9.1,2004,22.4,8.4,3.8,1.5,,2004
20,DEN,Jameer Nelson,Saint Joseph's,14.0,878.0,24539.0,9940.0,2595.0,4508.0,0.436,0.368,0.81,48.3,0.094,-0.1,11.6,2004,27.9,11.3,3.0,5.1,https://www.sports-reference.com/cbb/players/jameer-nelson-1.html,2004
21,UTA,Pavel Podkolzin,,2.0,6.0,28.0,4.0,9.0,0.0,0.0,,0.5,-0.1,-0.163,-15.0,-0.1,2004,4.7,0.7,1.5,0.0,,2004
22,BRK,Viktor Khryapa,,4.0,143.0,2351.0,643.0,492.0,142.0,0.443,0.292,0.658,2.0,0.041,-3.5,-0.9,2004,16.4,4.5,3.4,1.0,,2004
23,POR,Sergei Monia,,1.0,26.0,343.0,77.0,52.0,19.0,0.333,0.265,0.714,-0.2,-0.025,-5.3,-0.3,2004,13.2,3.0,2.0,0.7,,2004
24,BOS,Delonte West,Saint Joseph's,8.0,432.0,11842.0,4198.0,1265.0,1540.0,0.448,0.372,0.826,24.5,0.099,0.9,8.7,2004,27.4,9.7,2.9,3.6,https://www.sports-reference.com/cbb/players/delonte-west-1.html,2004
25,BOS,Tony Allen,Oklahoma State,14.0,820.0,18055.0,6654.0,2884.0,1077.0,0.475,0.282,0.709,38.7,0.103,0.3,10.4,2004,22.0,8.1,3.5,1.3,https://www.sports-reference.com/cbb/players/tony-allen-1.html,2004
26,SAC,Kevin Martin,Western Carolina University,12.0,714.0,21559.0,12396.0,2278.0,1352.0,0.437,0.384,0.87,61.3,0.137,1.0,16.1,2004,30.2,17.4,3.2,1.9,https://www.sports-reference.com/cbb/players/kevin-martin-1.html,2004
27,LAL,Sasha Vujačić,,10.0,581.0,8908.0,3094.0,1093.0,748.0,0.39,0.367,0.858,16.0,0.086,-1.0,2.3,2004,15.3,5.3,1.9,1.3,,2004
28,SAS,Beno Udrih,,13.0,831.0,18185.0,6952.0,1712.0,2858.0,0.463,0.349,0.833,31.4,0.083,-0.9,4.9,2004,21.9,8.4,2.1,3.4,,2004
29,IND,David Harrison,Colorado,4.0,189.0,2686.0,949.0,549.0,47.0,0.53,,0.525,3.2,0.057,-4.4,-1.7,2004,14.2,5.0,2.9,0.2,https://www.sports-reference.com/cbb/players/david-harrison-1.html,2004
30,ORL,Anderson Varejão,,14.0,632.0,15087.0,4574.0,4531.0,737.0,0.509,0.023,0.63,46.4,0.148,0.3,8.8,2004,23.9,7.2,7.2,1.2,,2004
31,CHI,Jackson Vroman,Iowa State,2.0,87.0,1111.0,285.0,261.0,51.0,0.408,0.0,0.58,0.0,0.001,-5.1,-0.9,2004,12.8,3.3,3.0,0.6,https://www.sports-reference.com/cbb/players/jackson-vroman-1.html,2004
32,WAS,Peter John Ramos,,1.0,6.0,20.0,11.0,4.0,0.0,0.5,,0.5,0.0,-0.108,-10.0,0.0,2004,3.3,1.8,0.7,0.0,,2004
33,LAC,Lionel Chalmers,Xavier,1.0,36.0,433.0,111.0,31.0,51.0,0.336,0.245,0.625,-0.2,-0.025,-5.3,-0.4,2004,12.0,3.1,0.9,1.4,https://www.sports-reference.com/cbb/players/lionel-chalmers-1.html,2004
34,ATL,Donta Smith,Southeastern Illinois College,2.0,61.0,560.0,165.0,66.0,48.0,0.421,0.308,0.65,0.5,0.043,-3.2,-0.2,2004,9.2,2.7,1.1,0.8,https://www.sports-reference.com/cbb/players/donta-smith-1.html,2004
35,OKC,Andre Emmett,Texas Tech,2.0,14.0,73.0,20.0,8.0,1.0,0.462,0.0,0.615,0.1,0.04,-5.5,-0.1,2004,5.2,1.4,0.6,0.1,https://www.sports-reference.com/cbb/players/andre-emmett-1.html,2004
36,ORL,Antonio Burks,Memphis,2.0,81.0,789.0,186.0,49.0,104.0,0.387,0.235,0.571,0.1,0.004,-5.0,-0.6,2004,9.7,2.3,0.6,1.3,https://www.sports-reference.com/cbb/players/antonio-burks-1.html,2004
37,ATL,Royal Ivey,Texas,10.0,492.0,6162.0,1641.0,557.0,501.0,0.406,0.361,0.706,4.5,0.035,-3.8,-2.7,2004,12.5,3.3,1.1,1.0,https://www.sports-reference.com/cbb/players/royal-ivey-1.html,2004
38,CHI,Chris Duhon,Duke,9.0,606.0,15526.0,3946.0,1364.0,2690.0,0.393,0.363,0.784,25.0,0.077,-1.2,3.2,2004,25.6,6.5,2.3,4.4,https://www.sports-reference.com/cbb/players/chris-duhon-1.html,2004
39,TOR,Albert Miralles,,,,,,,,,,,,,,,2004,,,,,,2004
40,BOS,Justin Reed,Ole Miss,3.0,136.0,1436.0,472.0,186.0,68.0,0.404,0.0,0.752,0.5,0.016,-5.9,-1.4,2004,10.6,3.5,1.4,0.5,https://www.sports-reference.com/cbb/players/justin-reed-1.html,2004
41,OKC,David Young,NC Central,,,,,,,,,,,,,,2004,,,,,https://www.sports-reference.com/cbb/players/david-young-1.html,2004
42,ATL,Viktor Sanikidze,,,,,,,,,,,,,,,2004,,,,,,2004
43,NYK,Trevor Ariza,UCLA,18.0,1114.0,32876.0,11576.0,5341.0,2375.0,0.422,0.352,0.731,64.4,0.094,0.6,21.9,2004,29.5,10.4,4.8,2.1,https://www.sports-reference.com/cbb/players/trevor-ariza-1.html,2004
44,NOP,Tim Pickett,Florida State,,,,,,,,,,,,,,2004,,,,,https://www.sports-reference.com/cbb/players/tim-pickett-1.html,2004
45,CHA,Bernard Robinson,Michigan,3.0,128.0,1909.0,576.0,315.0,126.0,0.417,0.161,0.786,2.0,0.049,-2.0,0.0,2004,14.9,4.5,2.5,1.0,https://www.sports-reference.com/cbb/players/bernard-robinson-1.html,2004
46,POR,Ha Seung-Jin,,2.0,46.0,316.0,70.0,67.0,3.0,0.519,,0.5,-0.2,-0.029,-8.8,-0.5,2004,6.9,1.5,1.5,0.1,,2004
47,MIA,Pape Sow,Cal State Fullerton,3.0,76.0,879.0,219.0,214.0,12.0,0.416,,0.678,0.8,0.044,-5.7,-0.8,2004,11.6,2.9,2.8,0.2,https://www.sports-reference.com/cbb/players/pape-sow-1.html,2004
48,SAC,Ricky Minard,Morehead State University,,,,,,,,,,,,,,2004,,,,,https://www.sports-reference.com/cbb/players/ricky-minard-1.html,2004
49,MEM,Sergei Lishouk,,,,,,,,,,,,,,,2004,,,,,,2004
50,DAL,Vassilis Spanoulis,,1.0,31.0,272.0,85.0,22.0,28.0,0.319,0.172,0.81,-0.1,-0.01,-5.9,-0.3,2004,8.8,2.7,0.7,0.9,,2004
51,BRK,Christian Drejer,Florida,,,,,,,,,,,,,,2004,,,,,https://www.sports-reference.com/cbb/players/christian-drejer-1.html,2004
52,SAS,Romain Sato,Xavier,,,,,,,,,,,,,,2004,,,,,https://www.sports-reference.com/cbb/players/romain-sato-1.html,2004
53,MIA,Matt Freije,Vanderbilt,2.0,42.0,588.0,133.0,85.0,27.0,0.293,0.224,0.714,-0.6,-0.047,-6.0,-0.6,2004,14.0,3.2,2.0,0.6,https://www.sports-reference.com/cbb/players/matt-freije-1.html,2004
54,DET,Rickey Paulding,Missouri,,,,,,,,,,,,,,2004,,,,,https://www.sports-reference.com/cbb/players/rickey-paulding-1.html,2004
55,HOU,Luis Flores,Manhattan College,1.0,16.0,77.0,35.0,3.0,11.0,0.483,0.5,1.0,0.0,-0.02,-4.8,0.0,2004,4.8,2.2,0.2,0.7,https://www.sports-reference.com/cbb/players/luis-flores-1.html,2004
56,LAL,Marcus Douthit,Providence,,,,,,,,,,,,,,2004,,,,,https://www.sports-reference.com/cbb/players/marcus-douthit-1.html,2004
57,SAS,Sergei Karaulov,,,,,,,,,,,,,,,2004,,,,,,2004
58,MIN,Blake Stepp,Gonzaga,,,,,,,,,,,,,,2004,,,,,https://www.sports-reference.com/cbb/players/blake-stepp-1.html,2004
59,IND,Rashad Wright,Georgia,,,,,,,,,,,,,,2004,,,,,https://www.sports-reference.com/cbb/players/rashad-wright-1.html,2004
1,MIL,Andrew Bogut,Utah,14.0,706.0,19862.0,6808.0,6112.0,1546.0,0.535,0.12,0.557,50.6,0.122,1.2,16.0,2005,28.1,9.6,8.7,2.2,https://www.sports-reference.com/cbb/players/andrew-bogut-1.html,2005
2,ATL,Marvin Williams,UNC,15.0,1072.0,30159.0,10965.0,5546.0,1373.0,0.443,0.361,0.808,65.1,0.104,-0.4,12.3,2005,28.1,10.2,5.2,1.3,https://www.sports-reference.com/cbb/players/marvin-williams-1.html,2005
3,UTA,Deron Williams,Illinois,12.0,845.0,28865.0,13804.0,2619.0,6819.0,0.445,0.357,0.822,77.3,0.129,1.9,28.3,2005,34.2,16.3,3.1,8.1,https://www.sports-reference.com/cbb/players/deron-williams-1.html,2005
4,NOP,Chris Paul,Wake Forest,17.0,1148.0,39673.0,20844.0,5182.0,10894.0,0.473,0.37,0.872,198.2,0.24,7.3,93.2,2005,34.6,18.2,4.5,9.5,https://www.sports-reference.com/cbb/players/chris-paul-1.html,2005
5,CHA,Raymond Felton,UNC,14.0,971.0,28829.0,10853.0,2867.0,5096.0,0.412,0.329,0.79,40.2,0.067,-0.6,10.1,2005,29.7,11.2,3.0,5.2,https://www.sports-reference.com/cbb/players/raymond-felton-1.html,2005
6,POR,Martell Webster,,10.0,580.0,13914.0,5056.0,1811.0,588.0,0.418,0.382,0.791,24.7,0.085,-0.8,4.3,2005,24.0,8.7,3.1,1.0,,2005
7,TOR,Charlie Villanueva,UConn,11.0,656.0,13578.0,6808.0,3019.0,549.0,0.435,0.341,0.772,22.6,0.08,-0.6,4.7,2005,20.7,10.4,4.6,0.8,https://www.sports-reference.com/cbb/players/charlie-villanueva-1.html,2005
8,NYK,Channing Frye,Arizona,13.0,890.0,19772.0,7786.0,4002.0,864.0,0.44,0.388,0.822,38.9,0.094,-0.4,8.0,2005,22.2,8.7,4.5,1.0,https://www.sports-reference.com/cbb/players/channing-frye-1.html,2005
9,GSW,Ike Diogu,Arizona State,6.0,225.0,2795.0,1348.0,689.0,69.0,0.509,0.5,0.786,6.5,0.112,-3.0,-0.7,2005,12.4,6.0,3.1,0.3,https://www.sports-reference.com/cbb/players/ike-diogu-1.html,2005
10,LAL,Andrew Bynum,,8.0,418.0,10690.0,4822.0,3221.0,490.0,0.556,0.111,0.69,37.4,0.168,1.4,9.1,2005,25.6,11.5,7.7,1.2,,2005
11,ORL,Fran Vázquez,,,,,,,,,,,,,,,2005,,,,,,2005
12,LAC,Yaroslav Korolev,,2.0,34.0,168.0,39.0,16.0,13.0,0.283,0.25,0.625,-0.1,-0.024,-5.2,-0.1,2005,4.9,1.1,0.5,0.4,,2005
13,CHA,Sean May,UNC,4.0,119.0,1868.0,821.0,481.0,115.0,0.458,0.231,0.746,2.6,0.068,-1.7,0.2,2005,15.7,6.9,4.0,1.0,https://www.sports-reference.com/cbb/players/sean-may-1.html,2005
14,MIN,Rashad McCants,UNC,4.0,249.0,5037.0,2479.0,506.0,331.0,0.431,0.368,0.741,3.6,0.035,-1.7,0.4,2005,20.2,10.0,2.0,1.3,https://www.sports-reference.com/cbb/players/rashad-mccants-1.html,2005
15,BRK,Antoine Wright,Texas A&M,6.0,297.0,5714.0,1614.0,681.0,295.0,0.412,0.304,0.674,3.1,0.026,-3.7,-2.4,2005,19.2,5.4,2.3,1.0,https://www.sports-reference.com/cbb/players/antoine-wright-1.html,2005
16,TOR,Joey Graham,Oklahoma State,6.0,377.0,6117.0,2239.0,1058.0,207.0,0.483,0.3,0.815,7.8,0.061,-3.6,-2.4,2005,16.2,5.9,2.8,0.5,https://www.sports-reference.com/cbb/players/joey-graham-1.html,2005
17,IND,Danny Granger,New Mexico,10.0,586.0,18487.0,9855.0,2888.0,1097.0,0.434,0.38,0.848,48.5,0.126,1.8,17.7,2005,31.5,16.8,4.9,1.9,https://www.sports-reference.com/cbb/players/danny-granger-1.html,2005
18,BOS,Gerald Green,,12.0,658.0,13026.0,6412.0,1639.0,596.0,0.417,0.361,0.818,18.4,0.068,-1.3,2.4,2005,19.8,9.7,2.5,0.9,,2005
19,MEM,Hakim Warrick,Syracuse,8.0,526.0,10624.0,4947.0,2117.0,400.0,0.49,0.191,0.726,20.4,0.092,-1.9,0.4,2005,20.2,9.4,4.0,0.8,https://www.sports-reference.com/cbb/players/hakim-warrick-1.html,2005
20,DEN,Julius Hodge,NC State,2.0,23.0,98.0,28.0,15.0,18.0,0.44,,0.5,0.0,0.003,-3.7,0.0,2005,4.3,1.2,0.7,0.8,https://www.sports-reference.com/cbb/players/julius-hodge-1.html,2005
21,PHO,Nate Robinson,Washington,11.0,618.0,13878.0,6807.0,1446.0,1826.0,0.423,0.36,0.796,27.8,0.096,0.5,8.6,2005,22.5,11.0,2.3,3.0,https://www.sports-reference.com/cbb/players/nate-robinson-1.html,2005
22,DEN,Jarrett Jack,Georgia Tech,13.0,867.0,24140.0,9349.0,2487.0,3952.0,0.44,0.343,0.855,36.8,0.073,-0.9,6.5,2005,27.8,10.8,2.9,4.6,https://www.sports-reference.com/cbb/players/jarrett-jack-1.html,2005
23,SAC,Francisco García,Louisville,10.0,549.0,11853.0,4323.0,1400.0,747.0,0.427,0.357,0.799,18.2,0.074,-0.1,5.7,2005,21.6,7.9,2.6,1.4,https://www.sports-reference.com/cbb/players/francisco-garcía-1.html,2005
24,HOU,Luther Head,Illinois,6.0,348.0,7797.0,2842.0,845.0,747.0,0.423,0.388,0.773,14.7,0.09,0.1,4.2,2005,22.4,8.2,2.4,2.1,https://www.sports-reference.com/cbb/players/luther-head-1.html,2005
25,OKC,Johan Petro,,8.0,473.0,7262.0,2202.0,1836.0,227.0,0.462,0.154,0.678,5.5,0.037,-4.6,-4.6,2005,15.4,4.7,3.9,0.5,,2005
26,DET,Jason Maxiell,Cincinnati,10.0,618.0,11379.0,3481.0,2576.0,266.0,0.495,0.0,0.564,20.3,0.086,-2.5,-1.4,2005,18.4,5.6,4.2,0.4,https://www.sports-reference.com/cbb/players/jason-maxiell-1.html,2005
27,POR,Linas Kleiza,Missouri,7.0,409.0,8185.0,3561.0,1470.0,321.0,0.435,0.335,0.763,13.6,0.08,-2.3,-0.7,2005,20.0,8.7,3.6,0.8,https://www.sports-reference.com/cbb/players/linas-kleiza-1.html,2005
28,SAS,Ian Mahinmi,,12.0,618.0,10353.0,3209.0,2705.0,357.0,0.533,0.16,0.612,26.1,0.121,-2.0,0.1,2005,16.8,5.2,4.4,0.6,,2005
29,MIA,Wayne Simien,Kansas,2.0,51.0,507.0,169.0,99.0,11.0,0.469,,0.854,0.9,0.083,-4.4,-0.3,2005,9.9,3.3,1.9,0.2,https://www.sports-reference.com/cbb/players/wayne-simien-1.html,2005
30,NYK,David Lee,Florida,12.0,829.0,24293.0,11232.0,7320.0,1825.0,0.535,0.034,0.772,76.0,0.15,1.1,19.2,2005,29.3,13.5,8.8,2.2,https://www.sports-reference.com/cbb/players/david-lee-1.html,2005
31,ATL,Salim Stoudamire,Arizona,3.0,157.0,2672.0,1260.0,214.0,164.0,0.407,0.366,0.882,2.2,0.04,-2.9,-0.6,2005,17.0,8.0,1.4,1.0,https://www.sports-reference.com/cbb/players/salim-stoudamire-1.html,2005
32,LAC,Daniel Ewing,Duke,2.0,127.0,1683.0,431.0,158.0,174.0,0.389,0.295,0.78,0.8,0.024,-3.0,-0.4,2005,13.3,3.4,1.2,1.4,https://www.sports-reference.com/cbb/players/daniel-ewing-1.html,2005
33,NOP,Brandon Bass,LSU,12.0,758.0,16410.0,6575.0,3448.0,608.0,0.499,0.207,0.832,42.8,0.125,-0.8,5.1,2005,21.6,8.7,4.5,0.8,https://www.sports-reference.com/cbb/players/brandon-bass-1.html,2005
34,UTA,C.J. Miles,,16.0,849.0,17284.0,8108.0,2011.0,914.0,0.411,0.358,0.809,30.1,0.084,-0.4,6.9,2005,20.4,9.6,2.4,1.1,,2005
35,POR,Ricky Sánchez,,,,,,,,,,,,,,,2005,,,,,,2005
36,MIL,Ersan İlyasova,,13.0,825.0,18957.0,8364.0,4661.0,908.0,0.443,0.367,0.777,48.8,0.124,-0.1,9.0,2005,23.0,10.1,5.6,1.1,,2005
37,LAL,Ronny Turiaf,Gonzaga,10.0,473.0,8020.0,2209.0,1757.0,618.0,0.533,0.0,0.636,19.2,0.115,0.3,4.7,2005,17.0,4.7,3.7,1.3,https://www.sports-reference.com/cbb/players/ronny-turiaf-1.html,2005
38,ORL,Travis Diener,Marquette,5.0,179.0,2660.0,854.0,243.0,432.0,0.388,0.353,0.847,5.6,0.102,-0.4,1.1,2005,14.9,4.8,1.4,2.4,https://www.sports-reference.com/cbb/players/travis-diener-1.html,2005
39,LAL,Von Wafer,Florida State,6.0,200.0,2475.0,1054.0,234.0,146.0,0.42,0.325,0.751,3.3,0.064,-1.8,0.1,2005,12.4,5.3,1.2,0.7,https://www.sports-reference.com/cbb/players/von-wafer-1.html,2005
40,GSW,Monta Ellis,,12.0,833.0,29011.0,14858.0,2874.0,3856.0,0.451,0.314,0.772,41.9,0.069,-0.3,12.4,2005,34.8,17.8,3.5,4.6,,2005
41,TOR,Roko Ukić,,2.0,85.0,987.0,341.0,78.0,165.0,0.387,0.189,0.746,-0.2,-0.007,-4.3,-0.6,2005,11.6,4.0,0.9,1.9,,2005
42,GSW,Chris Taft,Pitt,1.0,17.0,144.0,47.0,36.0,2.0,0.605,,0.167,0.5,0.155,-0.7,0.0,2005,8.5,2.8,2.1,0.1,https://www.sports-reference.com/cbb/players/chris-taft-1.html,2005
43,BRK,Mile Ilić,,1.0,5.0,6.0,0.0,1.0,0.0,0.0,,,-0.2,-1.264,-52.0,-0.1,2005,1.2,0.0,0.2,0.0,,2005
44,ORL,Martynas Andriuškevičius,,1.0,6.0,9.0,0.0,4.0,0.0,0.0,,,0.0,0.155,5.2,0.0,2005,1.5,0.0,0.7,0.0,,2005
45,PHI,Lou Williams,,17.0,1107.0,26891.0,15511.0,2460.0,3765.0,0.419,0.351,0.842,65.7,0.117,1.4,23.3,2005,24.3,14.0,2.2,3.4,,2005
46,IND,Erazem Lorbek,,,,,,,,,,,,,,,2005,,,,,,2005
47,MIN,Bracey Wright,Indiana,2.0,26.0,325.0,129.0,39.0,20.0,0.405,0.324,0.794,0.5,0.068,-1.6,0.0,2005,12.5,5.0,1.5,0.8,https://www.sports-reference.com/cbb/players/bracey-wright-1.html,2005
48,OKC,Mickaël Gelabale,,3.0,145.0,2348.0,670.0,330.0,115.0,0.47,0.316,0.815,3.0,0.062,-2.1,0.0,2005,16.2,4.6,2.3,0.8,,2005
49,WAS,Andray Blatche,,9.0,564.0,12462.0,5706.0,3024.0,798.0,0.467,0.237,0.725,19.2,0.074,-0.8,3.8,2005,22.1,10.1,5.4,1.4,,2005
50,BOS,Ryan Gomes,Providence,8.0,487.0,13463.0,4926.0,2239.0,712.0,0.445,0.349,0.799,19.4,0.069,-1.6,1.4,2005,27.6,10.1,4.6,1.5,https://www.sports-reference.com/cbb/players/ryan-gomes-1.html,2005
51,UTA,Robert Whaley,Walsh University,1.0,23.0,212.0,49.0,43.0,17.0,0.404,,0.5,0.0,0.004,-5.1,-0.2,2005,9.2,2.1,1.9,0.7,https://www.sports-reference.com/cbb/players/robert-whaley-1.html,2005
52,DEN,Axel Hervelle,,,,,,,,,,,,,,,2005,,,,,,2005
53,BOS,Orien Greene,Louisiana,4.0,131.0,1555.0,326.0,195.0,155.0,0.387,0.212,0.642,-0.7,-0.022,-4.6,-1.0,2005,11.9,2.5,1.5,1.2,https://www.sports-reference.com/cbb/players/orien-greene-1.html,2005
54,NYK,Dijon Thompson,UCLA,2.0,16.0,93.0,45.0,19.0,3.0,0.425,0.308,0.875,0.2,0.102,-0.5,0.0,2005,5.8,2.8,1.2,0.2,https://www.sports-reference.com/cbb/players/dijon-thompson-1.html,2005
55,OKC,Lawrence Roberts,Mississippi State,2.0,87.0,1150.0,334.0,310.0,35.0,0.452,0.0,0.688,2.5,0.106,-1.9,0.0,2005,13.2,3.8,3.6,0.4,https://www.sports-reference.com/cbb/players/lawrence-roberts-1.html,2005
56,DET,Amir Johnson,,14.0,870.0,18323.0,6102.0,4692.0,1073.0,0.57,0.332,0.673,55.3,0.145,0.3,10.6,2005,21.1,7.0,5.4,1.2,,2005
57,PHO,Marcin Gortat,,12.0,806.0,20691.0,7951.0,6407.0,915.0,0.551,0.15,0.68,61.3,0.142,0.4,12.7,2005,25.7,9.9,7.9,1.1,,2005
58,TOR,Uroš Slokar,,1.0,20.0,72.0,38.0,14.0,1.0,0.538,0.5,0.692,0.1,0.042,-5.6,-0.1,2005,3.6,1.9,0.7,0.1,,2005
59,ATL,Cenk Akyol,,,,,,,,,,,,,,,2005,,,,,,2005
60,DET,Alex Acker,Pepperdine,2.0,30.0,234.0,81.0,29.0,16.0,0.37,0.32,0.5,-0.2,-0.043,-5.3,-0.2,2005,7.8,2.7,1.0,0.5,https://www.sports-reference.com/cbb/players/alex-acker-1.html,2005
1,TOR,Andrea Bargnani,,10.0,550.0,15806.0,7873.0,2541.0,653.0,0.439,0.354,0.824,18.9,0.057,-1.6,1.5,2006,28.7,14.3,4.6,1.2,,2006
2,CHI,LaMarcus Aldridge,Texas,16.0,1068.0,36086.0,20488.0,8702.0,2067.0,0.493,0.32,0.812,115.3,0.153,1.7,33.3,2006,33.8,19.2,8.1,1.9,https://www.sports-reference.com/cbb/players/lamarcus-aldridge-1.html,2006
3,CHA,Adam Morrison,Gonzaga,3.0,161.0,3278.0,1200.0,342.0,222.0,0.373,0.331,0.71,-1.4,-0.021,-5.0,-2.4,2006,20.4,7.5,2.1,1.4,https://www.sports-reference.com/cbb/players/adam-morrison-1.html,2006
4,POR,Tyrus Thomas,LSU,8.0,402.0,7932.0,3093.0,1938.0,347.0,0.438,0.235,0.732,13.0,0.078,-1.2,1.7,2006,19.7,7.7,4.8,0.9,https://www.sports-reference.com/cbb/players/tyrus-thomas-1.html,2006
5,ATL,Shelden Williams,Duke,6.0,361.0,5586.0,1618.0,1562.0,163.0,0.462,0.222,0.74,9.9,0.085,-3.0,-1.5,2006,15.5,4.5,4.3,0.5,https://www.sports-reference.com/cbb/players/shelden-williams-1.html,2006
6,MIN,Brandon Roy,Washington,6.0,326.0,11561.0,6136.0,1388.0,1517.0,0.459,0.348,0.8,37.4,0.155,3.6,16.3,2006,35.5,18.8,4.3,4.7,https://www.sports-reference.com/cbb/players/brandon-roy-1.html,2006
7,BOS,Randy Foye,Villanova,11.0,752.0,19279.0,7729.0,1686.0,2112.0,0.401,0.366,0.852,23.5,0.058,-1.2,3.8,2006,25.6,10.3,2.2,2.8,https://www.sports-reference.com/cbb/players/randy-foye-1.html,2006
8,HOU,Rudy Gay,UConn,16.0,1044.0,33406.0,17215.0,6040.0,2206.0,0.453,0.349,0.799,60.3,0.087,0.7,22.9,2006,32.0,16.5,5.8,2.1,https://www.sports-reference.com/cbb/players/rudy-gay-1.html,2006
9,GSW,Patrick O'Bryant,Bradley,4.0,90.0,524.0,186.0,127.0,25.0,0.494,0.0,0.583,0.5,0.046,-4.6,-0.3,2006,5.8,2.1,1.4,0.3,https://www.sports-reference.com/cbb/players/patrick-o'bryant-1.html,2006
10,OKC,Mouhamed Sene,,3.0,47.0,260.0,103.0,75.0,1.0,0.427,,0.589,0.3,0.052,-5.1,-0.2,2006,5.5,2.2,1.6,0.0,,2006
11,ORL,J.J. Redick,Duke,15.0,940.0,23964.0,12028.0,1903.0,1862.0,0.447,0.415,0.892,63.7,0.128,0.6,16.0,2006,25.5,12.8,2.0,2.0,https://www.sports-reference.com/cbb/players/j.j.-redick-1.html,2006
12,CHA,Hilton Armstrong,UConn,6.0,292.0,3378.0,880.0,766.0,102.0,0.501,0.286,0.582,3.9,0.055,-4.1,-1.8,2006,11.6,3.0,2.6,0.3,https://www.sports-reference.com/cbb/players/hilton-armstrong-1.html,2006
13,PHI,Thabo Sefolosha,,14.0,869.0,19062.0,4994.0,3252.0,1196.0,0.449,0.349,0.732,39.3,0.099,0.6,12.4,2006,21.9,5.7,3.7,1.4,,2006
14,UTA,Ronnie Brewer,Arkansas,8.0,502.0,11539.0,3940.0,1427.0,828.0,0.49,0.254,0.675,30.4,0.127,1.6,10.6,2006,23.0,7.8,2.8,1.6,https://www.sports-reference.com/cbb/players/ronnie-brewer-1.html,2006
15,CHA,Cedric Simmons,NC State,3.0,75.0,705.0,163.0,141.0,14.0,0.409,,0.39,0.1,0.005,-5.0,-0.5,2006,9.4,2.2,1.9,0.2,https://www.sports-reference.com/cbb/players/cedric-simmons-1.html,2006
16,CHI,Rodney Carney,Memphis,5.0,299.0,4600.0,1778.0,588.0,132.0,0.422,0.338,0.704,6.2,0.064,-1.6,0.5,2006,15.4,5.9,2.0,0.4,https://www.sports-reference.com/cbb/players/rodney-carney-1.html,2006
17,IND,Shawne Williams,Memphis,7.0,314.0,5368.0,1769.0,945.0,220.0,0.403,0.339,0.755,6.7,0.06,-2.2,-0.3,2006,17.1,5.6,3.0,0.7,https://www.sports-reference.com/cbb/players/shawne-williams-1.html,2006
18,WAS,Oleksiy Pecherov,,3.0,111.0,1044.0,438.0,266.0,20.0,0.386,0.29,0.793,0.5,0.025,-4.8,-0.7,2006,9.4,3.9,2.4,0.2,,2006
19,SAC,Quincy Douby,Rutgers University,3.0,143.0,1535.0,588.0,152.0,93.0,0.389,0.312,0.884,0.0,0.0,-3.5,-0.6,2006,10.7,4.1,1.1,0.7,https://www.sports-reference.com/cbb/players/quincy-douby-1.html,2006
20,NYK,Renaldo Balkman,South Carolina,6.0,221.0,3064.0,894.0,769.0,132.0,0.51,0.172,0.542,7.2,0.113,0.1,1.6,2006,13.9,4.0,3.5,0.6,https://www.sports-reference.com/cbb/players/renaldo-balkman-1.html,2006
21,PHO,Rajon Rondo,Kentucky,16.0,949.0,28440.0,9299.0,4335.0,7542.0,0.456,0.323,0.612,61.5,0.104,1.2,23.2,2006,30.0,9.8,4.6,7.9,https://www.sports-reference.com/cbb/players/rajon-rondo-1.html,2006
22,BRK,Marcus Williams,UConn,4.0,203.0,3095.0,1128.0,361.0,574.0,0.386,0.321,0.767,0.0,-0.001,-3.3,-1.0,2006,15.2,5.6,1.8,2.8,https://www.sports-reference.com/cbb/players/marcus-williams-1.html,2006
23,BRK,Josh Boone,UConn,4.0,256.0,4482.0,1340.0,1258.0,125.0,0.544,,0.445,9.1,0.097,-2.0,0.0,2006,17.5,5.2,4.9,0.5,https://www.sports-reference.com/cbb/players/josh-boone-1.html,2006
24,MEM,Kyle Lowry,Villanova,16.0,1006.0,32057.0,14882.0,4403.0,6359.0,0.424,0.367,0.813,102.5,0.154,3.1,41.1,2006,31.9,14.8,4.4,6.3,https://www.sports-reference.com/cbb/players/kyle-lowry-1.html,2006
25,CLE,Shannon Brown,Michigan State,9.0,408.0,7329.0,3118.0,760.0,458.0,0.42,0.332,0.807,9.2,0.06,-1.5,1.0,2006,18.0,7.6,1.9,1.1,https://www.sports-reference.com/cbb/players/shannon-brown-1.html,2006
26,LAL,Jordan Farmar,UCLA,10.0,504.0,9840.0,3888.0,958.0,1453.0,0.423,0.374,0.739,13.9,0.068,-0.5,3.7,2006,19.5,7.7,1.9,2.9,https://www.sports-reference.com/cbb/players/jordan-farmar-1.html,2006
27,PHO,Sergio Rodríguez,,5.0,353.0,5281.0,1747.0,525.0,1183.0,0.409,0.337,0.739,4.3,0.039,-2.0,0.1,2006,15.0,4.9,1.5,3.4,,2006
28,DAL,Maurice Ager,Michigan State,4.0,82.0,505.0,169.0,46.0,19.0,0.339,0.25,0.566,-0.9,-0.089,-9.4,-0.9,2006,6.2,2.1,0.6,0.2,https://www.sports-reference.com/cbb/players/maurice-ager-1.html,2006
29,NYK,Mardy Collins,Temple,4.0,189.0,2771.0,742.0,336.0,327.0,0.38,0.299,0.599,-1.6,-0.027,-4.4,-1.7,2006,14.7,3.9,1.8,1.7,https://www.sports-reference.com/cbb/players/mardy-collins-1.html,2006
30,POR,Joel Freeland,,3.0,151.0,1821.0,477.0,518.0,65.0,0.459,0.0,0.728,3.2,0.084,-3.3,-0.6,2006,12.1,3.2,3.4,0.4,,2006
31,POR,James White,Cincinnati,3.0,67.0,583.0,182.0,68.0,35.0,0.438,0.34,0.676,0.8,0.062,-3.2,-0.2,2006,8.7,2.7,1.0,0.5,https://www.sports-reference.com/cbb/players/james-white-1.html,2006
32,HOU,Steve Novak,Marquette,11.0,467.0,5657.0,2177.0,591.0,132.0,0.437,0.43,0.877,14.5,0.123,0.8,4.0,2006,12.1,4.7,1.3,0.3,https://www.sports-reference.com/cbb/players/steve-novak-1.html,2006
33,ATL,Solomon Jones,South Florida,8.0,281.0,3092.0,839.0,654.0,99.0,0.467,0.111,0.717,5.0,0.078,-4.0,-1.6,2006,11.0,3.0,2.3,0.4,https://www.sports-reference.com/cbb/players/solomon-jones-1.html,2006
34,LAC,Paul Davis,Michigan State,4.0,82.0,702.0,217.0,158.0,32.0,0.402,0.0,0.732,0.5,0.035,-4.2,-0.4,2006,8.6,2.6,1.9,0.4,https://www.sports-reference.com/cbb/players/paul-davis-1.html,2006
35,TOR,P.J. Tucker,Texas,11.0,758.0,22037.0,5438.0,4291.0,1109.0,0.425,0.366,0.747,39.1,0.085,-0.7,7.0,2006,29.1,7.2,5.7,1.5,https://www.sports-reference.com/cbb/players/p.j.-tucker-1.html,2006
36,MIN,Craig Smith,Boston College,6.0,403.0,6826.0,3080.0,1567.0,322.0,0.553,0.037,0.661,16.0,0.113,-1.2,1.4,2006,16.9,7.6,3.9,0.8,https://www.sports-reference.com/cbb/players/craig-smith-1.html,2006
37,MIN,Bobby Jones,Washington,2.0,91.0,867.0,288.0,149.0,44.0,0.442,0.306,0.685,1.1,0.06,-4.1,-0.5,2006,9.5,3.2,1.6,0.5,https://www.sports-reference.com/cbb/players/bobby-jones-1.html,2006
38,GSW,Kosta Perović,,1.0,7.0,38.0,10.0,13.0,1.0,0.3,,0.667,0.0,0.06,-5.9,0.0,2006,5.4,1.4,1.9,0.1,,2006
39,MIL,David Noel,UNC,1.0,68.0,792.0,184.0,123.0,65.0,0.367,0.321,0.86,0.4,0.024,-3.1,-0.2,2006,11.6,2.7,1.8,1.0,https://www.sports-reference.com/cbb/players/david-noel-1.html,2006
40,OKC,Denham Brown,UConn,,,,,,,,,,,,,,2006,,,,,https://www.sports-reference.com/cbb/players/denham-brown-1.html,2006
41,ORL,James Augustine,Illinois,2.0,27.0,156.0,42.0,33.0,4.0,0.514,,0.5,0.3,0.101,-2.7,0.0,2006,5.8,1.6,1.2,0.1,https://www.sports-reference.com/cbb/players/james-augustine-1.html,2006
42,CLE,Daniel Gibson,Texas,7.0,397.0,9316.0,3115.0,792.0,775.0,0.402,0.407,0.78,16.0,0.082,-1.0,2.4,2006,23.5,7.8,2.0,2.0,https://www.sports-reference.com/cbb/players/daniel-gibson-1.html,2006
43,CHA,Marcus Vinicius,,2.0,26.0,172.0,50.0,19.0,7.0,0.457,0.421,0.556,0.2,0.056,-3.0,0.0,2006,6.6,1.9,0.7,0.3,,2006
44,ORL,Lior Eliyahu,,,,,,,,,,,,,,,2006,,,,,,2006
45,IND,Alexander Johnson,Florida State,2.0,102.0,1302.0,439.0,275.0,30.0,0.517,,0.672,1.5,0.056,-4.6,-0.9,2006,12.8,4.3,2.7,0.3,https://www.sports-reference.com/cbb/players/alexander-johnson-1.html,2006
46,UTA,Dee Brown,Illinois,2.0,68.0,711.0,140.0,69.0,119.0,0.34,0.25,0.643,0.1,0.008,-3.0,-0.2,2006,10.5,2.1,1.0,1.8,https://www.sports-reference.com/cbb/players/dee-brown-1.html,2006
47,UTA,Paul Millsap,Louisiana Tech,16.0,1078.0,30413.0,14516.0,7655.0,2375.0,0.489,0.342,0.736,95.4,0.151,1.9,30.0,2006,28.2,13.5,7.1,2.2,https://www.sports-reference.com/cbb/players/paul-millsap-1.html,2006
48,WAS,Vladimir Veremeenko,,,,,,,,,,,,,,,2006,,,,,,2006
49,DEN,Leon Powe,California,5.0,239.0,3320.0,1484.0,911.0,78.0,0.515,0.0,0.682,12.0,0.174,-1.6,0.3,2006,13.9,6.2,3.8,0.3,https://www.sports-reference.com/cbb/players/leon-powe-1.html,2006
50,CHA,Ryan Hollins,UCLA,10.0,518.0,6134.0,1913.0,1140.0,151.0,0.584,0.0,0.649,10.4,0.081,-4.1,-3.2,2006,11.8,3.7,2.2,0.3,https://www.sports-reference.com/cbb/players/ryan-hollins-1.html,2006
51,LAL,Cheikh Samb,,2.0,22.0,114.0,22.0,31.0,1.0,0.25,0.0,0.444,-0.1,-0.056,-9.1,-0.2,2006,5.2,1.0,1.4,0.0,,2006
52,LAC,Guillermo Díaz,Miami (FL),1.0,6.0,18.0,5.0,2.0,1.0,0.25,0.0,0.6,0.0,0.033,-2.9,0.0,2006,3.0,0.8,0.3,0.2,https://www.sports-reference.com/cbb/players/guillermo-díaz-1.html,2006
53,OKC,Yotam Halperin,,,,,,,,,,,,,,,2006,,,,,,2006
54,BRK,Hassan Adams,Arizona,2.0,73.0,547.0,185.0,84.0,14.0,0.534,0.0,0.643,0.8,0.072,-2.3,0.0,2006,7.5,2.5,1.2,0.2,https://www.sports-reference.com/cbb/players/hassan-adams-1.html,2006
55,CLE,Ejike Ugboaja,,,,,,,,,,,,,,,2006,,,,,,2006
56,TOR,Edin Bavčić,,,,,,,,,,,,,,,2006,,,,,,2006
57,MIN,Loukas Mavrokefalidis,,,,,,,,,,,,,,,2006,,,,,,2006
58,DAL,J.R. Pinnock,George Washington,,,,,,,,,,,,,,2006,,,,,https://www.sports-reference.com/cbb/players/j.r.-pinnock-1.html,2006
59,SAS,Damir Markota,,1.0,30.0,170.0,51.0,31.0,6.0,0.365,0.375,0.636,-0.2,-0.07,-8.5,-0.3,2006,5.7,1.7,1.0,0.2,,2006
60,DET,Will Blalock,Iowa State,1.0,14.0,166.0,25.0,15.0,17.0,0.3,0.2,1.0,-0.1,-0.032,-5.8,-0.2,2006,11.9,1.8,1.1,1.2,https://www.sports-reference.com/cbb/players/will-blalock-1.html,2006
1,POR,Greg Oden,Ohio State,3.0,105.0,2028.0,840.0,656.0,51.0,0.574,,0.658,7.3,0.174,-0.4,0.8,2007,19.3,8.0,6.2,0.5,https://www.sports-reference.com/cbb/players/greg-oden-1.html,2007
2,OKC,Kevin Durant,Texas,14.0,920.0,33775.0,24936.0,6506.0,3888.0,0.495,0.383,0.883,152.3,0.216,6.8,74.8,2007,36.7,27.1,7.1,4.2,https://www.sports-reference.com/cbb/players/kevin-durant-1.html,2007
3,ATL,Al Horford,Florida,15.0,932.0,30034.0,12802.0,7625.0,3085.0,0.514,0.357,0.758,97.9,0.156,2.8,36.8,2007,32.2,13.7,8.2,3.3,https://www.sports-reference.com/cbb/players/al-horford-1.html,2007
4,MEM,Mike Conley,Ohio State,15.0,938.0,30031.0,13954.0,2815.0,5298.0,0.439,0.381,0.821,85.3,0.136,2.5,34.1,2007,32.0,14.9,3.0,5.6,https://www.sports-reference.com/cbb/players/mike-conley-1.html,2007
5,BOS,Jeff Green,Georgetown,14.0,1030.0,29939.0,13084.0,4441.0,1596.0,0.447,0.34,0.805,49.2,0.079,-1.3,4.9,2007,29.1,12.7,4.3,1.5,https://www.sports-reference.com/cbb/players/jeff-green-1.html,2007
6,MIL,Yi Jianlian,,5.0,272.0,6038.0,2148.0,1339.0,192.0,0.404,0.333,0.78,3.1,0.025,-4.3,-3.5,2007,22.2,7.9,4.9,0.7,,2007
7,MIN,Corey Brewer,Florida,13.0,819.0,18771.0,7097.0,2287.0,1250.0,0.425,0.284,0.713,22.5,0.058,-1.6,2.0,2007,22.9,8.7,2.8,1.5,https://www.sports-reference.com/cbb/players/corey-brewer-1.html,2007
8,CHA,Brandan Wright,UNC,10.0,428.0,6949.0,2976.0,1560.0,199.0,0.607,0.0,0.674,26.2,0.181,2.3,7.5,2007,16.2,7.0,3.6,0.5,https://www.sports-reference.com/cbb/players/brandan-wright-1.html,2007
9,CHI,Joakim Noah,Florida,13.0,672.0,18646.0,5881.0,6058.0,1907.0,0.491,0.0,0.7,61.9,0.159,2.5,20.9,2007,27.7,8.8,9.0,2.8,https://www.sports-reference.com/cbb/players/joakim-noah-1.html,2007
10,SAC,Spencer Hawes,Washington,10.0,684.0,15541.0,5932.0,3893.0,1271.0,0.457,0.35,0.716,22.6,0.07,-1.1,3.4,2007,22.7,8.7,5.7,1.9,https://www.sports-reference.com/cbb/players/spencer-hawes-1.html,2007
11,ATL,Acie Law,Texas A&M,4.0,188.0,2385.0,725.0,195.0,309.0,0.413,0.235,0.778,1.6,0.032,-3.9,-1.1,2007,12.7,3.9,1.0,1.6,https://www.sports-reference.com/cbb/players/acie-law-1.html,2007
12,PHI,Thaddeus Young,Georgia Tech,15.0,1061.0,31336.0,13698.0,6239.0,1960.0,0.502,0.33,0.665,67.7,0.104,0.5,19.5,2007,29.5,12.9,5.9,1.8,https://www.sports-reference.com/cbb/players/thaddeus-young-1.html,2007
13,CHA,Julian Wright,Kansas,4.0,231.0,3049.0,907.0,531.0,182.0,0.499,0.262,0.584,3.9,0.061,-0.5,1.2,2007,13.2,3.9,2.3,0.8,https://www.sports-reference.com/cbb/players/julian-wright-1.html,2007
14,LAC,Al Thornton,Florida State,4.0,296.0,8274.0,3527.0,1233.0,353.0,0.452,0.293,0.747,6.1,0.035,-3.5,-3.2,2007,28.0,11.9,4.2,1.2,https://www.sports-reference.com/cbb/players/al-thornton-1.html,2007
15,DET,Rodney Stuckey,Eastern Washington,10.0,651.0,17890.0,8185.0,1912.0,2333.0,0.423,0.3,0.824,28.7,0.077,-0.9,4.9,2007,27.5,12.6,2.9,3.6,https://www.sports-reference.com/cbb/players/rodney-stuckey-1.html,2007
16,WAS,Nick Young,USC,12.0,720.0,16419.0,8194.0,1427.0,687.0,0.418,0.376,0.836,18.6,0.054,-2.2,-0.8,2007,22.8,11.4,2.0,1.0,https://www.sports-reference.com/cbb/players/nick-young-1.html,2007
17,BRK,Sean Williams,Boston College,4.0,137.0,1978.0,581.0,472.0,47.0,0.511,0.0,0.624,3.0,0.073,-3.1,-0.6,2007,14.4,4.2,3.4,0.3,https://www.sports-reference.com/cbb/players/sean-williams-1.html,2007
18,GSW,Marco Belinelli,,13.0,860.0,19548.0,8370.0,1769.0,1429.0,0.424,0.376,0.846,30.5,0.075,-1.3,3.3,2007,22.7,9.7,2.1,1.7,,2007
19,LAL,Javaris Crittenton,Georgia Tech,2.0,113.0,1853.0,595.0,276.0,201.0,0.442,0.231,0.638,0.1,0.002,-4.2,-1.0,2007,16.4,5.3,2.4,1.8,https://www.sports-reference.com/cbb/players/javaris-crittenton-1.html,2007
20,MIA,Jason Smith,Colorado State,11.0,616.0,10029.0,3777.0,2075.0,453.0,0.468,0.333,0.783,14.1,0.067,-2.9,-2.4,2007,16.3,6.1,3.4,0.7,https://www.sports-reference.com/cbb/players/jason-smith-1.html,2007
21,PHI,Daequan Cook,Ohio State,6.0,328.0,5993.0,2114.0,703.0,243.0,0.369,0.359,0.813,4.9,0.039,-2.7,-1.1,2007,18.3,6.4,2.1,0.7,https://www.sports-reference.com/cbb/players/daequan-cook-1.html,2007
22,CHA,Jared Dudley,Boston College,14.0,904.0,20117.0,6633.0,2849.0,1394.0,0.463,0.393,0.732,43.0,0.103,0.2,11.0,2007,22.3,7.3,3.2,1.5,https://www.sports-reference.com/cbb/players/jared-dudley-1.html,2007
23,NYK,Wilson Chandler,DePaul,12.0,676.0,20287.0,8463.0,3574.0,1205.0,0.443,0.341,0.77,29.0,0.069,-1.3,3.5,2007,30.0,12.5,5.3,1.8,https://www.sports-reference.com/cbb/players/wilson-chandler-1.html,2007
24,PHO,Rudy Fernández,,4.0,249.0,5965.0,2254.0,608.0,554.0,0.399,0.36,0.84,14.2,0.114,1.7,5.6,2007,24.0,9.1,2.4,2.2,,2007
25,UTA,Morris Almond,Rice University,3.0,38.0,361.0,119.0,46.0,12.0,0.381,0.292,0.743,0.0,0.005,-6.1,-0.4,2007,9.5,3.1,1.2,0.3,https://www.sports-reference.com/cbb/players/morris-almond-1.html,2007
26,HOU,Aaron Brooks,Oregon,10.0,645.0,13439.0,6259.0,1079.0,1925.0,0.413,0.37,0.837,19.2,0.069,-1.2,2.7,2007,20.8,9.7,1.7,3.0,https://www.sports-reference.com/cbb/players/aaron-brooks-1.html,2007
27,DET,Arron Afflalo,UCLA,11.0,762.0,20829.0,8198.0,2176.0,1386.0,0.45,0.386,0.825,33.5,0.077,-1.5,2.4,2007,27.3,10.8,2.9,1.8,https://www.sports-reference.com/cbb/players/arron-afflalo-1.html,2007
28,SAS,Tiago Splitter,,7.0,355.0,6812.0,2816.0,1779.0,423.0,0.555,0.143,0.697,25.3,0.178,1.1,5.4,2007,19.2,7.9,5.0,1.2,,2007
29,PHO,Alando Tucker,Wisconsin,3.0,51.0,426.0,211.0,49.0,16.0,0.423,0.294,0.783,0.4,0.045,-4.5,-0.3,2007,8.4,4.1,1.0,0.3,https://www.sports-reference.com/cbb/players/alando-tucker-1.html,2007
30,PHI,Petteri Koponen,,,,,,,,,,,,,,,2007,,,,,,2007
31,OKC,Carl Landry,Purdue,9.0,513.0,11524.0,5541.0,2533.0,355.0,0.535,0.3,0.785,35.9,0.149,-0.3,5.0,2007,22.5,10.8,4.9,0.7,https://www.sports-reference.com/cbb/players/carl-landry-1.html,2007
32,BOS,Gabe Pruitt,USC,2.0,62.0,461.0,125.0,51.0,52.0,0.321,0.283,0.783,0.4,0.043,-2.8,-0.1,2007,7.4,2.0,0.8,0.8,https://www.sports-reference.com/cbb/players/gabe-pruitt-1.html,2007
33,SAS,Marcus Williams,Arizona,2.0,13.0,39.0,14.0,12.0,3.0,0.318,,,-0.1,-0.084,-5.4,0.0,2007,3.0,1.1,0.9,0.2,https://www.sports-reference.com/cbb/players/marcus-williams-1.html,2007
34,DAL,Nick Fazekas,Nevada,1.0,26.0,269.0,107.0,89.0,11.0,0.561,0.0,0.682,0.8,0.148,0.5,0.2,2007,10.3,4.1,3.4,0.4,https://www.sports-reference.com/cbb/players/nick-fazekas-1.html,2007
35,OKC,Glen Davis,LSU,8.0,514.0,10865.0,4111.0,2236.0,457.0,0.447,0.182,0.7,18.6,0.082,-2.6,-1.7,2007,21.1,8.0,4.4,0.9,https://www.sports-reference.com/cbb/players/glen-davis-1.html,2007
36,GSW,Jermareo Davidson,Alabama,2.0,52.0,433.0,162.0,96.0,14.0,0.425,,0.578,0.0,0.0,-5.2,-0.3,2007,8.3,3.1,1.8,0.3,https://www.sports-reference.com/cbb/players/jermareo-davidson-1.html,2007
37,POR,Josh McRoberts,Duke,11.0,433.0,8271.0,2333.0,1686.0,901.0,0.463,0.34,0.705,18.5,0.107,0.3,4.7,2007,19.1,5.4,3.9,2.1,https://www.sports-reference.com/cbb/players/josh-mcroberts-1.html,2007
38,PHI,Kyrylo Fesenko,,5.0,135.0,1107.0,305.0,269.0,40.0,0.496,0.0,0.41,0.9,0.038,-5.7,-1.1,2007,8.2,2.3,2.0,0.3,,2007
39,MIA,Stanko Barać,,,,,,,,,,,,,,,2007,,,,,,2007
40,LAL,Sun Yue,,1.0,10.0,28.0,6.0,0.0,2.0,0.273,0.0,,-0.1,-0.226,-19.4,-0.1,2007,2.8,0.6,0.0,0.2,,2007
41,MIN,Chris Richard,Florida,2.0,70.0,780.0,135.0,194.0,25.0,0.483,,0.605,0.7,0.045,-5.7,-0.7,2007,11.1,1.9,2.8,0.4,https://www.sports-reference.com/cbb/players/chris-richard-1.html,2007
42,POR,Derrick Byars,Vanderbilt,1.0,2.0,37.0,10.0,11.0,1.0,0.273,0.0,1.0,0.1,0.147,-4.7,0.0,2007,18.5,5.0,5.5,0.5,https://www.sports-reference.com/cbb/players/derrick-byars-1.html,2007
43,CHA,Adam Haluska,Iowa,,,,,,,,,,,,,,2007,,,,,https://www.sports-reference.com/cbb/players/adam-haluska-1.html,2007
44,ORL,Reyshawn Terry,UNC,,,,,,,,,,,,,,2007,,,,,https://www.sports-reference.com/cbb/players/reyshawn-terry-1.html,2007
45,LAC,Jared Jordan,Marist College,,,,,,,,,,,,,,2007,,,,,https://www.sports-reference.com/cbb/players/jared-jordan-1.html,2007
46,GSW,Stéphane Lasme,UMass,1.0,16.0,303.0,83.0,53.0,3.0,0.451,,0.594,0.3,0.041,-4.4,-0.2,2007,18.9,5.2,3.3,0.2,https://www.sports-reference.com/cbb/players/stéphane-lasme-1.html,2007
47,WAS,Dominic McGuire,Fresno State,6.0,342.0,5348.0,939.0,1169.0,422.0,0.419,0.188,0.658,4.1,0.037,-2.1,-0.1,2007,15.6,2.7,3.4,1.2,https://www.sports-reference.com/cbb/players/dominic-mcguire-1.html,2007
48,LAL,Marc Gasol,,13.0,891.0,28719.0,12514.0,6604.0,2996.0,0.481,0.36,0.776,85.3,0.143,3.1,36.5,2007,32.2,14.0,7.4,3.4,,2007
49,CHI,Aaron Gray,Pitt,7.0,318.0,3851.0,1066.0,1190.0,207.0,0.509,0.0,0.562,6.2,0.077,-3.6,-1.5,2007,12.1,3.4,3.7,0.7,https://www.sports-reference.com/cbb/players/aaron-gray-1.html,2007
50,DAL,Renaldas Seibutis,,,,,,,,,,,,,,,2007,,,,,,2007
51,CHI,JamesOn Curry,Oklahoma State,1.0,1.0,0.0,0.0,0.0,0.0,,,,0.0,,,0.0,2007,0.0,0.0,0.0,0.0,https://www.sports-reference.com/cbb/players/jameson-curry-1.html,2007
52,POR,Taurean Green,Florida,1.0,17.0,74.0,27.0,10.0,11.0,0.28,0.182,0.917,-0.1,-0.066,-7.5,-0.1,2007,4.4,1.6,0.6,0.6,https://www.sports-reference.com/cbb/players/taurean-green-1.html,2007
53,POR,Demetris Nichols,Syracuse,2.0,18.0,58.0,22.0,7.0,2.0,0.281,0.2,0.5,-0.2,-0.203,-10.3,-0.1,2007,3.2,1.2,0.4,0.1,https://www.sports-reference.com/cbb/players/demetris-nichols-1.html,2007
54,HOU,Brad Newley,,,,,,,,,,,,,,,2007,,,,,,2007
55,UTA,Herbert Hill,Providence,,,,,,,,,,,,,,2007,,,,,https://www.sports-reference.com/cbb/players/herbert-hill-1.html,2007
56,MIL,Ramon Sessions,Nevada,11.0,691.0,16119.0,7141.0,1840.0,2807.0,0.434,0.316,0.791,28.8,0.086,-0.7,5.2,2007,23.3,10.3,2.7,4.1,https://www.sports-reference.com/cbb/players/ramon-sessions-1.html,2007
57,DET,Sammy Mejia,DePaul,,,,,,,,,,,,,,2007,,,,,https://www.sports-reference.com/cbb/players/sammy-mejia-1.html,2007
58,SAS,Georgios Printezis,,,,,,,,,,,,,,,2007,,,,,,2007
59,PHO,D.J. Strawberry,Maryland,1.0,33.0,270.0,73.0,28.0,30.0,0.315,0.24,0.474,-0.2,-0.031,-5.6,-0.2,2007,8.2,2.2,0.8,0.9,https://www.sports-reference.com/cbb/players/d.j.-strawberry-1.html,2007
60,DAL,Milovan Raković,,,,,,,,,,,,,,,2007,,,,,,2007
1,CHI,Derrick Rose,Memphis,13.0,672.0,21317.0,12230.0,2239.0,3646.0,0.457,0.316,0.83,44.2,0.1,1.4,18.4,2008,31.7,18.2,3.3,5.4,https://www.sports-reference.com/cbb/players/derrick-rose-1.html,2008
2,MIA,Michael Beasley,Kansas State,11.0,609.0,13903.0,7568.0,2861.0,788.0,0.465,0.349,0.759,15.6,0.054,-1.7,0.9,2008,22.8,12.4,4.7,1.3,https://www.sports-reference.com/cbb/players/michael-beasley-1.html,2008
3,MIN,O.J. Mayo,USC,8.0,547.0,16919.0,7574.0,1706.0,1607.0,0.429,0.373,0.82,21.8,0.062,-0.9,4.7,2008,30.9,13.8,3.1,2.9,https://www.sports-reference.com/cbb/players/o.j.-mayo-1.html,2008
4,OKC,Russell Westbrook,UCLA,14.0,1000.0,34718.0,22899.0,7405.0,8491.0,0.437,0.305,0.785,106.4,0.147,4.4,55.8,2008,34.7,22.9,7.4,8.5,https://www.sports-reference.com/cbb/players/russell-westbrook-1.html,2008
5,MEM,Kevin Love,UCLA,14.0,788.0,24542.0,14013.0,8497.0,1867.0,0.441,0.372,0.829,87.5,0.171,3.4,33.5,2008,31.1,17.8,10.8,2.4,https://www.sports-reference.com/cbb/players/kevin-love-1.html,2008
6,NYK,Danilo Gallinari,,13.0,709.0,21209.0,11053.0,3408.0,1377.0,0.427,0.383,0.877,62.9,0.142,1.8,20.5,2008,29.9,15.6,4.8,1.9,,2008
7,LAC,Eric Gordon,Indiana,14.0,739.0,23982.0,12169.0,1793.0,2107.0,0.428,0.37,0.81,36.3,0.073,-0.5,8.9,2008,32.5,16.5,2.4,2.9,https://www.sports-reference.com/cbb/players/eric-gordon-1.html,2008
8,MIL,Joe Alexander,West Virginia,2.0,67.0,745.0,282.0,120.0,44.0,0.41,0.34,0.698,0.5,0.03,-3.6,-0.3,2008,11.1,4.2,1.8,0.7,https://www.sports-reference.com/cbb/players/joe-alexander-1.html,2008
9,CHA,D.J. Augustin,Texas,14.0,955.0,22478.0,9147.0,1778.0,3728.0,0.411,0.38,0.867,47.0,0.1,-0.7,7.6,2008,23.5,9.6,1.9,3.9,https://www.sports-reference.com/cbb/players/d.j.-augustin-1.html,2008
10,BRK,Brook Lopez,Stanford,14.0,856.0,25922.0,14094.0,5359.0,1240.0,0.494,0.34,0.796,70.9,0.131,1.3,21.6,2008,30.3,16.5,6.3,1.4,https://www.sports-reference.com/cbb/players/brook-lopez-1.html,2008
11,IND,Jerryd Bayless,Arizona,11.0,586.0,12486.0,4909.0,1235.0,1674.0,0.411,0.361,0.818,18.6,0.072,-1.6,1.1,2008,21.3,8.4,2.1,2.9,https://www.sports-reference.com/cbb/players/jerryd-bayless-1.html,2008
12,SAC,Jason Thompson,Rider University,8.0,588.0,14819.0,5210.0,3880.0,635.0,0.496,0.143,0.657,23.8,0.077,-2.6,-2.4,2008,25.2,8.9,6.6,1.1,https://www.sports-reference.com/cbb/players/jason-thompson-1.html,2008
13,POR,Brandon Rush,Kansas,9.0,481.0,10564.0,3250.0,1413.0,468.0,0.426,0.402,0.706,11.2,0.051,-1.4,1.6,2008,22.0,6.8,2.9,1.0,https://www.sports-reference.com/cbb/players/brandon-rush-1.html,2008
14,GSW,Anthony Randolph,LSU,6.0,252.0,3841.0,1789.0,1078.0,187.0,0.453,0.241,0.74,5.8,0.072,-1.6,0.4,2008,15.2,7.1,4.3,0.7,https://www.sports-reference.com/cbb/players/anthony-randolph-1.html,2008
15,PHO,Robin Lopez,Stanford,14.0,930.0,20427.0,8151.0,4575.0,786.0,0.537,0.296,0.743,48.9,0.115,-1.0,4.9,2008,22.0,8.8,4.9,0.8,https://www.sports-reference.com/cbb/players/robin-lopez-1.html,2008
16,PHI,Marreese Speights,Florida,10.0,705.0,10640.0,5592.0,2875.0,461.0,0.459,0.356,0.797,25.8,0.116,-2.2,-0.6,2008,15.1,7.9,4.1,0.7,https://www.sports-reference.com/cbb/players/marreese-speights-1.html,2008
17,TOR,Roy Hibbert,Georgetown,9.0,662.0,16389.0,6611.0,4173.0,885.0,0.465,0.25,0.755,35.9,0.105,-1.1,3.5,2008,24.8,10.0,6.3,1.3,https://www.sports-reference.com/cbb/players/roy-hibbert-1.html,2008
18,WAS,JaVale McGee,Nevada,14.0,799.0,13649.0,6373.0,4209.0,349.0,0.577,0.19,0.601,41.5,0.146,0.2,7.5,2008,17.1,8.0,5.3,0.4,https://www.sports-reference.com/cbb/players/javale-mcgee-1.html,2008
19,CLE,J.J. Hickson,NC State,8.0,534.0,11925.0,5081.0,3639.0,449.0,0.505,0.0,0.617,21.9,0.088,-1.8,0.5,2008,22.3,9.5,6.8,0.8,https://www.sports-reference.com/cbb/players/j.j.-hickson-1.html,2008
20,CHA,Alexis Ajinça,,7.0,293.0,3905.0,1553.0,1150.0,143.0,0.503,0.286,0.797,7.5,0.093,-2.8,-0.8,2008,13.3,5.3,3.9,0.5,,2008
21,BRK,Ryan Anderson,California,12.0,649.0,16769.0,8001.0,3413.0,586.0,0.422,0.38,0.854,46.7,0.134,1.0,12.8,2008,25.8,12.3,5.3,0.9,https://www.sports-reference.com/cbb/players/ryan-anderson-1.html,2008
22,ORL,Courtney Lee,Western Kentucky,12.0,811.0,21938.0,7765.0,2127.0,1353.0,0.451,0.388,0.853,39.3,0.086,-0.6,7.9,2008,27.1,9.6,2.6,1.7,https://www.sports-reference.com/cbb/players/courtney-lee-1.html,2008
23,UTA,Kosta Koufos,Ohio State,11.0,686.0,11271.0,3913.0,3452.0,359.0,0.534,0.0,0.582,28.3,0.12,-1.3,2.0,2008,16.4,5.7,5.0,0.5,https://www.sports-reference.com/cbb/players/kosta-koufos-1.html,2008
24,OKC,Serge Ibaka,,13.0,887.0,24681.0,10849.0,6387.0,735.0,0.513,0.359,0.758,72.0,0.14,0.5,15.8,2008,27.8,12.2,7.2,0.8,,2008
25,HOU,Nicolas Batum,,14.0,896.0,27560.0,10011.0,4632.0,3176.0,0.438,0.363,0.838,62.6,0.109,1.7,25.8,2008,30.8,11.2,5.2,3.5,,2008
26,SAS,George Hill,IUPUI,14.0,856.0,23458.0,9268.0,2623.0,2678.0,0.457,0.381,0.807,69.0,0.141,1.3,19.3,2008,27.4,10.8,3.1,3.1,https://www.sports-reference.com/cbb/players/george-hill-1.html,2008
27,NOP,Darrell Arthur,Kansas,9.0,503.0,8945.0,3282.0,1768.0,409.0,0.444,0.352,0.765,12.3,0.066,-2.2,-0.4,2008,17.8,6.5,3.5,0.8,https://www.sports-reference.com/cbb/players/darrell-arthur-1.html,2008
28,MEM,Donté Greene,Syracuse,4.0,253.0,4259.0,1541.0,600.0,183.0,0.406,0.304,0.701,1.5,0.017,-2.8,-0.9,2008,16.8,6.1,2.4,0.7,https://www.sports-reference.com/cbb/players/donté-greene-1.html,2008
29,DET,D.J. White,Indiana,6.0,138.0,2111.0,810.0,437.0,80.0,0.507,0.333,0.72,3.8,0.087,-2.1,0.0,2008,15.3,5.9,3.2,0.6,https://www.sports-reference.com/cbb/players/d.j.-white-1.html,2008
30,BOS,J.R. Giddens,New Mexico,2.0,38.0,247.0,73.0,54.0,13.0,0.476,0.0,0.565,0.1,0.027,-4.3,-0.1,2008,6.5,1.9,1.4,0.3,https://www.sports-reference.com/cbb/players/j.r.-giddens-1.html,2008
31,MIN,Nikola Peković,,6.0,271.0,6744.0,3405.0,1807.0,199.0,0.518,,0.76,18.8,0.134,-0.7,2.2,2008,24.9,12.6,6.7,0.7,,2008
32,OKC,Walter Sharpe,UAB,1.0,8.0,20.0,8.0,3.0,0.0,0.364,0.0,0.0,-0.1,-0.131,-10.1,0.0,2008,2.5,1.0,0.4,0.0,https://www.sports-reference.com/cbb/players/walter-sharpe-1.html,2008
33,POR,Joey Dorsey,Memphis,4.0,130.0,1488.0,344.0,513.0,55.0,0.534,0.0,0.375,2.9,0.092,-2.7,-0.3,2008,11.4,2.6,3.9,0.4,https://www.sports-reference.com/cbb/players/joey-dorsey-1.html,2008
34,MIN,Mario Chalmers,Kansas,9.0,646.0,17245.0,5743.0,1585.0,2412.0,0.417,0.351,0.793,32.3,0.09,-0.6,5.9,2008,26.7,8.9,2.5,3.7,https://www.sports-reference.com/cbb/players/mario-chalmers-1.html,2008
35,LAC,DeAndre Jordan,Texas A&M,14.0,963.0,25971.0,8857.0,10047.0,924.0,0.674,0.083,0.475,93.9,0.174,1.3,22.0,2008,27.0,9.2,10.4,1.0,https://www.sports-reference.com/cbb/players/deandre-jordan-1.html,2008
36,POR,Ömer Aşık,,8.0,471.0,9216.0,2479.0,3362.0,280.0,0.528,0.0,0.551,20.9,0.109,-1.9,0.1,2008,19.6,5.3,7.1,0.6,,2008
37,MIL,Luc Mbah a Moute,UCLA,12.0,689.0,16038.0,4380.0,2800.0,588.0,0.454,0.334,0.659,26.0,0.078,-1.5,2.0,2008,23.3,6.4,4.1,0.9,https://www.sports-reference.com/cbb/players/luc-mbah-a-moute-1.html,2008
38,CHA,Kyle Weaver,Washington State,3.0,73.0,1379.0,363.0,158.0,119.0,0.441,0.353,0.736,1.5,0.051,-1.1,0.3,2008,18.9,5.0,2.2,1.6,https://www.sports-reference.com/cbb/players/kyle-weaver-1.html,2008
39,CHI,Sonny Weems,Arkansas,4.0,183.0,3335.0,1189.0,402.0,257.0,0.465,0.283,0.702,0.0,0.001,-4.2,-1.8,2008,18.2,6.5,2.2,1.4,https://www.sports-reference.com/cbb/players/sonny-weems-1.html,2008
40,BRK,Chris Douglas-Roberts,Memphis,6.0,222.0,4381.0,1571.0,472.0,254.0,0.439,0.329,0.831,5.4,0.059,-2.2,-0.2,2008,19.7,7.1,2.1,1.1,https://www.sports-reference.com/cbb/players/chris-douglas-roberts-1.html,2008
41,IND,Nathan Jawai,,2.0,45.0,431.0,126.0,106.0,24.0,0.435,0.0,0.684,0.2,0.02,-4.4,-0.3,2008,9.6,2.8,2.4,0.5,,2008
42,SAC,Sean Singletary,Virginia,1.0,37.0,303.0,90.0,35.0,29.0,0.365,0.4,0.857,0.0,0.006,-5.1,-0.2,2008,8.2,2.4,0.9,0.8,https://www.sports-reference.com/cbb/players/sean-singletary-1.html,2008
43,SAC,Patrick Ewing,Georgetown,1.0,7.0,19.0,3.0,2.0,2.0,0.0,0.0,0.75,-0.1,-0.158,-9.1,0.0,2008,2.7,0.4,0.3,0.3,https://www.sports-reference.com/cbb/players/patrick-ewing-1.html,2008
44,UTA,Ante Tomić,,,,,,,,,,,,,,,2008,,,,,,2008
45,SAS,Goran Dragić,,14.0,872.0,24326.0,12086.0,2684.0,4177.0,0.462,0.364,0.767,56.2,0.111,0.7,16.5,2008,27.9,13.9,3.1,4.8,,2008
46,OKC,Trent Plaisted,Brigham Young University Hawaii,,,,,,,,,,,,,,2008,,,,,https://www.sports-reference.com/cbb/players/trent-plaisted-1.html,2008
47,WAS,Henry Walker,Kansas State,5.0,181.0,3016.0,1079.0,401.0,153.0,0.446,0.369,0.76,5.0,0.079,-1.8,0.2,2008,16.7,6.0,2.2,0.8,https://www.sports-reference.com/cbb/players/henry-walker-1.html,2008
48,PHO,Malik Hairston,Oregon,2.0,62.0,472.0,149.0,77.0,29.0,0.512,0.167,0.514,0.8,0.086,-2.0,0.0,2008,7.6,2.4,1.2,0.5,https://www.sports-reference.com/cbb/players/malik-hairston-1.html,2008
49,GSW,Richard Hendrix,Alabama,,,,,,,,,,,,,,2008,,,,,https://www.sports-reference.com/cbb/players/richard-hendrix-1.html,2008
50,OKC,DeVon Hardin,California,,,,,,,,,,,,,,2008,,,,,https://www.sports-reference.com/cbb/players/devon-hardin-1.html,2008
51,DAL,Shan Foster,Vanderbilt,,,,,,,,,,,,,,2008,,,,,https://www.sports-reference.com/cbb/players/shan-foster-1.html,2008
52,MIA,Darnell Jackson,Kansas,3.0,138.0,1039.0,308.0,203.0,26.0,0.449,0.235,0.644,1.3,0.059,-5.2,-0.8,2008,7.5,2.2,1.5,0.2,https://www.sports-reference.com/cbb/players/darnell-jackson-1.html,2008
53,UTA,Tadija Dragićević,,,,,,,,,,,,,,,2008,,,,,,2008
54,HOU,Maarty Leunen,Oregon,,,,,,,,,,,,,,2008,,,,,https://www.sports-reference.com/cbb/players/maarty-leunen-1.html,2008
55,POR,Mike Taylor,Iowa State,1.0,51.0,771.0,289.0,87.0,106.0,0.412,0.325,0.691,-0.4,-0.028,-5.2,-0.6,2008,15.1,5.7,1.7,2.1,https://www.sports-reference.com/cbb/players/mike-taylor-1.html,2008
56,OKC,Sasha Kaun,Kansas,1.0,25.0,95.0,23.0,26.0,3.0,0.529,,0.455,0.2,0.096,-2.8,0.0,2008,3.8,0.9,1.0,0.1,https://www.sports-reference.com/cbb/players/sasha-kaun-1.html,2008
57,SAS,James Gist,Maryland,,,,,,,,,,,,,,2008,,,,,https://www.sports-reference.com/cbb/players/james-gist-1.html,2008
58,LAL,Joe Crawford,Kentucky,1.0,2.0,23.0,9.0,4.0,1.0,0.3,0.25,1.0,0.0,0.037,-2.7,0.0,2008,11.5,4.5,2.0,0.5,https://www.sports-reference.com/cbb/players/joe-crawford-1.html,2008
59,DET,Deron Washington,Virginia Tech,,,,,,,,,,,,,,2008,,,,,https://www.sports-reference.com/cbb/players/deron-washington-1.html,2008
60,BOS,Semih Erden,,2.0,69.0,928.0,262.0,190.0,29.0,0.546,,0.594,1.8,0.094,-3.6,-0.4,2008,13.4,3.8,2.8,0.4,,2008
1,LAC,Blake Griffin,Oklahoma,12.0,716.0,23730.0,14306.0,5935.0,2985.0,0.493,0.326,0.696,79.2,0.16,3.4,32.5,2009,33.1,20.0,8.3,4.2,https://www.sports-reference.com/cbb/players/blake-griffin-1.html,2009
2,MEM,Hasheem Thabeet,UConn,5.0,224.0,2357.0,483.0,595.0,27.0,0.567,,0.578,4.8,0.099,-2.7,-0.4,2009,10.5,2.2,2.7,0.1,https://www.sports-reference.com/cbb/players/hasheem-thabeet-1.html,2009
3,OKC,James Harden,Arizona State,13.0,921.0,31825.0,23035.0,5145.0,6177.0,0.443,0.362,0.859,146.6,0.221,6.8,70.8,2009,34.6,25.0,5.6,6.7,https://www.sports-reference.com/cbb/players/james-harden-1.html,2009
4,SAC,Tyreke Evans,Memphis,10.0,594.0,18242.0,9347.0,2720.0,2852.0,0.44,0.323,0.757,28.4,0.075,0.8,13.1,2009,30.7,15.7,4.6,4.8,https://www.sports-reference.com/cbb/players/tyreke-evans-1.html,2009
5,MIN,Ricky Rubio,,11.0,665.0,20128.0,7399.0,2760.0,5045.0,0.389,0.326,0.843,42.0,0.1,0.6,13.5,2009,30.3,11.1,4.2,7.6,,2009
6,MIN,Jonny Flynn,Syracuse,3.0,163.0,3738.0,1504.0,307.0,634.0,0.4,0.338,0.809,-1.1,-0.015,-4.0,-1.9,2009,22.9,9.2,1.9,3.9,https://www.sports-reference.com/cbb/players/jonny-flynn-1.html,2009
7,GSW,Stephen Curry,Davidson,13.0,816.0,28031.0,19827.0,3789.0,5326.0,0.473,0.428,0.908,119.4,0.204,6.5,60.4,2009,34.4,24.3,4.6,6.5,https://www.sports-reference.com/cbb/players/stephen-curry-1.html,2009
8,NYK,Jordan Hill,Arizona,8.0,409.0,7692.0,3232.0,2389.0,322.0,0.497,0.136,0.699,16.4,0.102,-2.0,0.0,2009,18.8,7.9,5.8,0.8,https://www.sports-reference.com/cbb/players/jordan-hill-1.html,2009
9,TOR,DeMar DeRozan,USC,13.0,936.0,32006.0,19298.0,4122.0,3638.0,0.465,0.285,0.836,82.7,0.124,0.7,22.2,2009,34.2,20.6,4.4,3.9,https://www.sports-reference.com/cbb/players/demar-derozan-1.html,2009
10,MIL,Brandon Jennings,,9.0,555.0,16844.0,7801.0,1659.0,3151.0,0.387,0.345,0.796,29.9,0.085,0.8,11.8,2009,30.3,14.1,3.0,5.7,,2009
11,BRK,Terrence Williams,Louisville,4.0,153.0,2922.0,1085.0,545.0,364.0,0.412,0.317,0.659,-0.2,-0.004,-2.8,-0.6,2009,19.1,7.1,3.6,2.4,https://www.sports-reference.com/cbb/players/terrence-williams-1.html,2009
12,CHA,Gerald Henderson,Duke,8.0,535.0,13854.0,5987.0,1716.0,1009.0,0.44,0.327,0.793,18.3,0.063,-1.8,0.6,2009,25.9,11.2,3.2,1.9,https://www.sports-reference.com/cbb/players/gerald-henderson-1.html,2009
13,IND,Tyler Hansbrough,UNC,7.0,428.0,7233.0,2881.0,1808.0,181.0,0.439,0.136,0.738,20.2,0.134,-2.0,0.0,2009,16.9,6.7,4.2,0.4,https://www.sports-reference.com/cbb/players/tyler-hansbrough-1.html,2009
14,PHO,Earl Clark,Louisville,6.0,261.0,3630.0,1138.0,778.0,134.0,0.403,0.328,0.664,2.9,0.038,-2.8,-0.8,2009,13.9,4.4,3.0,0.5,https://www.sports-reference.com/cbb/players/earl-clark-1.html,2009
15,DET,Austin Daye,Gonzaga,6.0,293.0,4132.0,1522.0,764.0,212.0,0.402,0.351,0.778,4.5,0.053,-2.0,0.0,2009,14.1,5.2,2.6,0.7,https://www.sports-reference.com/cbb/players/austin-daye-1.html,2009
16,CHI,James Johnson,Wake Forest,13.0,728.0,14953.0,5677.0,2614.0,1538.0,0.475,0.302,0.68,27.0,0.087,0.5,9.4,2009,20.5,7.8,3.6,2.1,https://www.sports-reference.com/cbb/players/james-johnson-1.html,2009
17,PHI,Jrue Holiday,UCLA,13.0,819.0,27163.0,13212.0,3276.0,5225.0,0.46,0.361,0.777,54.5,0.096,1.5,23.7,2009,33.2,16.1,4.0,6.4,https://www.sports-reference.com/cbb/players/jrue-holiday-1.html,2009
18,MIN,Ty Lawson,UNC,8.0,551.0,16088.0,6977.0,1506.0,3316.0,0.46,0.359,0.77,42.1,0.126,1.4,13.6,2009,29.2,12.7,2.7,6.0,https://www.sports-reference.com/cbb/players/ty-lawson-1.html,2009
19,ATL,Jeff Teague,Wake Forest,12.0,826.0,22164.0,10061.0,1989.0,4585.0,0.444,0.36,0.844,52.4,0.113,0.6,14.3,2009,26.8,12.2,2.4,5.6,https://www.sports-reference.com/cbb/players/jeff-teague-1.html,2009
20,UTA,Eric Maynor,VCU,5.0,267.0,3896.0,1141.0,348.0,760.0,0.392,0.35,0.721,3.3,0.041,-2.9,-0.8,2009,14.6,4.3,1.3,2.8,https://www.sports-reference.com/cbb/players/eric-maynor-1.html,2009
21,NOP,Darren Collison,UCLA,11.0,711.0,20833.0,8861.0,1889.0,3545.0,0.471,0.394,0.853,49.9,0.115,0.5,13.4,2009,29.3,12.5,2.7,5.0,https://www.sports-reference.com/cbb/players/darren-collison-1.html,2009
22,POR,Victor Claver,,3.0,80.0,1072.0,258.0,178.0,56.0,0.398,0.293,0.585,0.2,0.011,-3.6,-0.4,2009,13.4,3.2,2.2,0.7,,2009
23,SAC,Omri Casspi,,10.0,588.0,11959.0,4642.0,2355.0,662.0,0.454,0.368,0.678,19.6,0.078,-0.8,3.5,2009,20.3,7.9,4.0,1.1,,2009
24,DAL,Byron Mullens,Ohio State,5.0,189.0,3446.0,1398.0,790.0,153.0,0.408,0.319,0.706,0.6,0.008,-4.0,-1.8,2009,18.2,7.4,4.2,0.8,https://www.sports-reference.com/cbb/players/byron-mullens-1.html,2009
25,OKC,Rodrigue Beaubois,,4.0,182.0,2896.0,1286.0,338.0,374.0,0.439,0.325,0.81,4.8,0.079,-0.1,1.4,2009,15.9,7.1,1.9,2.1,,2009
26,CHI,Taj Gibson,USC,13.0,883.0,21742.0,8012.0,5423.0,873.0,0.518,0.239,0.711,57.9,0.128,-0.7,7.0,2009,24.6,9.1,6.1,1.0,https://www.sports-reference.com/cbb/players/taj-gibson-1.html,2009
27,MEM,DeMarre Carroll,Missouri,11.0,578.0,13675.0,5150.0,2454.0,726.0,0.43,0.358,0.741,29.5,0.104,0.0,6.7,2009,23.7,8.9,4.2,1.3,https://www.sports-reference.com/cbb/players/demarre-carroll-1.html,2009
28,MIN,Wayne Ellington,UNC,13.0,762.0,15951.0,6118.0,1626.0,846.0,0.41,0.382,0.843,20.9,0.063,-1.5,2.1,2009,20.9,8.0,2.1,1.1,https://www.sports-reference.com/cbb/players/wayne-ellington-1.html,2009
29,LAL,Toney Douglas,Florida State,8.0,394.0,7511.0,3009.0,875.0,889.0,0.404,0.354,0.824,12.1,0.077,-0.8,2.2,2009,19.1,7.6,2.2,2.3,https://www.sports-reference.com/cbb/players/toney-douglas-1.html,2009
30,CLE,Christian Eyenga,,2.0,51.0,1049.0,320.0,137.0,40.0,0.411,0.277,0.611,-0.4,-0.02,-4.2,-0.6,2009,20.6,6.3,2.7,0.8,,2009
31,SAC,Jeff Ayres,Arizona State,6.0,237.0,2322.0,690.0,632.0,99.0,0.553,0.4,0.776,6.3,0.131,-2.3,-0.2,2009,9.8,2.9,2.7,0.4,https://www.sports-reference.com/cbb/players/jeff-ayres-1.html,2009
32,WAS,Jermaine Taylor,Central Florida,2.0,65.0,786.0,351.0,108.0,48.0,0.441,0.284,0.73,0.2,0.014,-3.7,-0.3,2009,12.1,5.4,1.7,0.7,https://www.sports-reference.com/cbb/players/jermaine-taylor-1.html,2009
33,POR,Dante Cunningham,Villanova,10.0,715.0,14875.0,4133.0,2676.0,506.0,0.469,0.345,0.649,24.9,0.08,-1.7,1.1,2009,20.8,5.8,3.7,0.7,https://www.sports-reference.com/cbb/players/dante-cunningham-1.html,2009
34,DEN,Sergio Llull,,,,,,,,,,,,,,,2009,,,,,,2009
35,DET,DaJuan Summers,Georgetown,4.0,83.0,820.0,278.0,82.0,29.0,0.384,0.367,0.642,-0.1,-0.008,-5.8,-0.8,2009,9.9,3.3,1.0,0.3,https://www.sports-reference.com/cbb/players/dajuan-summers-1.html,2009
36,MEM,Sam Young,Pitt,4.0,249.0,3966.0,1436.0,573.0,180.0,0.442,0.28,0.742,5.2,0.063,-2.1,-0.1,2009,15.9,5.8,2.3,0.7,https://www.sports-reference.com/cbb/players/sam-young-1.html,2009
37,SAS,DeJuan Blair,Pitt,7.0,424.0,7054.0,2865.0,2153.0,349.0,0.524,0.0,0.608,19.0,0.129,-1.2,1.4,2009,16.6,6.8,5.1,0.8,https://www.sports-reference.com/cbb/players/dejuan-blair-1.html,2009
38,POR,Jon Brockman,Washington,3.0,150.0,1570.0,320.0,472.0,49.0,0.488,0.0,0.618,3.7,0.113,-3.9,-0.8,2009,10.5,2.1,3.1,0.3,https://www.sports-reference.com/cbb/players/jon-brockman-1.html,2009
39,DET,Jonas Jerebko,,9.0,635.0,11323.0,3919.0,2522.0,525.0,0.457,0.363,0.77,25.8,0.109,-1.0,2.9,2009,17.8,6.2,4.0,0.8,,2009
40,CHA,Derrick Brown,Xavier,3.0,171.0,2554.0,895.0,413.0,119.0,0.515,0.317,0.637,4.5,0.085,-1.3,0.4,2009,14.9,5.2,2.4,0.7,https://www.sports-reference.com/cbb/players/derrick-brown-1.html,2009
41,MIL,Jodie Meeks,Kentucky,10.0,539.0,12110.0,4988.0,1120.0,583.0,0.42,0.373,0.879,24.3,0.096,-0.6,4.2,2009,22.5,9.3,2.1,1.1,https://www.sports-reference.com/cbb/players/jodie-meeks-1.html,2009
42,LAL,Patrick Beverley,Arkansas,10.0,508.0,13990.0,4489.0,2179.0,1766.0,0.414,0.378,0.757,33.3,0.114,1.1,10.9,2009,27.5,8.8,4.3,3.5,https://www.sports-reference.com/cbb/players/patrick-beverley-1.html,2009
43,MIA,Marcus Thornton,LSU,8.0,483.0,11299.0,5750.0,1348.0,677.0,0.425,0.358,0.83,20.0,0.085,0.2,6.2,2009,23.4,11.9,2.8,1.4,https://www.sports-reference.com/cbb/players/marcus-thornton-1.html,2009
44,DET,Chase Budinger,Arizona,7.0,407.0,7998.0,3198.0,1240.0,473.0,0.43,0.352,0.797,13.9,0.083,-0.5,2.9,2009,19.7,7.9,3.0,1.2,https://www.sports-reference.com/cbb/players/chase-budinger-1.html,2009
45,MIN,Nick Calathes,Florida,2.0,129.0,2011.0,590.0,243.0,353.0,0.441,0.288,0.581,2.6,0.063,-0.5,0.8,2009,15.6,4.6,1.9,2.7,https://www.sports-reference.com/cbb/players/nick-calathes-1.html,2009
46,CLE,Danny Green,UNC,13.0,797.0,20311.0,7034.0,2750.0,1247.0,0.422,0.4,0.806,48.4,0.114,1.9,20.0,2009,25.5,8.8,3.5,1.6,https://www.sports-reference.com/cbb/players/danny-green-1.html,2009
47,MIN,Henk Norel,,,,,,,,,,,,,,,2009,,,,,,2009
48,PHO,Taylor Griffin,Oklahoma,1.0,8.0,32.0,10.0,2.0,1.0,0.4,0.0,0.5,0.0,-0.039,-8.1,-0.1,2009,4.0,1.3,0.3,0.1,https://www.sports-reference.com/cbb/players/taylor-griffin-1.html,2009
49,ATL,Sergiy Gladyr,,,,,,,,,,,,,,,2009,,,,,,2009
50,UTA,Goran Suton,Michigan State,,,,,,,,,,,,,,2009,,,,,https://www.sports-reference.com/cbb/players/goran-suton-1.html,2009
51,SAS,Jack McClinton,Miami (FL),,,,,,,,,,,,,,2009,,,,,https://www.sports-reference.com/cbb/players/jack-mcclinton-1.html,2009
52,IND,A.J. Price,UConn,6.0,261.0,3929.0,1523.0,377.0,567.0,0.38,0.316,0.742,4.7,0.058,-1.3,0.7,2009,15.1,5.8,1.4,2.2,https://www.sports-reference.com/cbb/players/a.j.-price-1.html,2009
53,SAS,Nando De Colo,,2.0,119.0,1414.0,453.0,211.0,203.0,0.429,0.363,0.835,2.4,0.081,-0.7,0.5,2009,11.9,3.8,1.8,1.7,,2009
54,CHA,Robert Vaden,UAB,,,,,,,,,,,,,,2009,,,,,https://www.sports-reference.com/cbb/players/robert-vaden-1.html,2009
55,POR,Patty Mills,Saint Mary's,13.0,797.0,16471.0,7372.0,1361.0,1861.0,0.428,0.391,0.857,35.5,0.104,0.3,9.4,2009,20.7,9.2,1.7,2.3,https://www.sports-reference.com/cbb/players/patty-mills-1.html,2009
56,DAL,Ahman Nivins,Saint Joseph's,,,,,,,,,,,,,,2009,,,,,https://www.sports-reference.com/cbb/players/ahman-nivins-1.html,2009
57,PHO,Emir Preldžić,,,,,,,,,,,,,,,2009,,,,,,2009
58,BOS,Lester Hudson,University of Tennessee at Martin,4.0,57.0,594.0,268.0,77.0,71.0,0.375,0.277,0.806,0.2,0.016,-2.1,0.0,2009,10.4,4.7,1.4,1.2,https://www.sports-reference.com/cbb/players/lester-hudson-1.html,2009
59,LAL,Chinemelu Elonu,Texas A&M,,,,,,,,,,,,,,2009,,,,,https://www.sports-reference.com/cbb/players/chinemelu-elonu-1.html,2009
60,MIA,Robert Dozier,Memphis,,,,,,,,,,,,,,2009,,,,,https://www.sports-reference.com/cbb/players/robert-dozier-1.html,2009
1,WAS,John Wall,Kentucky,10.0,613.0,21833.0,11702.0,2612.0,5557.0,0.431,0.323,0.779,44.1,0.097,2.4,24.0,2010,35.6,19.1,4.3,9.1,https://www.sports-reference.com/cbb/players/john-wall-1.html,2010
2,PHI,Evan Turner,Ohio State,10.0,705.0,18938.0,6824.0,3278.0,2462.0,0.434,0.294,0.782,20.2,0.051,-1.9,0.5,2010,26.9,9.7,4.6,3.5,https://www.sports-reference.com/cbb/players/evan-turner-1.html,2010
3,BRK,Derrick Favors,Georgia Tech,12.0,789.0,19184.0,8348.0,5605.0,850.0,0.534,0.198,0.663,60.3,0.151,0.9,13.9,2010,24.3,10.6,7.1,1.1,https://www.sports-reference.com/cbb/players/derrick-favors-1.html,2010
4,MIN,Wesley Johnson,Syracuse,9.0,609.0,13472.0,4235.0,1924.0,645.0,0.404,0.337,0.741,10.7,0.038,-1.6,1.2,2010,22.1,7.0,3.2,1.1,https://www.sports-reference.com/cbb/players/wesley-johnson-1.html,2010
5,SAC,DeMarcus Cousins,Kentucky,11.0,631.0,19183.0,12575.0,6542.0,1935.0,0.459,0.33,0.737,46.0,0.115,2.5,21.5,2010,30.4,19.9,10.4,3.1,https://www.sports-reference.com/cbb/players/demarcus-cousins-1.html,2010
6,GSW,Ekpe Udoh,Baylor,7.0,384.0,5694.0,1353.0,1100.0,260.0,0.453,0.0,0.718,10.4,0.088,-1.4,0.8,2010,14.8,3.5,2.9,0.7,https://www.sports-reference.com/cbb/players/ekpe-udoh-1.html,2010
7,DET,Greg Monroe,Georgetown,10.0,642.0,17626.0,8381.0,5281.0,1368.0,0.514,0.059,0.703,50.1,0.137,1.4,15.2,2010,27.5,13.1,8.2,2.1,https://www.sports-reference.com/cbb/players/greg-monroe-1.html,2010
8,LAC,Al-Farouq Aminu,Wake Forest,11.0,711.0,17698.0,5350.0,4280.0,879.0,0.42,0.332,0.746,27.6,0.075,-0.6,6.5,2010,24.9,7.5,6.0,1.2,https://www.sports-reference.com/cbb/players/al-farouq-aminu-1.html,2010
9,UTA,Gordon Hayward,Butler,12.0,733.0,22815.0,11449.0,3299.0,2572.0,0.453,0.371,0.826,60.2,0.127,2.0,22.8,2010,31.1,15.6,4.5,3.5,https://www.sports-reference.com/cbb/players/gordon-hayward-1.html,2010
10,IND,Paul George,Fresno State,12.0,732.0,24588.0,14916.0,4707.0,2607.0,0.436,0.381,0.849,76.1,0.149,4.1,37.6,2010,33.6,20.4,6.4,3.6,https://www.sports-reference.com/cbb/players/paul-george-1.html,2010
11,NOP,Cole Aldrich,Kansas,8.0,339.0,3389.0,1050.0,1131.0,183.0,0.527,,0.738,9.6,0.135,0.1,1.8,2010,10.0,3.1,3.3,0.5,https://www.sports-reference.com/cbb/players/cole-aldrich-1.html,2010
12,MEM,Xavier Henry,Kansas,5.0,185.0,2905.0,1050.0,351.0,120.0,0.406,0.325,0.635,0.8,0.013,-4.4,-1.7,2010,15.7,5.7,1.9,0.6,https://www.sports-reference.com/cbb/players/xavier-henry-1.html,2010
13,TOR,Ed Davis,UNC,12.0,710.0,13697.0,4284.0,4596.0,537.0,0.567,0.0,0.584,43.1,0.151,-0.2,6.2,2010,19.3,6.0,6.5,0.8,https://www.sports-reference.com/cbb/players/ed-davis-1.html,2010
14,HOU,Patrick Patterson,Kentucky,11.0,719.0,14923.0,4782.0,2799.0,736.0,0.447,0.369,0.755,31.9,0.102,0.0,7.4,2010,20.8,6.7,3.9,1.0,https://www.sports-reference.com/cbb/players/patrick-patterson-1.html,2010
15,MIL,Larry Sanders,VCU,6.0,238.0,4635.0,1520.0,1345.0,174.0,0.48,0.0,0.553,10.3,0.107,-1.1,1.1,2010,19.5,6.4,5.7,0.7,https://www.sports-reference.com/cbb/players/larry-sanders-1.html,2010
16,MIN,Luke Babbitt,Nevada,8.0,381.0,5332.0,1818.0,846.0,224.0,0.408,0.402,0.747,7.2,0.065,-2.1,-0.1,2010,14.0,4.8,2.2,0.6,https://www.sports-reference.com/cbb/players/luke-babbitt-1.html,2010
17,CHI,Kevin Séraphin,,7.0,423.0,6430.0,2516.0,1462.0,246.0,0.489,0.0,0.715,5.9,0.044,-4.3,-3.6,2010,15.2,5.9,3.5,0.6,,2010
18,OKC,Eric Bledsoe,Kentucky,12.0,756.0,21021.0,10348.0,2937.0,3545.0,0.452,0.336,0.784,46.2,0.105,1.6,18.9,2010,27.8,13.7,3.9,4.7,https://www.sports-reference.com/cbb/players/eric-bledsoe-1.html,2010
19,BOS,Avery Bradley,Texas,12.0,647.0,17910.0,7210.0,1840.0,1099.0,0.434,0.364,0.782,17.0,0.046,-2.4,-1.7,2010,27.7,11.1,2.8,1.7,https://www.sports-reference.com/cbb/players/avery-bradley-1.html,2010
20,SAS,James Anderson,Oklahoma State,5.0,247.0,4320.0,1422.0,560.0,291.0,0.411,0.321,0.755,3.3,0.037,-2.7,-0.8,2010,17.5,5.8,2.3,1.2,https://www.sports-reference.com/cbb/players/james-anderson-1.html,2010
21,OKC,Craig Brackins,Iowa State,2.0,17.0,121.0,30.0,19.0,9.0,0.265,0.214,0.5,-0.2,-0.089,-9.9,-0.2,2010,7.1,1.8,1.1,0.5,https://www.sports-reference.com/cbb/players/craig-brackins-1.html,2010
22,POR,Elliot Williams,Memphis,4.0,109.0,1470.0,537.0,161.0,94.0,0.421,0.31,0.669,0.7,0.024,-4.9,-1.1,2010,13.5,4.9,1.5,0.9,https://www.sports-reference.com/cbb/players/elliot-williams-1.html,2010
23,MIN,Trevor Booker,Clemson,8.0,532.0,10872.0,3679.0,2932.0,566.0,0.515,0.305,0.636,26.2,0.116,-0.5,4.2,2010,20.4,6.9,5.5,1.1,https://www.sports-reference.com/cbb/players/trevor-booker-1.html,2010
24,ATL,Damion James,Texas,4.0,39.0,623.0,150.0,131.0,26.0,0.415,0.0,0.667,0.0,-0.001,-3.7,-0.3,2010,16.0,3.8,3.4,0.7,https://www.sports-reference.com/cbb/players/damion-james-1.html,2010
25,MEM,Dominique Jones,South Florida,3.0,80.0,741.0,246.0,114.0,144.0,0.366,0.095,0.729,0.3,0.017,-2.4,-0.1,2010,9.3,3.1,1.4,1.8,https://www.sports-reference.com/cbb/players/dominique-jones-1.html,2010
26,OKC,Quincy Pondexter,Washington,7.0,355.0,5530.0,1609.0,640.0,263.0,0.423,0.356,0.746,9.7,0.084,-1.8,0.3,2010,15.6,4.5,1.8,0.7,https://www.sports-reference.com/cbb/players/quincy-pondexter-1.html,2010
27,BRK,Jordan Crawford,Xavier,6.0,281.0,6843.0,3432.0,703.0,883.0,0.411,0.317,0.826,6.3,0.044,-1.3,1.3,2010,24.4,12.2,2.5,3.1,https://www.sports-reference.com/cbb/players/jordan-crawford-1.html,2010
28,MEM,Greivis Vásquez,Maryland,7.0,401.0,9520.0,3591.0,1021.0,1935.0,0.418,0.349,0.817,12.6,0.064,-1.2,1.8,2010,23.7,9.0,2.5,4.8,https://www.sports-reference.com/cbb/players/greivis-vásquez-1.html,2010
29,ORL,Daniel Orton,Kentucky,3.0,51.0,542.0,143.0,126.0,24.0,0.485,0.0,0.597,1.0,0.093,-3.5,-0.2,2010,10.6,2.8,2.5,0.5,https://www.sports-reference.com/cbb/players/daniel-orton-1.html,2010
30,WAS,Lazar Hayward,Marquette,3.0,72.0,591.0,207.0,90.0,35.0,0.347,0.269,0.767,0.2,0.02,-4.2,-0.3,2010,8.2,2.9,1.3,0.5,https://www.sports-reference.com/cbb/players/lazar-hayward-1.html,2010
31,BRK,Tibor Pleiß,,1.0,12.0,82.0,24.0,15.0,2.0,0.44,0.0,1.0,-0.1,-0.041,-11.6,-0.2,2010,6.8,2.0,1.3,0.2,,2010
32,MIA,Dexter Pittman,Texas,4.0,50.0,347.0,116.0,89.0,9.0,0.45,,0.545,0.5,0.068,-7.7,-0.5,2010,6.9,2.3,1.8,0.2,https://www.sports-reference.com/cbb/players/dexter-pittman-1.html,2010
33,SAC,Hassan Whiteside,Marshall,10.0,492.0,12334.0,6315.0,5388.0,319.0,0.584,0.308,0.607,50.3,0.196,2.5,14.0,2010,25.1,12.8,11.0,0.6,https://www.sports-reference.com/cbb/players/hassan-whiteside-1.html,2010
34,POR,Armon Johnson,Nevada,2.0,47.0,401.0,157.0,49.0,56.0,0.458,0.4,0.679,-0.1,-0.015,-4.1,-0.2,2010,8.5,3.3,1.0,1.2,https://www.sports-reference.com/cbb/players/armon-johnson-1.html,2010
35,WAS,Nemanja Bjelica,,7.0,431.0,8843.0,3305.0,1966.0,767.0,0.464,0.382,0.753,19.0,0.103,0.2,5.0,2010,20.5,7.7,4.6,1.8,,2010
36,DET,Terrico White,Ole Miss,,,,,,,,,,,,,,2010,,,,,https://www.sports-reference.com/cbb/players/terrico-white-1.html,2010
37,MIL,Darington Hobson,New Mexico,1.0,5.0,39.0,4.0,3.0,6.0,0.154,0.0,,-0.2,-0.225,-13.0,-0.1,2010,7.8,0.8,0.6,1.2,https://www.sports-reference.com/cbb/players/darington-hobson-1.html,2010
38,NYK,Andy Rautins,Syracuse,1.0,5.0,24.0,8.0,1.0,3.0,0.429,0.25,0.5,-0.2,-0.314,-13.2,-0.1,2010,4.8,1.6,0.2,0.6,https://www.sports-reference.com/cbb/players/andy-rautins-1.html,2010
39,NYK,Landry Fields,Stanford,5.0,255.0,6010.0,1731.0,1092.0,419.0,0.473,0.332,0.666,10.5,0.084,-0.3,2.6,2010,23.6,6.8,4.3,1.6,https://www.sports-reference.com/cbb/players/landry-fields-1.html,2010
40,IND,Lance Stephenson,Cincinnati,10.0,538.0,12409.0,4605.0,2215.0,1566.0,0.444,0.311,0.692,17.3,0.067,-1.3,2.4,2010,23.1,8.6,4.1,2.9,https://www.sports-reference.com/cbb/players/lance-stephenson-1.html,2010
41,MIA,Jarvis Varnado,Mississippi State,2.0,37.0,397.0,107.0,72.0,16.0,0.582,,0.518,0.7,0.089,-3.3,-0.1,2010,10.7,2.9,1.9,0.4,https://www.sports-reference.com/cbb/players/jarvis-varnado-1.html,2010
42,MIA,Da'Sean Butler,West Virginia,,,,,,,,,,,,,,2010,,,,,https://www.sports-reference.com/cbb/players/da'sean-butler-1.html,2010
43,LAL,Devin Ebanks,West Virginia,3.0,63.0,711.0,224.0,122.0,24.0,0.385,0.222,0.722,0.5,0.035,-4.8,-0.5,2010,11.3,3.6,1.9,0.4,https://www.sports-reference.com/cbb/players/devin-ebanks-1.html,2010
44,MIL,Jerome Jordan,Tulsa,2.0,65.0,491.0,180.0,132.0,17.0,0.528,,0.852,1.7,0.168,-1.0,0.1,2010,7.6,2.8,2.0,0.3,https://www.sports-reference.com/cbb/players/jerome-jordan-1.html,2010
45,MIN,Paulão Prestes,,,,,,,,,,,,,,,2010,,,,,,2010
46,PHO,Gani Lawal,Georgia Tech,1.0,1.0,2.0,0.0,0.0,0.0,,,,0.0,-0.009,-15.0,0.0,2010,2.0,0.0,0.0,0.0,https://www.sports-reference.com/cbb/players/gani-lawal-1.html,2010
47,MIL,Tiny Gallon,Oklahoma,,,,,,,,,,,,,,2010,,,,,https://www.sports-reference.com/cbb/players/tiny-gallon-1.html,2010
48,MIA,Latavious Williams,,,,,,,,,,,,,,,2010,,,,,,2010
49,SAS,Ryan Richards,,,,,,,,,,,,,,,2010,,,,,,2010
50,DAL,Solomon Alabi,Florida State,2.0,26.0,181.0,39.0,61.0,5.0,0.314,,0.7,0.0,0.01,-4.4,-0.1,2010,7.0,1.5,2.3,0.2,https://www.sports-reference.com/cbb/players/solomon-alabi-1.html,2010
51,OKC,Magnum Rolle,Louisiana Tech,,,,,,,,,,,,,,2010,,,,,https://www.sports-reference.com/cbb/players/magnum-rolle-1.html,2010
52,BOS,Luke Harangody,Notre Dame,2.0,70.0,871.0,253.0,196.0,36.0,0.376,0.241,0.737,0.9,0.048,-3.5,-0.3,2010,12.4,3.6,2.8,0.5,https://www.sports-reference.com/cbb/players/luke-harangody-1.html,2010
53,ATL,Pape Sy,,1.0,3.0,21.0,7.0,3.0,2.0,0.333,0.0,1.0,0.0,-0.047,-6.0,0.0,2010,7.0,2.3,1.0,0.7,,2010
54,LAC,Willie Warren,Oklahoma,1.0,19.0,134.0,37.0,12.0,27.0,0.371,0.333,0.75,0.2,0.065,-2.7,0.0,2010,7.1,1.9,0.6,1.4,https://www.sports-reference.com/cbb/players/willie-warren-1.html,2010
55,UTA,Jeremy Evans,Western Kentucky,7.0,250.0,2626.0,879.0,641.0,107.0,0.569,0.231,0.687,8.2,0.15,0.9,1.9,2010,10.5,3.5,2.6,0.4,https://www.sports-reference.com/cbb/players/jeremy-evans-1.html,2010
56,MIN,Hamady N'Diaye,Rutgers University,3.0,33.0,157.0,20.0,25.0,3.0,0.467,,0.462,0.0,0.013,-7.3,-0.2,2010,4.8,0.6,0.8,0.1,https://www.sports-reference.com/cbb/players/hamady-n'diaye-1.html,2010
57,IND,Ryan Reid,Florida State,1.0,5.0,17.0,8.0,2.0,0.0,0.8,,,0.1,0.142,-2.0,0.0,2010,3.4,1.6,0.4,0.0,https://www.sports-reference.com/cbb/players/ryan-reid-1.html,2010
58,LAL,Derrick Caracter,Texas-El Paso,1.0,41.0,215.0,81.0,43.0,7.0,0.485,,0.739,0.3,0.057,-7.1,-0.3,2010,5.2,2.0,1.0,0.2,https://www.sports-reference.com/cbb/players/derrick-caracter-1.html,2010
59,ORL,Stanley Robinson,UConn,,,,,,,,,,,,,,2010,,,,,https://www.sports-reference.com/cbb/players/stanley-robinson-1.html,2010
60,PHO,Dwayne Collins,Miami (FL),,,,,,,,,,,,,,2010,,,,,https://www.sports-reference.com/cbb/players/dwayne-collins-1.html,2010
1,CLE,Kyrie Irving,Duke,11.0,596.0,20220.0,13631.0,2279.0,3411.0,0.469,0.391,0.882,69.8,0.166,4.5,33.2,2011,33.9,22.9,3.8,5.7,https://www.sports-reference.com/cbb/players/kyrie-irving-1.html,2011
2,MIN,Derrick Williams,Arizona,7.0,428.0,8864.0,3809.0,1693.0,293.0,0.434,0.3,0.71,14.1,0.076,-1.6,0.8,2011,20.7,8.9,4.0,0.7,https://www.sports-reference.com/cbb/players/derrick-williams-1.html,2011
3,UTA,Enes Freedom,,11.0,748.0,16101.0,8349.0,5822.0,638.0,0.548,0.289,0.777,52.8,0.157,-0.1,7.6,2011,21.5,11.2,7.8,0.9,,2011
4,CLE,Tristan Thompson,Texas,11.0,707.0,19180.0,6462.0,6011.0,711.0,0.518,0.278,0.606,46.6,0.117,-1.7,1.4,2011,27.1,9.1,8.5,1.0,https://www.sports-reference.com/cbb/players/tristan-thompson-1.html,2011
5,TOR,Jonas Valančiūnas,,10.0,674.0,17559.0,8958.0,6338.0,771.0,0.563,0.366,0.784,65.4,0.179,1.1,13.7,2011,26.1,13.3,9.4,1.1,,2011
6,WAS,Jan Veselý,,3.0,162.0,2455.0,590.0,562.0,96.0,0.521,0.0,0.408,4.0,0.078,-2.6,-0.4,2011,15.2,3.6,3.5,0.6,,2011
7,SAC,Bismack Biyombo,,11.0,719.0,14521.0,3749.0,4423.0,433.0,0.53,0.0,0.565,29.0,0.096,-2.6,-2.1,2011,20.2,5.2,6.2,0.6,,2011
8,DET,Brandon Knight,Kentucky,9.0,449.0,13191.0,6299.0,1384.0,1777.0,0.411,0.353,0.807,11.7,0.043,-1.6,1.5,2011,29.4,14.0,3.1,4.0,https://www.sports-reference.com/cbb/players/brandon-knight-1.html,2011
9,CHA,Kemba Walker,UConn,11.0,741.0,24666.0,14414.0,2815.0,3919.0,0.418,0.36,0.84,59.5,0.116,2.8,29.7,2011,33.3,19.5,3.8,5.3,https://www.sports-reference.com/cbb/players/kemba-walker-1.html,2011
10,MIL,Jimmer Fredette,BYU,6.0,241.0,3213.0,1438.0,243.0,331.0,0.409,0.372,0.879,2.2,0.033,-2.5,-0.4,2011,13.3,6.0,1.0,1.4,https://www.sports-reference.com/cbb/players/jimmer-fredette-1.html,2011
11,GSW,Klay Thompson,Washington State,9.0,631.0,20744.0,12268.0,2190.0,1465.0,0.458,0.418,0.849,47.8,0.11,0.8,14.6,2011,32.9,19.4,3.5,2.3,https://www.sports-reference.com/cbb/players/klay-thompson-1.html,2011
12,UTA,Alec Burks,Colorado,11.0,602.0,13605.0,6339.0,2068.0,1179.0,0.418,0.375,0.799,23.9,0.084,-0.7,4.6,2011,22.6,10.5,3.4,2.0,https://www.sports-reference.com/cbb/players/alec-burks-1.html,2011
13,PHO,Markieff Morris,Kansas,11.0,708.0,17613.0,7770.0,3697.0,1144.0,0.446,0.341,0.777,27.0,0.073,-1.4,2.8,2011,24.9,11.0,5.2,1.6,https://www.sports-reference.com/cbb/players/markieff-morris-1.html,2011
14,HOU,Marcus Morris,Kansas,11.0,700.0,18965.0,8674.0,3232.0,1050.0,0.436,0.379,0.768,35.9,0.091,-0.5,7.2,2011,27.1,12.4,4.6,1.5,https://www.sports-reference.com/cbb/players/marcus-morris-1.html,2011
15,IND,Kawhi Leonard,San Diego State,10.0,576.0,18025.0,11085.0,3689.0,1672.0,0.493,0.384,0.858,83.3,0.222,6.9,40.4,2011,31.3,19.2,6.4,2.9,https://www.sports-reference.com/cbb/players/kawhi-leonard-1.html,2011
16,PHI,Nikola Vučević,USC,11.0,720.0,22214.0,12210.0,7536.0,1990.0,0.494,0.351,0.756,58.5,0.126,2.3,24.2,2011,30.9,17.0,10.5,2.8,https://www.sports-reference.com/cbb/players/nikola-vučević-1.html,2011
17,NYK,Iman Shumpert,Georgia Tech,10.0,461.0,11470.0,3320.0,1534.0,845.0,0.391,0.337,0.764,12.9,0.054,-1.7,0.9,2011,24.9,7.2,3.3,1.8,https://www.sports-reference.com/cbb/players/iman-shumpert-1.html,2011
18,WAS,Chris Singleton,Florida State,3.0,148.0,2605.0,612.0,472.0,92.0,0.376,0.319,0.633,2.3,0.042,-3.2,-0.8,2011,17.6,4.1,3.2,0.6,https://www.sports-reference.com/cbb/players/chris-singleton-1.html,2011
19,CHA,Tobias Harris,Tennessee,11.0,729.0,22807.0,11970.0,4523.0,1655.0,0.476,0.366,0.829,56.9,0.12,1.1,18.0,2011,31.3,16.4,6.2,2.3,https://www.sports-reference.com/cbb/players/tobias-harris-1.html,2011
20,MIN,Donatas Motiejūnas,,6.0,251.0,4566.0,1832.0,952.0,269.0,0.469,0.3,0.597,7.1,0.075,-2.5,-0.5,2011,18.2,7.3,3.8,1.1,,2011
21,POR,Nolan Smith,Duke,2.0,84.0,829.0,277.0,83.0,97.0,0.371,0.26,0.714,-0.8,-0.047,-6.0,-0.8,2011,9.9,3.3,1.0,1.2,https://www.sports-reference.com/cbb/players/nolan-smith-1.html,2011
22,DEN,Kenneth Faried,Morehead State University,8.0,478.0,11728.0,5430.0,3884.0,470.0,0.546,0.222,0.654,38.8,0.159,0.5,7.5,2011,24.5,11.4,8.1,1.0,https://www.sports-reference.com/cbb/players/kenneth-faried-1.html,2011
23,HOU,Nikola Mirotić,,5.0,319.0,7718.0,3910.0,1894.0,407.0,0.423,0.359,0.808,20.8,0.129,1.6,7.1,2011,24.2,12.3,5.9,1.3,,2011
24,OKC,Reggie Jackson,Boston College,11.0,685.0,17423.0,8864.0,2047.0,2920.0,0.425,0.345,0.854,33.7,0.093,0.2,9.4,2011,25.4,12.9,3.0,4.3,https://www.sports-reference.com/cbb/players/reggie-jackson-1.html,2011
25,BOS,MarShon Brooks,Providence,5.0,200.0,3456.0,1592.0,424.0,282.0,0.447,0.345,0.751,3.3,0.046,-1.6,0.4,2011,17.3,8.0,2.1,1.4,https://www.sports-reference.com/cbb/players/marshon-brooks-1.html,2011
26,DAL,Jordan Hamilton,Texas,5.0,151.0,2100.0,890.0,429.0,127.0,0.408,0.357,0.67,3.0,0.069,-0.1,1.0,2011,13.9,5.9,2.8,0.8,https://www.sports-reference.com/cbb/players/jordan-hamilton-1.html,2011
27,BRK,JaJuan Johnson,Purdue,1.0,36.0,298.0,114.0,58.0,6.0,0.446,,0.667,0.2,0.032,-3.9,-0.1,2011,8.3,3.2,1.6,0.2,https://www.sports-reference.com/cbb/players/jajuan-johnson-1.html,2011
28,CHI,Norris Cole,Cleveland State University,6.0,360.0,8018.0,2506.0,702.0,981.0,0.407,0.324,0.743,3.0,0.018,-4.1,-4.1,2011,22.3,7.0,2.0,2.7,https://www.sports-reference.com/cbb/players/norris-cole-1.html,2011
29,SAS,Cory Joseph,Texas,11.0,710.0,15708.0,5020.0,1828.0,2133.0,0.444,0.343,0.781,27.9,0.085,-1.0,3.8,2011,22.1,7.1,2.6,3.0,https://www.sports-reference.com/cbb/players/cory-joseph-1.html,2011
30,CHI,Jimmy Butler,Marquette,11.0,673.0,22306.0,11873.0,3579.0,2764.0,0.459,0.321,0.842,91.5,0.197,4.7,37.6,2011,33.1,17.6,5.3,4.1,https://www.sports-reference.com/cbb/players/jimmy-butler-1.html,2011
31,MIA,Bojan Bogdanović,,8.0,590.0,17122.0,8793.0,2133.0,921.0,0.457,0.392,0.863,32.0,0.09,-1.0,4.5,2011,29.0,14.9,3.6,1.6,,2011
32,CLE,Justin Harper,Richmond,3.0,22.0,150.0,45.0,18.0,4.0,0.34,0.276,0.333,-0.3,-0.093,-8.7,-0.2,2011,6.8,2.0,0.8,0.2,https://www.sports-reference.com/cbb/players/justin-harper-1.html,2011
33,DET,Kyle Singler,Duke,6.0,356.0,7794.0,2326.0,1026.0,272.0,0.418,0.362,0.786,10.0,0.062,-2.5,-0.9,2011,21.9,6.5,2.9,0.8,https://www.sports-reference.com/cbb/players/kyle-singler-1.html,2011
34,WAS,Shelvin Mack,Butler,8.0,456.0,8392.0,2997.0,894.0,1421.0,0.423,0.33,0.731,10.3,0.059,-1.9,0.1,2011,18.4,6.6,2.0,3.1,https://www.sports-reference.com/cbb/players/shelvin-mack-1.html,2011
35,SAC,Tyler Honeycutt,UCLA,2.0,24.0,120.0,28.0,24.0,9.0,0.314,0.2,0.714,-0.1,-0.049,-5.1,-0.1,2011,5.0,1.2,1.0,0.4,https://www.sports-reference.com/cbb/players/tyler-honeycutt-1.html,2011
36,BRK,Jordan Williams,Maryland,1.0,43.0,635.0,197.0,156.0,11.0,0.507,,0.652,1.3,0.101,-2.1,0.0,2011,14.8,4.6,3.6,0.3,https://www.sports-reference.com/cbb/players/jordan-williams-1.html,2011
37,LAC,Trey Thompkins,Georgia,1.0,24.0,119.0,57.0,24.0,3.0,0.393,0.308,0.714,0.0,0.004,-5.7,-0.1,2011,5.0,2.4,1.0,0.1,https://www.sports-reference.com/cbb/players/trey-thompkins-1.html,2011
38,HOU,Chandler Parsons,Florida,9.0,440.0,13246.0,5571.0,1972.0,1201.0,0.462,0.373,0.713,28.9,0.105,1.1,10.2,2011,30.1,12.7,4.5,2.7,https://www.sports-reference.com/cbb/players/chandler-parsons-1.html,2011
39,CHA,Jeremy Tyler,,3.0,104.0,1034.0,373.0,269.0,25.0,0.45,0.0,0.557,0.3,0.014,-7.0,-1.3,2011,9.9,3.6,2.6,0.2,,2011
40,MIL,Jon Leuer,Wisconsin,8.0,377.0,5945.0,2395.0,1426.0,301.0,0.484,0.328,0.767,13.2,0.107,-0.7,2.0,2011,15.8,6.4,3.8,0.8,https://www.sports-reference.com/cbb/players/jon-leuer-1.html,2011
41,LAL,Darius Morris,Michigan,4.0,132.0,1464.0,430.0,126.0,189.0,0.384,0.322,0.63,-0.3,-0.01,-5.1,-1.2,2011,11.1,3.3,1.0,1.4,https://www.sports-reference.com/cbb/players/darius-morris-1.html,2011
42,IND,Dāvis Bertāns,,6.0,367.0,7105.0,3063.0,994.0,379.0,0.426,0.399,0.861,16.4,0.111,0.4,4.4,2011,19.4,8.3,2.7,1.0,,2011
43,CHI,Malcolm Lee,UCLA,3.0,36.0,534.0,140.0,65.0,51.0,0.382,0.294,0.703,0.4,0.04,-2.5,-0.1,2011,14.8,3.9,1.8,1.4,https://www.sports-reference.com/cbb/players/malcolm-lee-1.html,2011
44,GSW,Charles Jenkins,Hofstra,2.0,110.0,1334.0,408.0,100.0,214.0,0.434,0.182,0.754,0.5,0.017,-4.5,-0.8,2011,12.1,3.7,0.9,1.9,https://www.sports-reference.com/cbb/players/charles-jenkins-1.html,2011
45,NOP,Josh Harrellson,Kentucky,3.0,75.0,888.0,265.0,227.0,26.0,0.438,0.347,0.629,2.1,0.116,-0.4,0.4,2011,11.8,3.5,3.0,0.3,https://www.sports-reference.com/cbb/players/josh-harrellson-1.html,2011
46,LAL,Andrew Goudelock,College of Charleston,3.0,49.0,475.0,197.0,34.0,24.0,0.393,0.345,0.875,0.0,0.003,-5.0,-0.3,2011,9.7,4.0,0.7,0.5,https://www.sports-reference.com/cbb/players/andrew-goudelock-1.html,2011
47,LAC,Travis Leslie,Georgia,1.0,10.0,45.0,14.0,9.0,5.0,0.357,,0.444,0.1,0.06,-0.3,0.0,2011,4.5,1.4,0.9,0.5,https://www.sports-reference.com/cbb/players/travis-leslie-1.html,2011
48,ATL,Keith Benson,Oakland,1.0,3.0,9.0,0.0,3.0,0.0,0.0,,,0.0,-0.005,-7.7,0.0,2011,3.0,0.0,1.0,0.0,https://www.sports-reference.com/cbb/players/keith-benson-1.html,2011
49,MEM,Josh Selby,Kansas,2.0,38.0,296.0,83.0,20.0,34.0,0.33,0.143,0.72,-0.7,-0.113,-9.5,-0.6,2011,7.8,2.2,0.5,0.9,https://www.sports-reference.com/cbb/players/josh-selby-1.html,2011
50,PHI,Lavoy Allen,Temple,6.0,388.0,6905.0,1847.0,1843.0,384.0,0.471,0.133,0.682,13.8,0.096,-2.1,-0.1,2011,17.8,4.8,4.8,1.0,https://www.sports-reference.com/cbb/players/lavoy-allen-1.html,2011
51,POR,Jon Diebler,Ohio State,,,,,,,,,,,,,,2011,,,,,https://www.sports-reference.com/cbb/players/jon-diebler-1.html,2011
52,DET,Vernon Macklin,Florida,1.0,23.0,135.0,46.0,34.0,5.0,0.543,,0.571,0.5,0.161,1.2,0.1,2011,5.9,2.0,1.5,0.2,https://www.sports-reference.com/cbb/players/vernon-macklin-1.html,2011
53,ORL,DeAndre Liggins,Kentucky,5.0,177.0,1907.0,346.0,252.0,122.0,0.402,0.352,0.549,1.6,0.04,-2.2,-0.1,2011,10.8,2.0,1.4,0.7,https://www.sports-reference.com/cbb/players/deandre-liggins-1.html,2011
54,CLE,Milan Mačvan,,,,,,,,,,,,,,,2011,,,,,,2011
55,BOS,E'Twaun Moore,Purdue,10.0,598.0,12564.0,4743.0,1208.0,1055.0,0.455,0.388,0.742,14.8,0.057,-1.9,0.2,2011,21.0,7.9,2.0,1.8,https://www.sports-reference.com/cbb/players/e'twaun-moore-1.html,2011
56,LAL,Chukwudiebere Maduabum,,,,,,,,,,,,,,,2011,,,,,,2011
57,DAL,Tanguy Ngombo,,,,,,,,,,,,,,,2011,,,,,,2011
58,LAL,Ater Majok,,,,,,,,,,,,,,,2011,,,,,,2011
59,SAS,Ádám Hanga,,,,,,,,,,,,,,,2011,,,,,,2011
60,SAC,Isaiah Thomas,Washington,11.0,533.0,15344.0,9574.0,1300.0,2614.0,0.434,0.362,0.872,45.0,0.141,2.2,16.2,2011,28.8,18.0,2.4,4.9,https://www.sports-reference.com/cbb/players/isaiah-thomas-1.html,2011
1,NOP,Anthony Davis,Kentucky,10.0,601.0,20698.0,14318.0,6129.0,1399.0,0.515,0.303,0.794,91.5,0.212,6.0,42.0,2012,34.4,23.8,10.2,2.3,https://www.sports-reference.com/cbb/players/anthony-davis-1.html,2012
2,CHA,Michael Kidd-Gilchrist,Kentucky,8.0,446.0,10978.0,3750.0,2420.0,515.0,0.474,0.272,0.715,21.0,0.092,-1.8,0.6,2012,24.6,8.4,5.4,1.2,https://www.sports-reference.com/cbb/players/michael-kidd-gilchrist-1.html,2012
3,WAS,Bradley Beal,Florida,10.0,645.0,22418.0,14231.0,2641.0,2701.0,0.456,0.372,0.821,49.2,0.105,1.7,21.0,2012,34.8,22.1,4.1,4.2,https://www.sports-reference.com/cbb/players/bradley-beal-1.html,2012
4,CLE,Dion Waiters,Syracuse,8.0,419.0,11835.0,5505.0,1108.0,1163.0,0.412,0.346,0.694,8.8,0.036,-2.1,-0.4,2012,28.2,13.1,2.6,2.8,https://www.sports-reference.com/cbb/players/dion-waiters-1.html,2012
5,SAC,Thomas Robinson,Kansas,5.0,313.0,4204.0,1528.0,1507.0,190.0,0.47,0.0,0.505,4.6,0.053,-3.5,-1.6,2012,13.4,4.9,4.8,0.6,https://www.sports-reference.com/cbb/players/thomas-robinson-1.html,2012
6,POR,Damian Lillard,Weber State,10.0,711.0,25835.0,17510.0,2976.0,4726.0,0.437,0.373,0.893,94.5,0.176,4.7,43.8,2012,36.3,24.6,4.2,6.6,https://www.sports-reference.com/cbb/players/damian-lillard-1.html,2012
7,GSW,Harrison Barnes,UNC,10.0,725.0,23028.0,10235.0,3720.0,1326.0,0.453,0.38,0.804,43.6,0.091,-0.8,7.0,2012,31.8,14.1,5.1,1.8,https://www.sports-reference.com/cbb/players/harrison-barnes-1.html,2012
8,TOR,Terrence Ross,Washington,10.0,658.0,16412.0,7436.0,1875.0,826.0,0.418,0.364,0.839,23.5,0.069,-0.9,4.7,2012,24.9,11.3,2.8,1.3,https://www.sports-reference.com/cbb/players/terrence-ross-1.html,2012
9,DET,Andre Drummond,UConn,10.0,697.0,20799.0,9684.0,9309.0,976.0,0.538,0.133,0.471,65.7,0.152,1.3,17.3,2012,29.8,13.9,13.4,1.4,https://www.sports-reference.com/cbb/players/andre-drummond-1.html,2012
10,NOP,Austin Rivers,Duke,10.0,632.0,15285.0,5604.0,1319.0,1398.0,0.418,0.35,0.647,13.3,0.042,-3.0,-3.9,2012,24.2,8.9,2.1,2.2,https://www.sports-reference.com/cbb/players/austin-rivers-1.html,2012
11,POR,Meyers Leonard,Illinois,9.0,447.0,7158.0,2502.0,1737.0,395.0,0.482,0.39,0.809,15.5,0.104,-1.4,1.1,2012,16.0,5.6,3.9,0.9,https://www.sports-reference.com/cbb/players/meyers-leonard-1.html,2012
12,HOU,Jeremy Lamb,UConn,10.0,557.0,11605.0,5685.0,2019.0,879.0,0.44,0.344,0.857,26.7,0.11,0.7,7.9,2012,20.8,10.2,3.6,1.6,https://www.sports-reference.com/cbb/players/jeremy-lamb-1.html,2012
13,PHO,Kendall Marshall,UNC,4.0,160.0,3083.0,802.0,253.0,779.0,0.399,0.37,0.611,1.0,0.015,-3.5,-1.1,2012,19.3,5.0,1.6,4.9,https://www.sports-reference.com/cbb/players/kendall-marshall-1.html,2012
14,MIL,John Henson,UNC,8.0,445.0,8752.0,3383.0,2368.0,496.0,0.54,0.25,0.568,20.7,0.113,-0.5,3.4,2012,19.7,7.6,5.3,1.1,https://www.sports-reference.com/cbb/players/john-henson-1.html,2012
15,PHI,Maurice Harkless,St. John's,10.0,615.0,13971.0,4250.0,2191.0,571.0,0.474,0.32,0.624,22.9,0.079,-0.8,4.1,2012,22.7,6.9,3.6,0.9,https://www.sports-reference.com/cbb/players/maurice-harkless-1.html,2012
16,HOU,Royce White,Iowa State,1.0,3.0,9.0,0.0,0.0,0.0,0.0,,,0.0,-0.121,-16.9,0.0,2012,3.0,0.0,0.0,0.0,https://www.sports-reference.com/cbb/players/royce-white-1.html,2012
17,DAL,Tyler Zeller,UNC,8.0,414.0,7254.0,2873.0,1820.0,367.0,0.508,0.286,0.764,17.1,0.113,-2.0,0.0,2012,17.5,6.9,4.4,0.9,https://www.sports-reference.com/cbb/players/tyler-zeller-1.html,2012
18,HOU,Terrence Jones,Kentucky,6.0,234.0,5562.0,2431.0,1334.0,238.0,0.501,0.297,0.621,14.7,0.127,0.5,3.6,2012,23.8,10.4,5.7,1.0,https://www.sports-reference.com/cbb/players/terrence-jones-1.html,2012
19,ORL,Andrew Nicholson,St. Bonaventure,5.0,285.0,4080.0,1700.0,857.0,126.0,0.467,0.321,0.773,3.8,0.045,-3.6,-1.6,2012,14.3,6.0,3.0,0.4,https://www.sports-reference.com/cbb/players/andrew-nicholson-1.html,2012
20,DEN,Evan Fournier,,10.0,622.0,17798.0,8923.0,1729.0,1610.0,0.447,0.381,0.801,29.4,0.079,-0.9,4.7,2012,28.6,14.3,2.8,2.6,,2012
21,BOS,Jared Sullinger,Ohio State,5.0,269.0,6532.0,2893.0,2006.0,477.0,0.436,0.272,0.723,15.3,0.113,-0.4,2.7,2012,24.3,10.8,7.5,1.8,https://www.sports-reference.com/cbb/players/jared-sullinger-1.html,2012
22,BOS,Fab Melo,Syracuse,1.0,6.0,36.0,7.0,3.0,0.0,0.5,,0.25,0.0,0.021,-7.6,-0.1,2012,6.0,1.2,0.5,0.0,https://www.sports-reference.com/cbb/players/fab-melo-1.html,2012
23,ATL,John Jenkins,Vanderbilt,6.0,171.0,2183.0,855.0,250.0,138.0,0.441,0.367,0.847,3.0,0.065,-1.9,0.1,2012,12.8,5.0,1.5,0.8,https://www.sports-reference.com/cbb/players/john-jenkins-1.html,2012
24,CLE,Jared Cunningham,Oregon State,4.0,84.0,605.0,197.0,56.0,39.0,0.347,0.306,0.674,0.2,0.017,-5.7,-0.6,2012,7.2,2.3,0.7,0.5,https://www.sports-reference.com/cbb/players/jared-cunningham-1.html,2012
25,MEM,Tony Wroten,Washington,4.0,145.0,3076.0,1604.0,363.0,437.0,0.413,0.231,0.647,-1.3,-0.021,-3.4,-1.1,2012,21.2,11.1,2.5,3.0,https://www.sports-reference.com/cbb/players/tony-wroten-1.html,2012
26,IND,Miles Plumlee,Duke,7.0,346.0,5658.0,1697.0,1562.0,178.0,0.542,,0.543,10.6,0.09,-1.9,0.2,2012,16.4,4.9,4.5,0.5,https://www.sports-reference.com/cbb/players/miles-plumlee-1.html,2012
27,MIA,Arnett Moultrie,Mississippi State,2.0,59.0,729.0,210.0,180.0,12.0,0.547,,0.667,1.7,0.113,-2.8,-0.1,2012,12.4,3.6,3.1,0.2,https://www.sports-reference.com/cbb/players/arnett-moultrie-1.html,2012
28,OKC,Perry Jones,Baylor,3.0,143.0,1675.0,488.0,252.0,54.0,0.42,0.293,0.66,1.7,0.048,-3.5,-0.6,2012,11.7,3.4,1.8,0.4,https://www.sports-reference.com/cbb/players/perry-jones-1.html,2012
29,CHI,Marquis Teague,Kentucky,3.0,91.0,909.0,217.0,90.0,134.0,0.343,0.222,0.661,-0.9,-0.045,-6.5,-1.0,2012,10.0,2.4,1.0,1.5,https://www.sports-reference.com/cbb/players/marquis-teague-1.html,2012
30,GSW,Festus Ezeli,Vanderbilt,3.0,170.0,2394.0,712.0,725.0,63.0,0.513,,0.557,5.9,0.119,-2.0,0.0,2012,14.1,4.2,4.3,0.4,https://www.sports-reference.com/cbb/players/festus-ezeli-1.html,2012
31,CHA,Jeff Taylor,Vanderbilt,3.0,132.0,2566.0,807.0,263.0,107.0,0.409,0.319,0.665,1.3,0.024,-4.2,-1.5,2012,19.4,6.1,2.0,0.8,https://www.sports-reference.com/cbb/players/jeff-taylor-1.html,2012
32,WAS,Tomáš Satoranský,,6.0,365.0,8192.0,2566.0,1055.0,1478.0,0.467,0.356,0.819,16.8,0.098,-0.9,2.4,2012,22.4,7.0,2.9,4.0,,2012
33,CLE,Bernard James,Florida State,3.0,92.0,761.0,203.0,212.0,13.0,0.497,0.0,0.68,1.9,0.117,-1.8,0.0,2012,8.3,2.2,2.3,0.1,https://www.sports-reference.com/cbb/players/bernard-james-1.html,2012
34,CLE,Jae Crowder,Marquette,10.0,716.0,18030.0,6849.0,3042.0,1131.0,0.418,0.345,0.778,38.8,0.103,0.3,10.3,2012,25.2,9.6,4.2,1.6,https://www.sports-reference.com/cbb/players/jae-crowder-1.html,2012
35,GSW,Draymond Green,Michigan State,10.0,673.0,19201.0,5882.0,4672.0,3663.0,0.44,0.315,0.71,52.1,0.13,2.7,22.8,2012,28.5,8.7,6.9,5.4,https://www.sports-reference.com/cbb/players/draymond-green-1.html,2012
36,SAC,Orlando Johnson,UC Santa Barbara,3.0,103.0,1112.0,329.0,180.0,69.0,0.358,0.311,0.727,1.4,0.059,-2.4,-0.1,2012,10.8,3.2,1.7,0.7,https://www.sports-reference.com/cbb/players/orlando-johnson-1.html,2012
37,TOR,Quincy Acy,Baylor,7.0,337.0,5392.0,1642.0,1179.0,217.0,0.444,0.35,0.759,8.7,0.078,-2.0,-0.1,2012,16.0,4.9,3.5,0.6,https://www.sports-reference.com/cbb/players/quincy-acy-1.html,2012
38,DEN,Quincy Miller,Baylor,3.0,69.0,934.0,295.0,169.0,37.0,0.35,0.292,0.706,-0.1,-0.003,-3.9,-0.5,2012,13.5,4.3,2.4,0.5,https://www.sports-reference.com/cbb/players/quincy-miller-1.html,2012
39,DET,Khris Middleton,Texas A&M,10.0,633.0,20092.0,10743.0,3074.0,2356.0,0.459,0.391,0.88,49.1,0.117,0.7,13.6,2012,31.7,17.0,4.9,3.7,https://www.sports-reference.com/cbb/players/khris-middleton-1.html,2012
40,POR,Will Barton,Memphis,10.0,603.0,15495.0,6976.0,2568.0,1629.0,0.434,0.354,0.785,25.4,0.079,-0.2,7.2,2012,25.7,11.6,4.3,2.7,https://www.sports-reference.com/cbb/players/will-barton-1.html,2012
41,POR,Tyshawn Taylor,Kansas,2.0,61.0,491.0,174.0,33.0,57.0,0.354,0.36,0.684,-0.9,-0.088,-8.1,-0.8,2012,8.0,2.9,0.5,0.9,https://www.sports-reference.com/cbb/players/tyshawn-taylor-1.html,2012
42,MIL,Doron Lamb,Kentucky,2.0,100.0,1272.0,345.0,95.0,75.0,0.381,0.394,0.7,0.1,0.005,-5.8,-1.2,2012,12.7,3.5,1.0,0.8,https://www.sports-reference.com/cbb/players/doron-lamb-1.html,2012
43,ATL,Mike Scott,Virginia,9.0,555.0,9182.0,3736.0,1727.0,499.0,0.453,0.362,0.757,16.8,0.088,-1.7,0.6,2012,16.5,6.7,3.1,0.9,https://www.sports-reference.com/cbb/players/mike-scott-1.html,2012
44,DET,Kim English,Missouri,1.0,41.0,407.0,119.0,37.0,26.0,0.375,0.28,0.724,0.2,0.021,-4.2,-0.2,2012,9.9,2.9,0.9,0.6,https://www.sports-reference.com/cbb/players/kim-english-1.html,2012
45,PHI,Justin Hamilton,LSU,3.0,113.0,1961.0,687.0,403.0,91.0,0.464,0.309,0.798,3.7,0.091,-0.9,0.5,2012,17.4,6.1,3.6,0.8,https://www.sports-reference.com/cbb/players/justin-hamilton-1.html,2012
46,NOP,Darius Miller,Kentucky,6.0,271.0,5358.0,1597.0,447.0,367.0,0.419,0.383,0.84,6.5,0.059,-2.3,-0.4,2012,19.8,5.9,1.6,1.4,https://www.sports-reference.com/cbb/players/darius-miller-1.html,2012
47,UTA,Kevin Murphy,Tennessee Technological University,1.0,17.0,52.0,15.0,4.0,2.0,0.25,0.2,,-0.3,-0.272,-16.8,-0.2,2012,3.1,0.9,0.2,0.1,https://www.sports-reference.com/cbb/players/kevin-murphy-1.html,2012
48,NYK,Kostas Papanikolaou,,2.0,69.0,1089.0,249.0,158.0,101.0,0.354,0.297,0.688,0.3,0.015,-2.7,-0.2,2012,15.8,3.6,2.3,1.5,,2012
49,ORL,Kyle O'Quinn,Norfolk State,8.0,472.0,6714.0,2568.0,2166.0,643.0,0.517,0.218,0.74,17.8,0.128,0.9,5.0,2012,14.2,5.4,4.6,1.4,https://www.sports-reference.com/cbb/players/kyle-o'quinn-1.html,2012
50,DEN,İzzet Türkyılmaz,,,,,,,,,,,,,,,2012,,,,,,2012
51,BOS,Kris Joseph,Syracuse,1.0,10.0,54.0,9.0,7.0,1.0,0.143,0.0,0.625,-0.1,-0.127,-9.9,-0.1,2012,5.4,0.9,0.7,0.1,https://www.sports-reference.com/cbb/players/kris-joseph-1.html,2012
52,GSW,Ognjen Kuzmić,,2.0,37.0,164.0,35.0,38.0,8.0,0.52,,0.6,0.2,0.061,-5.6,-0.2,2012,4.4,0.9,1.0,0.2,,2012
53,LAC,Furkan Aldemir,,1.0,41.0,540.0,93.0,176.0,28.0,0.513,0.0,0.481,1.4,0.122,-3.6,-0.2,2012,13.2,2.3,4.3,0.7,,2012
54,PHI,Tornike Shengelia,,2.0,45.0,247.0,59.0,39.0,17.0,0.451,0.125,0.5,-0.2,-0.032,-7.0,-0.3,2012,5.5,1.3,0.9,0.4,,2012
55,DAL,Darius Johnson-Odom,Marquette,2.0,7.0,21.0,0.0,6.0,2.0,0.0,0.0,0.0,-0.3,-0.597,-25.5,-0.1,2012,3.0,0.0,0.9,0.3,https://www.sports-reference.com/cbb/players/darius-johnson-odom-1.html,2012
56,TOR,Tomislav Zubčić,,,,,,,,,,,,,,,2012,,,,,,2012
57,BRK,İlkan Karaman,,,,,,,,,,,,,,,2012,,,,,,2012
58,MIN,Robbie Hummel,Purdue,2.0,98.0,1397.0,379.0,266.0,50.0,0.418,0.343,0.867,1.9,0.066,-3.1,-0.4,2012,14.3,3.9,2.7,0.5,https://www.sports-reference.com/cbb/players/robbie-hummel-1.html,2012
59,SAS,Marcus Denmon,Missouri,,,,,,,,,,,,,,2012,,,,,https://www.sports-reference.com/cbb/players/marcus-denmon-1.html,2012
60,LAL,Robert Sacre,Gonzaga,4.0,189.0,2745.0,787.0,593.0,126.0,0.436,0.0,0.671,2.4,0.042,-4.0,-1.4,2012,14.5,4.2,3.1,0.7,https://www.sports-reference.com/cbb/players/robert-sacre-1.html,2012
1,CLE,Anthony Bennett,UNLV,4.0,151.0,1905.0,658.0,472.0,77.0,0.392,0.261,0.67,0.5,0.013,-4.8,-1.3,2013,12.6,4.4,3.1,0.5,https://www.sports-reference.com/cbb/players/anthony-bennett-1.html,2013
2,ORL,Victor Oladipo,Indiana,8.0,454.0,14968.0,7955.0,2094.0,1796.0,0.438,0.347,0.791,24.6,0.079,0.9,10.8,2013,33.0,17.5,4.6,4.0,https://www.sports-reference.com/cbb/players/victor-oladipo-1.html,2013
3,WAS,Otto Porter Jr.,Georgetown,9.0,489.0,12718.0,5223.0,2440.0,746.0,0.478,0.401,0.791,35.1,0.133,1.8,12.2,2013,26.0,10.7,5.0,1.5,https://www.sports-reference.com/cbb/players/otto-porter-jr.-1.html,2013
4,CHA,Cody Zeller,Indiana,9.0,494.0,10973.0,4202.0,2949.0,691.0,0.52,0.221,0.731,32.2,0.141,-0.5,4.1,2013,22.2,8.5,6.0,1.4,https://www.sports-reference.com/cbb/players/cody-zeller-1.html,2013
5,PHO,Alex Len,Maryland,9.0,564.0,10706.0,4342.0,3333.0,485.0,0.507,0.331,0.683,21.5,0.097,-1.9,0.3,2013,19.0,7.7,5.9,0.9,https://www.sports-reference.com/cbb/players/alex-len-1.html,2013
6,NOP,Nerlens Noel,Kentucky,8.0,450.0,10086.0,3303.0,2789.0,491.0,0.549,0.154,0.655,28.2,0.134,0.9,7.5,2013,22.4,7.3,6.2,1.1,https://www.sports-reference.com/cbb/players/nerlens-noel-1.html,2013
7,SAC,Ben McLemore,Kansas,9.0,534.0,12037.0,4743.0,1232.0,540.0,0.414,0.364,0.776,9.0,0.036,-3.0,-3.1,2013,22.5,8.9,2.3,1.0,https://www.sports-reference.com/cbb/players/ben-mclemore-1.html,2013
8,DET,Kentavious Caldwell-Pope,Georgia,9.0,661.0,19263.0,7530.0,2076.0,1098.0,0.418,0.358,0.809,33.3,0.083,-0.8,5.8,2013,29.1,11.4,3.1,1.7,https://www.sports-reference.com/cbb/players/kentavious-caldwell-pope-1.html,2013
9,MIN,Trey Burke,Michigan,9.0,488.0,10306.0,4759.0,873.0,1511.0,0.412,0.345,0.812,13.2,0.062,-1.2,1.9,2013,21.1,9.8,1.8,3.1,https://www.sports-reference.com/cbb/players/trey-burke-1.html,2013
10,POR,CJ McCollum,Lehigh,9.0,569.0,17929.0,10852.0,1955.0,1919.0,0.454,0.397,0.819,38.9,0.104,1.2,14.7,2013,31.5,19.1,3.4,3.4,https://www.sports-reference.com/cbb/players/cj-mccollum-1.html,2013
11,PHI,Michael Carter-Williams,Syracuse,8.0,391.0,9898.0,4023.0,1713.0,1701.0,0.402,0.255,0.706,6.6,0.032,-1.2,1.9,2013,25.3,10.3,4.4,4.4,https://www.sports-reference.com/cbb/players/michael-carter-williams-1.html,2013
12,OKC,Steven Adams,Pitt,9.0,644.0,17276.0,6022.0,5080.0,906.0,0.588,0.077,0.549,53.9,0.15,0.4,10.6,2013,26.8,9.4,7.9,1.4,https://www.sports-reference.com/cbb/players/steven-adams-1.html,2013
13,DAL,Kelly Olynyk,Gonzaga,9.0,591.0,13063.0,5984.0,3012.0,1195.0,0.475,0.364,0.779,34.0,0.125,0.8,9.3,2013,22.1,10.1,5.1,2.0,https://www.sports-reference.com/cbb/players/kelly-olynyk-1.html,2013
14,UTA,Shabazz Muhammad,UCLA,5.0,278.0,4772.0,2504.0,770.0,151.0,0.473,0.319,0.751,8.5,0.085,-2.0,0.0,2013,17.2,9.0,2.8,0.5,https://www.sports-reference.com/cbb/players/shabazz-muhammad-1.html,2013
15,MIL,Giannis Antetokounmpo,,9.0,638.0,20754.0,13762.0,5922.0,2928.0,0.533,0.29,0.718,84.4,0.195,5.9,41.3,2013,32.5,21.6,9.3,4.6,,2013
16,BOS,Lucas Nogueira,,4.0,141.0,1754.0,446.0,388.0,72.0,0.632,0.265,0.64,6.0,0.165,2.3,1.9,2013,12.4,3.2,2.8,0.5,,2013
17,ATL,Dennis Schröder,,9.0,609.0,16130.0,8679.0,1791.0,2842.0,0.436,0.337,0.832,23.4,0.07,-1.1,3.5,2013,26.5,14.3,2.9,4.7,,2013
18,ATL,Shane Larkin,Miami (FL),4.0,256.0,4880.0,1399.0,490.0,737.0,0.422,0.336,0.777,4.4,0.044,-2.4,-0.6,2013,19.1,5.5,1.9,2.9,https://www.sports-reference.com/cbb/players/shane-larkin-1.html,2013
19,CLE,Sergey Karasev,,3.0,95.0,1110.0,287.0,140.0,87.0,0.395,0.282,0.842,0.8,0.036,-3.4,-0.4,2013,11.7,3.0,1.5,0.9,,2013
20,CHI,Tony Snell,New Mexico,9.0,589.0,12870.0,3608.0,1346.0,663.0,0.431,0.394,0.845,18.4,0.069,-2.0,0.0,2013,21.9,6.1,2.3,1.1,https://www.sports-reference.com/cbb/players/tony-snell-1.html,2013
21,UTA,Gorgui Dieng,Louisville,9.0,590.0,12228.0,4448.0,3418.0,779.0,0.5,0.365,0.791,30.5,0.12,0.4,7.2,2013,20.7,7.5,5.8,1.3,https://www.sports-reference.com/cbb/players/gorgui-dieng-1.html,2013
22,BRK,Mason Plumlee,Duke,9.0,639.0,14274.0,5349.0,4222.0,1542.0,0.582,0.049,0.561,42.8,0.144,1.3,11.9,2013,22.3,8.4,6.6,2.4,https://www.sports-reference.com/cbb/players/mason-plumlee-1.html,2013
23,IND,Solomon Hill,Arizona,9.0,448.0,9652.0,2453.0,1399.0,662.0,0.388,0.331,0.797,11.9,0.059,-2.1,-0.3,2013,21.5,5.5,3.1,1.5,https://www.sports-reference.com/cbb/players/solomon-hill-1.html,2013
24,NYK,Tim Hardaway Jr.,Michigan,9.0,586.0,15837.0,8149.0,1650.0,1095.0,0.422,0.358,0.812,26.0,0.079,-0.8,4.9,2013,27.0,13.9,2.8,1.9,https://www.sports-reference.com/cbb/players/tim-hardaway-jr.-1.html,2013
25,LAC,Reggie Bullock,UNC,9.0,415.0,9115.0,3200.0,1021.0,492.0,0.431,0.388,0.846,17.3,0.091,-0.7,3.0,2013,22.0,7.7,2.5,1.2,https://www.sports-reference.com/cbb/players/reggie-bullock-1.html,2013
26,MIN,Andre Roberson,Colorado,7.0,307.0,6801.0,1382.0,1230.0,265.0,0.473,0.253,0.468,12.6,0.089,-0.6,2.3,2013,22.2,4.5,4.0,0.9,https://www.sports-reference.com/cbb/players/andre-roberson-1.html,2013
27,DEN,Rudy Gobert,,9.0,589.0,17595.0,7254.0,6802.0,786.0,0.651,0.0,0.635,82.9,0.226,4.0,26.8,2013,29.9,12.3,11.5,1.3,,2013
28,SAS,Livio Jean-Charles,,,,,,,,,,,,,,,2013,,,,,,2013
29,OKC,Archie Goodwin,Kentucky,4.0,165.0,2396.0,1040.0,331.0,206.0,0.429,0.236,0.7,1.1,0.022,-3.0,-0.6,2013,14.5,6.3,2.0,1.2,https://www.sports-reference.com/cbb/players/archie-goodwin-1.html,2013
30,PHO,Nemanja Nedović,,1.0,24.0,142.0,26.0,15.0,13.0,0.205,0.167,0.875,-0.4,-0.132,-10.0,-0.3,2013,5.9,1.1,0.6,0.5,,2013
31,CLE,Allen Crabbe,California,7.0,381.0,9125.0,3453.0,1073.0,434.0,0.425,0.387,0.831,13.7,0.072,-1.6,0.9,2013,24.0,9.1,2.8,1.1,https://www.sports-reference.com/cbb/players/allen-crabbe-1.html,2013
32,OKC,Álex Abrines,,3.0,174.0,2777.0,924.0,248.0,88.0,0.387,0.368,0.88,5.0,0.086,-1.9,0.1,2013,16.0,5.3,1.4,0.5,,2013
33,CLE,Carrick Felix,Arizona State,1.0,7.0,38.0,19.0,6.0,4.0,0.5,0.4,0.75,0.0,0.057,-3.4,0.0,2013,5.4,2.7,0.9,0.6,https://www.sports-reference.com/cbb/players/carrick-felix-1.html,2013
34,HOU,Isaiah Canaan,Murray State,6.0,235.0,4799.0,1913.0,438.0,454.0,0.371,0.351,0.836,4.3,0.043,-2.4,-0.5,2013,20.4,8.1,1.9,1.9,https://www.sports-reference.com/cbb/players/isaiah-canaan-1.html,2013
35,PHI,Glen Rice Jr.,Georgia Tech,2.0,16.0,152.0,43.0,24.0,9.0,0.269,0.25,0.692,-0.2,-0.065,-6.6,-0.2,2013,9.5,2.7,1.5,0.6,https://www.sports-reference.com/cbb/players/glen-rice-jr.-1.html,2013
36,SAC,Ray McCallum,Detroit Mercy,3.0,154.0,2808.0,920.0,306.0,368.0,0.408,0.335,0.711,2.1,0.035,-2.6,-0.4,2013,18.2,6.0,2.0,2.4,https://www.sports-reference.com/cbb/players/ray-mccallum-1.html,2013
37,DET,Tony Mitchell,University of North Texas,1.0,21.0,79.0,22.0,26.0,2.0,0.417,1.0,0.579,0.2,0.151,0.4,0.0,2013,3.8,1.0,1.2,0.1,https://www.sports-reference.com/cbb/players/tony-mitchell-1.html,2013
38,WAS,Nate Wolters,South Dakota State,3.0,84.0,1575.0,461.0,185.0,209.0,0.423,0.261,0.635,0.9,0.028,-2.6,-0.2,2013,18.8,5.5,2.2,2.5,https://www.sports-reference.com/cbb/players/nate-wolters-1.html,2013
39,POR,Jeff Withey,Kansas,5.0,206.0,2072.0,666.0,518.0,64.0,0.525,0.143,0.716,6.8,0.157,0.5,1.3,2013,10.1,3.2,2.5,0.3,https://www.sports-reference.com/cbb/players/jeff-withey-1.html,2013
40,POR,Grant Jerrett,Arizona,1.0,8.0,51.0,16.0,9.0,3.0,0.269,0.067,1.0,-0.1,-0.128,-10.8,-0.1,2013,6.4,2.0,1.1,0.4,https://www.sports-reference.com/cbb/players/grant-jerrett-1.html,2013
41,MEM,Jamaal Franklin,San Diego State,2.0,24.0,174.0,42.0,25.0,9.0,0.415,0.462,1.0,0.0,-0.006,-5.9,-0.2,2013,7.3,1.8,1.0,0.4,https://www.sports-reference.com/cbb/players/jamaal-franklin-1.html,2013
42,PHI,Pierre Jackson,Baylor,1.0,8.0,84.0,35.0,9.0,19.0,0.333,0.273,0.857,0.0,0.021,-4.4,-0.1,2013,10.5,4.4,1.1,2.4,https://www.sports-reference.com/cbb/players/pierre-jackson-1.html,2013
43,MIL,Ricky Ledo,Providence,2.0,28.0,277.0,109.0,38.0,21.0,0.336,0.371,0.769,-0.6,-0.096,-7.6,-0.4,2013,9.9,3.9,1.4,0.8,https://www.sports-reference.com/cbb/players/ricky-ledo-1.html,2013
44,DAL,Mike Muscala,Bucknell,9.0,432.0,6694.0,2666.0,1371.0,378.0,0.458,0.377,0.847,16.8,0.121,0.2,3.8,2013,15.5,6.2,3.2,0.9,https://www.sports-reference.com/cbb/players/mike-muscala-1.html,2013
45,POR,Marko Todorović,,,,,,,,,,,,,,,2013,,,,,,2013
46,UTA,Erick Green,Virginia Tech,2.0,52.0,452.0,159.0,37.0,42.0,0.377,0.288,0.857,0.1,0.011,-4.0,-0.2,2013,8.7,3.1,0.7,0.8,https://www.sports-reference.com/cbb/players/erick-green-1.html,2013
47,ATL,Raul Neto,,7.0,366.0,5884.0,2167.0,574.0,753.0,0.453,0.363,0.801,9.4,0.076,-1.6,0.5,2013,16.1,5.9,1.6,2.1,,2013
48,LAL,Ryan Kelly,Duke,4.0,163.0,3125.0,981.0,504.0,215.0,0.378,0.316,0.797,3.0,0.046,-2.6,-0.5,2013,19.2,6.0,3.1,1.3,https://www.sports-reference.com/cbb/players/ryan-kelly-1.html,2013
49,CHI,Erik Murphy,Florida,1.0,24.0,62.0,6.0,8.0,2.0,0.231,0.0,,-0.1,-0.055,-8.6,-0.1,2013,2.6,0.3,0.3,0.1,https://www.sports-reference.com/cbb/players/erik-murphy-1.html,2013
50,ATL,James Ennis III,Cal State Long Beach,8.0,395.0,8022.0,2629.0,1306.0,373.0,0.457,0.36,0.797,16.2,0.097,-1.5,0.9,2013,20.3,6.7,3.3,0.9,https://www.sports-reference.com/cbb/players/james-ennis-iii-1.html,2013
51,ORL,Romero Osby,Oklahoma,,,,,,,,,,,,,,2013,,,,,https://www.sports-reference.com/cbb/players/romero-osby-1.html,2013
52,MIN,Lorenzo Brown,NC State,5.0,103.0,1185.0,293.0,151.0,183.0,0.364,0.17,0.707,-0.2,-0.007,-3.5,-0.5,2013,11.5,2.8,1.5,1.8,https://www.sports-reference.com/cbb/players/lorenzo-brown-1.html,2013
53,IND,Colton Iverson,Colorado State,,,,,,,,,,,,,,2013,,,,,https://www.sports-reference.com/cbb/players/colton-iverson-1.html,2013
54,WAS,Arsalan Kazemi,Oregon,,,,,,,,,,,,,,2013,,,,,https://www.sports-reference.com/cbb/players/arsalan-kazemi-1.html,2013
55,MEM,Joffrey Lauvergne,,4.0,208.0,2823.0,1159.0,789.0,180.0,0.479,0.285,0.719,5.2,0.089,-2.1,-0.1,2013,13.6,5.6,3.8,0.9,,2013
56,DET,Peyton Siva,Louisville,1.0,24.0,224.0,54.0,14.0,34.0,0.316,0.28,0.733,-0.2,-0.032,-6.4,-0.2,2013,9.3,2.3,0.6,1.4,https://www.sports-reference.com/cbb/players/peyton-siva-1.html,2013
57,PHO,Alex Oriakhi,Missouri,,,,,,,,,,,,,,2013,,,,,https://www.sports-reference.com/cbb/players/alex-oriakhi-1.html,2013
58,SAS,Deshaun Thomas,Ohio State,,,,,,,,,,,,,,2013,,,,,https://www.sports-reference.com/cbb/players/deshaun-thomas-1.html,2013
59,MIN,Bojan Dubljević,,,,,,,,,,,,,,,2013,,,,,,2013
60,MEM,Jānis Timma,,,,,,,,,,,,,,,2013,,,,,,2013
1,CLE,Andrew Wiggins,Kansas,8.0,579.0,20319.0,11220.0,2553.0,1348.0,0.449,0.351,0.727,23.5,0.056,-1.5,2.6,2014,35.1,19.4,4.4,2.3,https://www.sports-reference.com/cbb/players/andrew-wiggins-1.html,2014
2,MIL,Jabari Parker,Duke,8.0,310.0,8535.0,4380.0,1703.0,610.0,0.494,0.326,0.743,13.9,0.078,-0.8,2.5,2014,27.5,14.1,5.5,2.0,https://www.sports-reference.com/cbb/players/jabari-parker-1.html,2014
3,PHI,Joel Embiid,Kansas,6.0,306.0,9458.0,7817.0,3450.0,1003.0,0.488,0.335,0.809,39.9,0.202,5.8,18.5,2014,30.9,25.5,11.3,3.3,https://www.sports-reference.com/cbb/players/joel-embiid-1.html,2014
4,ORL,Aaron Gordon,Arizona,8.0,506.0,14584.0,6530.0,3178.0,1264.0,0.457,0.322,0.699,27.5,0.09,0.0,7.2,2014,28.8,12.9,6.3,2.5,https://www.sports-reference.com/cbb/players/aaron-gordon-1.html,2014
5,UTA,Dante Exum,,6.0,245.0,4545.0,1389.0,441.0,515.0,0.407,0.305,0.764,3.1,0.032,-3.3,-1.5,2014,18.6,5.7,1.8,2.1,,2014
6,BOS,Marcus Smart,Oklahoma State,8.0,499.0,14825.0,5161.0,1794.0,2168.0,0.38,0.319,0.778,28.0,0.091,-0.2,6.6,2014,29.7,10.3,3.6,4.3,https://www.sports-reference.com/cbb/players/marcus-smart-1.html,2014
7,LAL,Julius Randle,Kentucky,8.0,503.0,15635.0,8874.0,4680.0,1769.0,0.476,0.333,0.743,31.1,0.095,0.4,9.4,2014,31.1,17.6,9.3,3.5,https://www.sports-reference.com/cbb/players/julius-randle-1.html,2014
8,SAC,Nik Stauskas,Michigan,6.0,337.0,6686.0,2283.0,691.0,514.0,0.389,0.354,0.814,3.9,0.028,-3.0,-1.7,2014,19.8,6.8,2.1,1.5,https://www.sports-reference.com/cbb/players/nik-stauskas-1.html,2014
9,CHA,Noah Vonleh,Indiana,7.0,339.0,5683.0,1660.0,1742.0,257.0,0.459,0.308,0.691,9.2,0.078,-2.4,-0.6,2014,16.8,4.9,5.1,0.8,https://www.sports-reference.com/cbb/players/noah-vonleh-1.html,2014
10,PHI,Elfrid Payton,Louisiana,8.0,488.0,13278.0,5013.0,1995.0,2851.0,0.448,0.289,0.624,16.0,0.058,-0.9,3.8,2014,27.2,10.3,4.1,5.8,https://www.sports-reference.com/cbb/players/elfrid-payton-1.html,2014
11,DEN,Doug McDermott,Creighton,8.0,519.0,10842.0,4781.0,1229.0,482.0,0.477,0.412,0.819,19.3,0.085,-1.8,0.5,2014,20.9,9.2,2.4,0.9,https://www.sports-reference.com/cbb/players/doug-mcdermott-1.html,2014
12,ORL,Dario Šarić,,5.0,356.0,8965.0,4180.0,2086.0,699.0,0.441,0.357,0.838,16.4,0.088,-0.8,2.6,2014,25.2,11.7,5.9,2.0,,2014
13,MIN,Zach LaVine,UCLA,8.0,458.0,14515.0,8987.0,1796.0,1767.0,0.461,0.387,0.83,22.1,0.073,0.4,8.7,2014,31.7,19.6,3.9,3.9,https://www.sports-reference.com/cbb/players/zach-lavine-1.html,2014
14,PHO,T.J. Warren,NC State,7.0,332.0,9553.0,5142.0,1372.0,397.0,0.507,0.357,0.78,19.6,0.099,-0.2,4.2,2014,28.8,15.5,4.1,1.2,https://www.sports-reference.com/cbb/players/t.j.-warren-1.html,2014
15,ATL,Adreian Payne,Michigan State,4.0,107.0,1403.0,429.0,315.0,66.0,0.406,0.254,0.68,-0.6,-0.019,-5.9,-1.4,2014,13.1,4.0,2.9,0.6,https://www.sports-reference.com/cbb/players/adreian-payne-1.html,2014
16,CHI,Jusuf Nurkić,,8.0,411.0,9815.0,5015.0,3513.0,903.0,0.5,0.232,0.672,24.0,0.118,0.5,6.2,2014,23.9,12.2,8.5,2.2,,2014
17,BOS,James Young,Kentucky,4.0,95.0,812.0,219.0,96.0,28.0,0.367,0.277,0.563,0.8,0.046,-3.4,-0.3,2014,8.5,2.3,1.0,0.3,https://www.sports-reference.com/cbb/players/james-young-1.html,2014
18,PHO,Tyler Ennis,Syracuse,4.0,186.0,2336.0,779.0,250.0,359.0,0.419,0.317,0.768,1.3,0.026,-3.4,-0.8,2014,12.6,4.2,1.3,1.9,https://www.sports-reference.com/cbb/players/tyler-ennis-1.html,2014
19,CHI,Gary Harris,Michigan State,8.0,459.0,13270.0,5442.0,1151.0,957.0,0.449,0.362,0.809,20.3,0.073,-1.4,2.0,2014,28.9,11.9,2.5,2.1,https://www.sports-reference.com/cbb/players/gary-harris-1.html,2014
20,TOR,Bruno Caboclo,,7.0,105.0,1293.0,442.0,268.0,72.0,0.403,0.308,0.836,1.5,0.054,-2.7,-0.2,2014,12.3,4.2,2.6,0.7,,2014
21,OKC,Mitch McGary,Michigan,2.0,52.0,557.0,227.0,183.0,17.0,0.527,0.0,0.58,1.3,0.108,-2.6,-0.1,2014,10.7,4.4,3.5,0.3,https://www.sports-reference.com/cbb/players/mitch-mcgary-1.html,2014
22,MEM,Jordan Adams,UCLA,2.0,32.0,263.0,101.0,30.0,19.0,0.402,0.385,0.607,0.4,0.07,1.7,0.2,2014,8.2,3.2,0.9,0.6,https://www.sports-reference.com/cbb/players/jordan-adams-1.html,2014
23,UTA,Rodney Hood,Duke,8.0,437.0,10863.0,4622.0,1151.0,729.0,0.419,0.364,0.841,17.2,0.076,-1.2,2.1,2014,24.9,10.6,2.6,1.7,https://www.sports-reference.com/cbb/players/rodney-hood-1.html,2014
24,CHA,Shabazz Napier,UConn,6.0,345.0,5986.0,2433.0,657.0,849.0,0.397,0.345,0.815,8.1,0.065,-0.7,2.0,2014,17.4,7.1,1.9,2.5,https://www.sports-reference.com/cbb/players/shabazz-napier-1.html,2014
25,HOU,Clint Capela,,8.0,447.0,11974.0,5566.0,4749.0,443.0,0.622,0.0,0.528,49.8,0.2,2.0,12.1,2014,26.8,12.5,10.6,1.0,,2014
26,MIA,P.J. Hairston,UNC,2.0,111.0,2000.0,664.0,266.0,59.0,0.343,0.295,0.81,0.9,0.021,-3.9,-1.0,2014,18.0,6.0,2.4,0.5,https://www.sports-reference.com/cbb/players/p.j.-hairston-1.html,2014
27,PHO,Bogdan Bogdanović,,5.0,293.0,8342.0,4082.0,987.0,999.0,0.44,0.386,0.816,14.5,0.084,0.3,4.8,2014,28.5,13.9,3.4,3.4,,2014
28,LAC,C.J. Wilcox,Washington,3.0,66.0,376.0,132.0,31.0,30.0,0.37,0.333,0.813,0.1,0.007,-4.3,-0.2,2014,5.7,2.0,0.5,0.5,https://www.sports-reference.com/cbb/players/c.j.-wilcox-1.html,2014
29,OKC,Josh Huestis,Stanford,3.0,76.0,1068.0,187.0,180.0,23.0,0.346,0.312,0.24,0.7,0.03,-3.5,-0.4,2014,14.1,2.5,2.4,0.3,https://www.sports-reference.com/cbb/players/josh-huestis-1.html,2014
30,SAS,Kyle Anderson,UCLA,8.0,483.0,10121.0,3202.0,2098.0,1109.0,0.476,0.335,0.714,25.7,0.122,1.7,9.5,2014,21.0,6.6,4.3,2.3,https://www.sports-reference.com/cbb/players/kyle-anderson-1.html,2014
31,MIL,Damien Inglis,,1.0,20.0,156.0,36.0,31.0,10.0,0.351,0.231,0.875,-0.1,-0.024,-5.6,-0.1,2014,7.8,1.8,1.6,0.5,,2014
32,PHI,K.J. McDaniels,Clemson,3.0,148.0,2092.0,782.0,324.0,95.0,0.412,0.29,0.776,1.3,0.03,-2.8,-0.4,2014,14.1,5.3,2.2,0.6,https://www.sports-reference.com/cbb/players/k.j.-mcdaniels-1.html,2014
33,CLE,Joe Harris,Virginia,8.0,414.0,10601.0,4584.0,1344.0,679.0,0.483,0.439,0.78,20.5,0.093,-0.6,3.9,2014,25.6,11.1,3.2,1.6,https://www.sports-reference.com/cbb/players/joe-harris-1.html,2014
34,NYK,Cleanthony Early,Wichita State,2.0,56.0,801.0,241.0,123.0,42.0,0.346,0.263,0.75,-0.6,-0.039,-5.9,-0.8,2014,14.3,4.3,2.2,0.8,https://www.sports-reference.com/cbb/players/cleanthony-early-1.html,2014
35,UTA,Jarnell Stokes,Tennessee,3.0,28.0,151.0,67.0,40.0,7.0,0.581,,0.531,0.6,0.202,0.1,0.1,2014,5.4,2.4,1.4,0.3,https://www.sports-reference.com/cbb/players/jarnell-stokes-1.html,2014
36,MIL,Johnny O'Bryant,LSU,4.0,147.0,1684.0,509.0,352.0,69.0,0.402,0.36,0.663,0.2,0.006,-6.2,-1.8,2014,11.5,3.5,2.4,0.5,https://www.sports-reference.com/cbb/players/johnny-o'bryant-1.html,2014
37,TOR,DeAndre Daniels,UConn,,,,,,,,,,,,,,2014,,,,,https://www.sports-reference.com/cbb/players/deandre-daniels-1.html,2014
38,DET,Spencer Dinwiddie,Colorado,8.0,366.0,9610.0,4691.0,1101.0,1849.0,0.406,0.317,0.793,20.4,0.102,0.1,5.2,2014,26.3,12.8,3.0,5.1,https://www.sports-reference.com/cbb/players/spencer-dinwiddie-1.html,2014
39,PHI,Jerami Grant,Syracuse,8.0,541.0,14016.0,6052.0,2139.0,719.0,0.452,0.346,0.719,27.1,0.093,-0.5,5.2,2014,25.9,11.2,4.0,1.3,https://www.sports-reference.com/cbb/players/jerami-grant-1.html,2014
40,MIN,Glenn Robinson III,Michigan,7.0,304.0,5299.0,1804.0,776.0,238.0,0.457,0.373,0.779,7.9,0.071,-1.7,0.4,2014,17.4,5.9,2.6,0.8,https://www.sports-reference.com/cbb/players/glenn-robinson-iii-1.html,2014
41,DEN,Nikola Jokić,,7.0,505.0,15260.0,9712.0,5155.0,3107.0,0.538,0.351,0.831,75.0,0.236,8.7,41.2,2014,30.2,19.2,10.2,6.2,,2014
42,HOU,Nick Johnson,Arizona,1.0,28.0,262.0,74.0,39.0,11.0,0.347,0.238,0.68,-0.1,-0.02,-6.5,-0.3,2014,9.4,2.6,1.4,0.4,https://www.sports-reference.com/cbb/players/nick-johnson-1.html,2014
43,ATL,Edy Tavares,,2.0,13.0,101.0,33.0,32.0,4.0,0.625,,0.273,0.2,0.118,-0.4,0.0,2014,7.8,2.5,2.5,0.3,,2014
44,MIN,Markel Brown,Oklahoma State,3.0,113.0,1794.0,584.0,234.0,132.0,0.38,0.295,0.781,1.1,0.029,-2.9,-0.4,2014,15.9,5.2,2.1,1.2,https://www.sports-reference.com/cbb/players/markel-brown-1.html,2014
45,CHA,Dwight Powell,Stanford,8.0,488.0,9136.0,3643.0,2205.0,493.0,0.577,0.298,0.744,34.9,0.183,1.2,7.5,2014,18.7,7.5,4.5,1.0,https://www.sports-reference.com/cbb/players/dwight-powell-1.html,2014
46,WAS,Jordan Clarkson,Missouri,8.0,576.0,15502.0,8801.0,1882.0,1463.0,0.439,0.34,0.828,20.3,0.063,-0.5,5.9,2014,26.9,15.3,3.3,2.5,https://www.sports-reference.com/cbb/players/jordan-clarkson-1.html,2014
47,PHI,Russ Smith,Louisville,2.0,27.0,131.0,53.0,15.0,19.0,0.319,0.188,0.769,-0.2,-0.068,-5.1,-0.1,2014,4.9,2.0,0.6,0.7,https://www.sports-reference.com/cbb/players/russ-smith-1.html,2014
48,MIL,Lamar Patterson,Pitt,2.0,40.0,435.0,93.0,57.0,45.0,0.326,0.236,0.72,0.1,0.006,-5.7,-0.4,2014,10.9,2.3,1.4,1.1,https://www.sports-reference.com/cbb/players/lamar-patterson-1.html,2014
49,CHI,Cameron Bairstow,New Mexico,2.0,36.0,167.0,44.0,36.0,7.0,0.296,0.2,0.846,-0.1,-0.021,-8.1,-0.3,2014,4.6,1.2,1.0,0.2,https://www.sports-reference.com/cbb/players/cameron-bairstow-1.html,2014
50,PHO,Alec Brown,Green Bay,,,,,,,,,,,,,,2014,,,,,https://www.sports-reference.com/cbb/players/alec-brown-1.html,2014
51,NYK,Thanasis Antetokounmpo,,4.0,116.0,1044.0,325.0,227.0,80.0,0.491,0.157,0.522,1.3,0.062,-3.7,-0.5,2014,9.0,2.8,2.0,0.7,,2014
52,PHI,Vasilije Micić,,,,,,,,,,,,,,,2014,,,,,,2014
53,MIN,Alessandro Gentile,,,,,,,,,,,,,,,2014,,,,,,2014
54,PHI,Nemanja Dangubić,,,,,,,,,,,,,,,2014,,,,,,2014
55,MIA,Semaj Christon,Xavier,1.0,64.0,973.0,183.0,87.0,130.0,0.345,0.19,0.548,0.1,0.006,-5.1,-0.8,2014,15.2,2.9,1.4,2.0,https://www.sports-reference.com/cbb/players/semaj-christon-1.html,2014
56,DEN,Devyn Marble,Iowa,2.0,44.0,457.0,97.0,69.0,29.0,0.304,0.222,0.375,-0.3,-0.028,-5.5,-0.4,2014,10.4,2.2,1.6,0.7,https://www.sports-reference.com/cbb/players/devyn-marble-1.html,2014
57,IND,Louis Labeyrie,,,,,,,,,,,,,,,2014,,,,,,2014
58,SAS,Jordan McRae,Tennessee,4.0,123.0,1696.0,846.0,225.0,167.0,0.417,0.355,0.772,1.7,0.048,-2.1,0.0,2014,13.8,6.9,1.8,1.4,https://www.sports-reference.com/cbb/players/jordan-mcrae-1.html,2014
59,TOR,Xavier Thames,San Diego State,,,,,,,,,,,,,,2014,,,,,https://www.sports-reference.com/cbb/players/xavier-thames-1.html,2014
60,SAS,Cory Jefferson,Baylor,2.0,58.0,581.0,205.0,161.0,16.0,0.444,0.125,0.583,0.9,0.071,-3.3,-0.2,2014,10.0,3.5,2.8,0.3,https://www.sports-reference.com/cbb/players/cory-jefferson-1.html,2014
1,MIN,Karl-Anthony Towns,Kentucky,7.0,460.0,15779.0,10621.0,5243.0,1424.0,0.527,0.396,0.833,63.0,0.192,4.8,27.2,2015,34.3,23.1,11.4,3.1,https://www.sports-reference.com/cbb/players/karl-anthony-towns-1.html,2015
2,LAL,D'Angelo Russell,Ohio State,7.0,404.0,11849.0,7175.0,1444.0,2225.0,0.42,0.359,0.775,13.2,0.053,0.6,7.8,2015,29.3,17.8,3.6,5.5,https://www.sports-reference.com/cbb/players/d'angelo-russell-1.html,2015
3,PHI,Jahlil Okafor,Duke,6.0,247.0,4827.0,2566.0,1169.0,225.0,0.542,0.222,0.676,7.2,0.071,-2.0,0.0,2015,19.5,10.4,4.7,0.9,https://www.sports-reference.com/cbb/players/jahlil-okafor-1.html,2015
4,NYK,Kristaps Porziņģis,,6.0,320.0,9907.0,5995.0,2499.0,487.0,0.442,0.353,0.816,25.1,0.122,1.5,8.8,2015,31.0,18.7,7.8,1.5,,2015
5,ORL,Mario Hezonja,,5.0,330.0,6107.0,2284.0,1026.0,415.0,0.417,0.319,0.812,3.2,0.025,-2.8,-1.2,2015,18.5,6.9,3.1,1.3,,2015
6,SAC,Willie Cauley-Stein,Kentucky,7.0,420.0,9270.0,3675.0,2468.0,597.0,0.544,0.188,0.612,23.3,0.121,-0.1,4.4,2015,22.1,8.8,5.9,1.4,https://www.sports-reference.com/cbb/players/willie-cauley-stein-1.html,2015
7,DEN,Emmanuel Mudiay,,6.0,302.0,7187.0,3299.0,884.0,1143.0,0.401,0.323,0.744,-0.2,-0.001,-3.2,-2.2,2015,23.8,10.9,2.9,3.8,,2015
8,DET,Stanley Johnson,Arizona,7.0,395.0,7844.0,2467.0,1230.0,565.0,0.38,0.299,0.755,5.4,0.033,-2.8,-1.7,2015,19.9,6.2,3.1,1.4,https://www.sports-reference.com/cbb/players/stanley-johnson-1.html,2015
9,CHA,Frank Kaminsky,Wisconsin,7.0,377.0,7925.0,3541.0,1527.0,619.0,0.429,0.348,0.743,15.3,0.093,-0.3,3.4,2015,21.0,9.4,4.1,1.6,https://www.sports-reference.com/cbb/players/frank-kaminsky-1.html,2015
10,MIA,Justise Winslow,Duke,7.0,310.0,8022.0,2587.0,1590.0,779.0,0.414,0.316,0.638,8.0,0.048,-2.0,0.0,2015,25.9,8.3,5.1,2.5,https://www.sports-reference.com/cbb/players/justise-winslow-1.html,2015
11,IND,Myles Turner,Texas,7.0,431.0,12379.0,5485.0,2879.0,513.0,0.489,0.349,0.768,33.1,0.128,0.7,8.3,2015,28.7,12.7,6.7,1.2,https://www.sports-reference.com/cbb/players/myles-turner-1.html,2015
12,UTA,Trey Lyles,Kentucky,7.0,427.0,7678.0,3253.0,1821.0,447.0,0.438,0.336,0.726,13.1,0.082,-1.1,1.8,2015,18.0,7.6,4.3,1.0,https://www.sports-reference.com/cbb/players/trey-lyles-1.html,2015
13,PHO,Devin Booker,Kentucky,7.0,460.0,15468.0,10695.0,1788.0,2126.0,0.454,0.354,0.869,27.2,0.085,0.2,8.7,2015,33.6,23.3,3.9,4.6,https://www.sports-reference.com/cbb/players/devin-booker-1.html,2015
14,OKC,Cameron Payne,Murray State,7.0,261.0,4531.0,1924.0,559.0,767.0,0.421,0.365,0.835,7.1,0.075,-0.6,1.6,2015,17.4,7.4,2.1,2.9,https://www.sports-reference.com/cbb/players/cameron-payne-1.html,2015
15,ATL,Kelly Oubre Jr.,Kansas,7.0,457.0,11600.0,5508.0,1995.0,461.0,0.433,0.329,0.754,16.7,0.069,-1.8,0.4,2015,25.4,12.1,4.4,1.0,https://www.sports-reference.com/cbb/players/kelly-oubre-jr.-1.html,2015
16,BOS,Terry Rozier,Louisville,7.0,455.0,11701.0,5584.0,1770.0,1400.0,0.413,0.373,0.815,21.6,0.089,0.4,7.2,2015,25.7,12.3,3.9,3.1,https://www.sports-reference.com/cbb/players/terry-rozier-1.html,2015
17,MIL,Rashad Vaughn,UNLV,3.0,139.0,1671.0,423.0,158.0,75.0,0.337,0.313,0.692,-0.6,-0.017,-4.7,-1.2,2015,12.0,3.0,1.1,0.5,https://www.sports-reference.com/cbb/players/rashad-vaughn-1.html,2015
18,HOU,Sam Dekker,Wisconsin,5.0,201.0,3097.0,1094.0,607.0,160.0,0.478,0.288,0.606,5.4,0.083,-1.4,0.5,2015,15.4,5.4,3.0,0.8,https://www.sports-reference.com/cbb/players/sam-dekker-1.html,2015
19,WAS,Jerian Grant,Notre Dame,5.0,279.0,4998.0,1692.0,530.0,805.0,0.411,0.323,0.77,8.3,0.08,-1.6,0.5,2015,17.9,6.1,1.9,2.9,https://www.sports-reference.com/cbb/players/jerian-grant-1.html,2015
20,TOR,Delon Wright,Utah,7.0,387.0,8088.0,2840.0,1251.0,1189.0,0.452,0.353,0.795,21.3,0.126,2.0,8.2,2015,20.9,7.3,3.2,3.1,https://www.sports-reference.com/cbb/players/delon-wright-1.html,2015
21,DAL,Justin Anderson,Virginia,6.0,232.0,3041.0,1203.0,585.0,160.0,0.412,0.293,0.776,4.7,0.074,-1.4,0.4,2015,13.1,5.2,2.5,0.7,https://www.sports-reference.com/cbb/players/justin-anderson-1.html,2015
22,CHI,Bobby Portis,Arkansas,7.0,432.0,9277.0,4751.0,2803.0,517.0,0.47,0.384,0.752,19.9,0.103,-0.6,3.2,2015,21.5,11.0,6.5,1.2,https://www.sports-reference.com/cbb/players/bobby-portis-1.html,2015
23,POR,Rondae Hollis-Jefferson,Arizona,6.0,305.0,6759.0,2760.0,1684.0,579.0,0.449,0.212,0.735,12.9,0.091,-0.7,2.3,2015,22.2,9.0,5.5,1.9,https://www.sports-reference.com/cbb/players/rondae-hollis-jefferson-1.html,2015
24,CLE,Tyus Jones,Duke,7.0,435.0,7926.0,2604.0,754.0,1589.0,0.435,0.343,0.824,17.7,0.107,0.3,4.6,2015,18.2,6.0,1.7,3.7,https://www.sports-reference.com/cbb/players/tyus-jones-1.html,2015
25,MEM,Jarell Martin,LSU,4.0,184.0,2927.0,998.0,639.0,114.0,0.434,0.346,0.766,3.2,0.053,-4.3,-1.7,2015,15.9,5.4,3.5,0.6,https://www.sports-reference.com/cbb/players/jarell-martin-1.html,2015
26,SAS,Nikola Milutinov,,,,,,,,,,,,,,,2015,,,,,,2015
27,LAL,Larry Nance Jr.,Wyoming,7.0,387.0,9345.0,3144.0,2538.0,739.0,0.528,0.33,0.684,24.3,0.125,1.1,7.3,2015,24.1,8.1,6.6,1.9,https://www.sports-reference.com/cbb/players/larry-nance-jr.-1.html,2015
28,BOS,R.J. Hunter,Georgia State University,4.0,45.0,395.0,133.0,46.0,19.0,0.371,0.295,0.818,0.4,0.051,-2.0,0.0,2015,8.8,3.0,1.0,0.4,https://www.sports-reference.com/cbb/players/r.j.-hunter-1.html,2015
29,BRK,Chris McCullough,Syracuse,3.0,59.0,532.0,194.0,112.0,15.0,0.426,0.306,0.548,0.6,0.054,-2.5,-0.1,2015,9.0,3.3,1.9,0.3,https://www.sports-reference.com/cbb/players/chris-mccullough-1.html,2015
30,GSW,Kevon Looney,UCLA,7.0,344.0,5545.0,1603.0,1600.0,436.0,0.562,0.172,0.615,18.5,0.16,-0.5,2.1,2015,16.1,4.7,4.7,1.3,https://www.sports-reference.com/cbb/players/kevon-looney-1.html,2015
31,MIN,Cedi Osman,,5.0,307.0,7593.0,3058.0,1015.0,654.0,0.42,0.349,0.719,6.6,0.042,-2.5,-1.0,2015,24.7,10.0,3.3,2.1,,2015
32,HOU,Montrezl Harrell,Louisville,7.0,437.0,9468.0,5686.0,2338.0,598.0,0.619,0.12,0.659,39.2,0.199,2.9,11.7,2015,21.7,13.0,5.4,1.4,https://www.sports-reference.com/cbb/players/montrezl-harrell-1.html,2015
33,BOS,Jordan Mickey,LSU,3.0,64.0,482.0,152.0,128.0,17.0,0.449,0.118,0.605,0.5,0.05,-4.8,-0.3,2015,7.5,2.4,2.0,0.3,https://www.sports-reference.com/cbb/players/jordan-mickey-1.html,2015
34,LAL,Anthony Brown,Stanford,3.0,41.0,762.0,161.0,103.0,28.0,0.328,0.286,0.85,-0.2,-0.016,-5.1,-0.6,2015,18.6,3.9,2.5,0.7,https://www.sports-reference.com/cbb/players/anthony-brown-1.html,2015
35,PHI,Willy Hernangómez,,6.0,287.0,4356.0,2084.0,1677.0,308.0,0.537,0.314,0.692,13.4,0.148,0.2,2.4,2015,15.2,7.3,5.8,1.1,,2015
36,MIN,Rakeem Christmas,Syracuse,2.0,30.0,225.0,63.0,57.0,4.0,0.467,,0.724,0.5,0.105,-4.7,-0.2,2015,7.5,2.1,1.9,0.1,https://www.sports-reference.com/cbb/players/rakeem-christmas-1.html,2015
37,PHI,Richaun Holmes,Bowling Green,7.0,372.0,7861.0,3586.0,2152.0,401.0,0.606,0.256,0.745,26.6,0.162,0.5,4.9,2015,21.1,9.6,5.8,1.1,https://www.sports-reference.com/cbb/players/richaun-holmes-1.html,2015
38,DET,Darrun Hilliard,Villanova,3.0,91.0,859.0,295.0,85.0,71.0,0.377,0.304,0.747,0.3,0.016,-4.7,-0.6,2015,9.4,3.2,0.9,0.8,https://www.sports-reference.com/cbb/players/darrun-hilliard-1.html,2015
39,CHA,Juan Pablo Vaulet,,,,,,,,,,,,,,,2015,,,,,,2015
40,MIA,Josh Richardson,Tennessee,7.0,418.0,12533.0,5034.0,1317.0,1125.0,0.428,0.361,0.834,23.0,0.088,-0.5,4.9,2015,30.0,12.0,3.2,2.7,https://www.sports-reference.com/cbb/players/josh-richardson-1.html,2015
41,BRK,Pat Connaughton,Notre Dame,7.0,406.0,7483.0,2367.0,1355.0,505.0,0.447,0.366,0.791,17.6,0.113,0.0,3.7,2015,18.4,5.8,3.3,1.2,https://www.sports-reference.com/cbb/players/pat-connaughton-1.html,2015
42,UTA,Olivier Hanlan,Boston College,,,,,,,,,,,,,,2015,,,,,https://www.sports-reference.com/cbb/players/olivier-hanlan-1.html,2015
43,IND,Joe Young,Oregon,3.0,127.0,1077.0,429.0,130.0,119.0,0.393,0.296,0.768,0.4,0.016,-4.1,-0.6,2015,8.5,3.4,1.0,0.9,https://www.sports-reference.com/cbb/players/joe-young-1.html,2015
44,PHO,Andrew Harrison,Kentucky,3.0,145.0,2987.0,1012.0,287.0,399.0,0.373,0.294,0.779,3.2,0.051,-2.8,-0.6,2015,20.6,7.0,2.0,2.8,https://www.sports-reference.com/cbb/players/andrew-harrison-1.html,2015
45,BOS,Marcus Thornton,William & Mary,,,,,,,,,,,,,,2015,,,,,https://www.sports-reference.com/cbb/players/marcus-thornton-1.html,2015
46,MIL,Norman Powell,UCLA,7.0,419.0,9378.0,4732.0,1083.0,623.0,0.462,0.382,0.831,19.7,0.101,-0.2,4.3,2015,22.4,11.3,2.6,1.5,https://www.sports-reference.com/cbb/players/norman-powell-1.html,2015
47,PHI,Artūras Gudaitis,,,,,,,,,,,,,,,2015,,,,,,2015
48,OKC,Dakari Johnson,Kentucky,1.0,31.0,161.0,55.0,34.0,8.0,0.564,,0.55,0.6,0.178,-0.3,0.1,2015,5.2,1.8,1.1,0.3,https://www.sports-reference.com/cbb/players/dakari-johnson-1.html,2015
49,WAS,Aaron White,Iowa,,,,,,,,,,,,,,2015,,,,,https://www.sports-reference.com/cbb/players/aaron-white-1.html,2015
50,ATL,Marcus Eriksson,,,,,,,,,,,,,,,2015,,,,,,2015
51,ORL,Tyler Harvey,Eastern Washington,,,,,,,,,,,,,,2015,,,,,https://www.sports-reference.com/cbb/players/tyler-harvey-1.html,2015
52,DAL,Satnam Singh,,,,,,,,,,,,,,,2015,,,,,,2015
53,CLE,Sir'Dominic Pointer,St. John's,,,,,,,,,,,,,,2015,,,,,https://www.sports-reference.com/cbb/players/sir'dominic-pointer-1.html,2015
54,UTA,Dani Díez,,,,,,,,,,,,,,,2015,,,,,,2015
55,SAS,Cady Lalanne,UMass,,,,,,,,,,,,,,2015,,,,,https://www.sports-reference.com/cbb/players/cady-lalanne-1.html,2015
56,NOP,Branden Dawson,Michigan State,1.0,6.0,29.0,5.0,4.0,0.0,0.4,,1.0,0.0,0.069,-5.7,0.0,2015,4.8,0.8,0.7,0.0,https://www.sports-reference.com/cbb/players/branden-dawson-1.html,2015
57,DEN,Nikola Radičević,,,,,,,,,,,,,,,2015,,,,,,2015
58,PHI,J.P. Tokoto,UNC,,,,,,,,,,,,,,2015,,,,,https://www.sports-reference.com/cbb/players/j.p.-tokoto-1.html,2015
59,ATL,Dimitrios Agravanis,,,,,,,,,,,,,,,2015,,,,,,2015
60,PHI,Luka Mitrović,,,,,,,,,,,,,,,2015,,,,,,2015
1,PHI,Ben Simmons,LSU,4.0,275.0,9326.0,4382.0,2217.0,2127.0,0.56,0.147,0.597,30.4,0.156,3.7,13.5,2016,33.9,15.9,8.1,7.7,https://www.sports-reference.com/cbb/players/ben-simmons-1.html,2016
2,LAL,Brandon Ingram,Duke,6.0,358.0,11756.0,6559.0,1832.0,1346.0,0.459,0.362,0.765,17.4,0.071,-0.5,4.6,2016,32.8,18.3,5.1,3.8,https://www.sports-reference.com/cbb/players/brandon-ingram-1.html,2016
3,BOS,Jaylen Brown,California,6.0,383.0,10918.0,6177.0,1891.0,741.0,0.47,0.373,0.712,22.5,0.099,0.0,5.5,2016,28.5,16.1,4.9,1.9,https://www.sports-reference.com/cbb/players/jaylen-brown-1.html,2016
4,PHO,Dragan Bender,,4.0,187.0,3755.0,1014.0,720.0,237.0,0.399,0.323,0.654,0.5,0.006,-3.9,-1.9,2016,20.1,5.4,3.9,1.3,,2016
5,MIN,Kris Dunn,Providence,5.0,231.0,5561.0,1889.0,766.0,950.0,0.42,0.305,0.727,3.7,0.032,-1.9,0.1,2016,24.1,8.2,3.3,4.1,https://www.sports-reference.com/cbb/players/kris-dunn-1.html,2016
6,NOP,Buddy Hield,Oklahoma,6.0,446.0,12906.0,7070.0,1895.0,1076.0,0.429,0.399,0.863,16.5,0.061,0.2,7.2,2016,28.9,15.9,4.2,2.4,https://www.sports-reference.com/cbb/players/buddy-hield-1.html,2016
7,DEN,Jamal Murray,Kentucky,5.0,345.0,10384.0,5639.0,1258.0,1322.0,0.446,0.367,0.878,20.8,0.096,0.3,6.0,2016,30.1,16.3,3.6,3.8,https://www.sports-reference.com/cbb/players/jamal-murray-1.html,2016
8,SAC,Marquese Chriss,Washington,6.0,281.0,5248.0,2167.0,1343.0,293.0,0.456,0.29,0.666,6.2,0.056,-2.3,-0.4,2016,18.7,7.7,4.8,1.0,https://www.sports-reference.com/cbb/players/marquese-chriss-1.html,2016
9,TOR,Jakob Poeltl,Utah,6.0,397.0,7853.0,2762.0,2339.0,550.0,0.627,0.667,0.514,27.0,0.165,1.0,6.0,2016,19.8,7.0,5.9,1.4,https://www.sports-reference.com/cbb/players/jakob-poeltl-1.html,2016
10,MIL,Thon Maker,,5.0,263.0,3624.0,1216.0,726.0,161.0,0.435,0.327,0.68,6.6,0.087,-2.1,-0.1,2016,13.8,4.6,2.8,0.6,,2016
11,ORL,Domantas Sabonis,Gonzaga,6.0,404.0,11431.0,5747.0,3676.0,1428.0,0.533,0.32,0.727,34.1,0.143,1.7,10.8,2016,28.3,14.2,9.1,3.5,https://www.sports-reference.com/cbb/players/domantas-sabonis-1.html,2016
12,UTA,Taurean Prince,Baylor,6.0,348.0,8480.0,3667.0,1378.0,619.0,0.414,0.372,0.819,7.4,0.042,-1.9,0.3,2016,24.4,10.5,4.0,1.8,https://www.sports-reference.com/cbb/players/taurean-prince-1.html,2016
13,PHO,Georgios Papagiannis,,2.0,39.0,477.0,160.0,123.0,29.0,0.514,0.0,0.857,0.4,0.044,-3.9,-0.2,2016,12.2,4.1,3.2,0.7,,2016
14,CHI,Denzel Valentine,Michigan State,5.0,256.0,4817.0,1795.0,857.0,466.0,0.394,0.36,0.787,4.5,0.045,-1.8,0.2,2016,18.8,7.0,3.3,1.8,https://www.sports-reference.com/cbb/players/denzel-valentine-1.html,2016
15,DEN,Juancho Hernangómez,,6.0,282.0,4362.0,1487.0,948.0,177.0,0.424,0.345,0.693,7.1,0.079,-2.0,0.0,2016,15.5,5.3,3.4,0.6,,2016
16,BOS,Guerschon Yabusele,,2.0,74.0,486.0,173.0,105.0,31.0,0.442,0.323,0.682,1.1,0.105,-1.9,0.0,2016,6.6,2.3,1.4,0.4,,2016
17,MEM,Wade Baldwin,Vanderbilt,3.0,56.0,579.0,174.0,69.0,78.0,0.355,0.25,0.776,-0.3,-0.028,-5.3,-0.5,2016,10.3,3.1,1.2,1.4,https://www.sports-reference.com/cbb/players/wade-baldwin-1.html,2016
18,DET,Henry Ellenson,Marquette,5.0,83.0,787.0,342.0,206.0,49.0,0.371,0.336,0.773,0.4,0.023,-3.7,-0.3,2016,9.5,4.1,2.5,0.6,https://www.sports-reference.com/cbb/players/henry-ellenson-1.html,2016
19,DEN,Malik Beasley,Florida State,6.0,316.0,6545.0,3239.0,774.0,388.0,0.429,0.38,0.808,9.0,0.066,-1.2,1.4,2016,20.7,10.3,2.4,1.2,https://www.sports-reference.com/cbb/players/malik-beasley-1.html,2016
20,IND,Caris LeVert,Michigan,6.0,303.0,8318.0,4444.0,1158.0,1197.0,0.436,0.333,0.737,11.6,0.067,-0.4,3.4,2016,27.5,14.7,3.8,4.0,https://www.sports-reference.com/cbb/players/caris-levert-1.html,2016
21,ATL,DeAndre' Bembry,Saint Joseph's,6.0,288.0,5593.0,1744.0,939.0,527.0,0.475,0.283,0.611,4.4,0.038,-2.3,-0.4,2016,19.4,6.1,3.3,1.8,https://www.sports-reference.com/cbb/players/deandre'-bembry-1.html,2016
22,CHA,Malachi Richardson,Syracuse,3.0,70.0,625.0,198.0,70.0,24.0,0.358,0.301,0.783,-0.1,-0.009,-6.1,-0.7,2016,8.9,2.8,1.0,0.3,https://www.sports-reference.com/cbb/players/malachi-richardson-1.html,2016
23,BOS,Ante Žižić,,3.0,113.0,1517.0,674.0,446.0,64.0,0.581,,0.711,3.5,0.11,-2.6,-0.2,2016,13.4,6.0,3.9,0.6,,2016
24,PHI,Timothé Luwawu-Cabarrot,,6.0,312.0,5021.0,1859.0,623.0,279.0,0.39,0.334,0.828,4.3,0.041,-4.1,-2.6,2016,16.1,6.0,2.0,0.9,,2016
25,LAC,Brice Johnson,UNC,2.0,21.0,107.0,47.0,34.0,3.0,0.449,0.0,0.6,0.1,0.062,-0.6,0.0,2016,5.1,2.2,1.6,0.1,https://www.sports-reference.com/cbb/players/brice-johnson-1.html,2016
26,PHI,Furkan Korkmaz,,5.0,240.0,4603.0,1961.0,553.0,333.0,0.407,0.359,0.773,7.3,0.076,-1.6,0.5,2016,19.2,8.2,2.3,1.4,,2016
27,TOR,Pascal Siakam,New Mexico State,6.0,376.0,10866.0,5703.0,2323.0,1110.0,0.489,0.328,0.774,30.2,0.134,1.5,9.7,2016,28.9,15.2,6.2,3.0,https://www.sports-reference.com/cbb/players/pascal-siakam-1.html,2016
28,PHO,Skal Labissière,Kentucky,4.0,148.0,2595.0,1069.0,662.0,152.0,0.492,0.353,0.748,4.4,0.081,-2.3,-0.2,2016,17.5,7.2,4.5,1.0,https://www.sports-reference.com/cbb/players/skal-labissière-1.html,2016
29,SAS,Dejounte Murray,Washington,5.0,304.0,7681.0,3591.0,1789.0,1399.0,0.454,0.328,0.758,14.8,0.092,1.5,6.7,2016,25.3,11.8,5.9,4.6,https://www.sports-reference.com/cbb/players/dejounte-murray-1.html,2016
30,GSW,Damian Jones,Vanderbilt,6.0,180.0,2582.0,896.0,585.0,136.0,0.661,0.286,0.7,7.6,0.141,-1.3,0.4,2016,14.3,5.0,3.3,0.8,https://www.sports-reference.com/cbb/players/damian-jones-1.html,2016
31,BOS,Deyonta Davis,Michigan State,3.0,107.0,1299.0,454.0,346.0,47.0,0.599,0.0,0.635,3.6,0.131,-2.1,0.0,2016,12.1,4.2,3.2,0.4,https://www.sports-reference.com/cbb/players/deyonta-davis-1.html,2016
32,LAL,Ivica Zubac,,6.0,339.0,6327.0,2750.0,2148.0,367.0,0.598,0.1,0.753,24.1,0.183,0.6,4.2,2016,18.7,8.1,6.3,1.1,,2016
33,LAC,Cheick Diallo,Kansas,5.0,183.0,2186.0,958.0,759.0,78.0,0.596,0.286,0.774,6.3,0.139,-1.4,0.3,2016,11.9,5.2,4.1,0.4,https://www.sports-reference.com/cbb/players/cheick-diallo-1.html,2016
34,PHO,Tyler Ulis,Kentucky,3.0,133.0,2782.0,998.0,223.0,537.0,0.403,0.28,0.808,0.5,0.008,-3.6,-1.1,2016,20.9,7.5,1.7,4.0,https://www.sports-reference.com/cbb/players/tyler-ulis-1.html,2016
35,BOS,Rade Zagorac,,,,,,,,,,,,,,,2016,,,,,,2016
36,MIL,Malcolm Brogdon,Virginia,6.0,325.0,9780.0,4991.0,1357.0,1550.0,0.464,0.377,0.883,23.8,0.117,1.1,7.7,2016,30.1,15.4,4.2,4.8,https://www.sports-reference.com/cbb/players/malcolm-brogdon-1.html,2016
37,HOU,Chinanu Onuaku,Louisville,2.0,6.0,74.0,18.0,14.0,4.0,0.583,,1.0,0.1,0.043,-5.4,-0.1,2016,12.3,3.0,2.3,0.7,https://www.sports-reference.com/cbb/players/chinanu-onuaku-1.html,2016
38,MIL,Patrick McCaw,UNLV,5.0,199.0,3373.0,760.0,319.0,270.0,0.42,0.305,0.785,4.4,0.062,-2.8,-0.6,2016,16.9,3.8,1.6,1.4,https://www.sports-reference.com/cbb/players/patrick-mccaw-1.html,2016
39,NOP,David Michineau,,,,,,,,,,,,,,,2016,,,,,,2016
40,NOP,Diamond Stone,Maryland,1.0,7.0,24.0,10.0,6.0,0.0,0.231,,1.0,-0.1,-0.211,-20.8,-0.1,2016,3.4,1.4,0.9,0.0,https://www.sports-reference.com/cbb/players/diamond-stone-1.html,2016
41,ORL,Stephen Zimmerman,UNLV,1.0,19.0,108.0,23.0,35.0,4.0,0.323,,0.6,0.0,-0.005,-8.3,-0.2,2016,5.7,1.2,1.8,0.2,https://www.sports-reference.com/cbb/players/stephen-zimmerman-1.html,2016
42,UTA,Isaiah Whitehead,Seton Hall,2.0,89.0,1823.0,643.0,210.0,212.0,0.411,0.305,0.788,-0.9,-0.025,-5.0,-1.4,2016,20.5,7.2,2.4,2.4,https://www.sports-reference.com/cbb/players/isaiah-whitehead-1.html,2016
43,HOU,Zhou Qi,,2.0,19.0,125.0,24.0,22.0,2.0,0.212,0.105,0.667,-0.2,-0.093,-9.6,-0.2,2016,6.6,1.3,1.2,0.1,,2016
44,ATL,Isaïa Cordinier,,,,,,,,,,,,,,,2016,,,,,,2016
45,BOS,Demetrius Jackson,Notre Dame,3.0,26.0,136.0,48.0,19.0,17.0,0.486,0.286,0.667,0.2,0.087,-0.5,0.1,2016,5.2,1.8,0.7,0.7,https://www.sports-reference.com/cbb/players/demetrius-jackson-1.html,2016
46,DAL,A.J. Hammons,Purdue,1.0,22.0,163.0,48.0,36.0,4.0,0.405,0.5,0.45,0.0,-0.001,-6.6,-0.2,2016,7.4,2.2,1.6,0.2,https://www.sports-reference.com/cbb/players/a.j.-hammons-1.html,2016
47,ORL,Jake Layman,Maryland,6.0,232.0,3037.0,1140.0,405.0,125.0,0.459,0.297,0.72,3.7,0.058,-2.3,-0.2,2016,13.1,4.9,1.7,0.5,https://www.sports-reference.com/cbb/players/jake-layman-1.html,2016
48,CHI,Paul Zipser,,2.0,98.0,1667.0,458.0,256.0,82.0,0.371,0.335,0.769,0.0,-0.001,-5.2,-1.4,2016,17.0,4.7,2.6,0.8,,2016
49,DET,Michael Gbinije,Syracuse,1.0,9.0,32.0,4.0,3.0,2.0,0.1,0.0,1.0,-0.1,-0.136,-12.1,-0.1,2016,3.6,0.4,0.3,0.2,https://www.sports-reference.com/cbb/players/michael-gbinije-1.html,2016
50,IND,Georges Niang,Iowa State,6.0,283.0,3981.0,1667.0,563.0,228.0,0.435,0.402,0.865,7.4,0.089,-1.1,0.9,2016,14.1,5.9,2.0,0.8,https://www.sports-reference.com/cbb/players/georges-niang-1.html,2016
51,BOS,Ben Bentil,Providence,1.0,3.0,10.0,0.0,2.0,0.0,0.0,0.0,,-0.1,-0.473,-25.9,-0.1,2016,3.3,0.0,0.7,0.0,https://www.sports-reference.com/cbb/players/ben-bentil-1.html,2016
52,UTA,Joel Bolomboy,Weber State,2.0,18.0,91.0,31.0,27.0,2.0,0.545,0.2,0.5,0.3,0.132,-0.1,0.0,2016,5.1,1.7,1.5,0.1,https://www.sports-reference.com/cbb/players/joel-bolomboy-1.html,2016
53,DEN,Petr Cornelie,,1.0,13.0,38.0,14.0,14.0,3.0,0.333,0.125,0.75,0.0,-0.008,-8.7,-0.1,2016,2.9,1.1,1.1,0.2,,2016
54,ATL,Kay Felder,Oakland,2.0,58.0,526.0,223.0,59.0,78.0,0.364,0.268,0.754,-0.4,-0.041,-4.7,-0.4,2016,9.1,3.8,1.0,1.3,https://www.sports-reference.com/cbb/players/kay-felder-1.html,2016
55,BRK,Marcus Paige,UNC,1.0,5.0,28.0,12.0,4.0,3.0,0.286,0.25,1.0,0.0,-0.006,-8.8,0.0,2016,5.6,2.4,0.8,0.6,https://www.sports-reference.com/cbb/players/marcus-paige-1.html,2016
56,DEN,Daniel Hamilton,UConn,2.0,25.0,232.0,69.0,52.0,30.0,0.394,0.357,0.5,0.0,0.0,-3.3,-0.1,2016,9.3,2.8,2.1,1.2,https://www.sports-reference.com/cbb/players/daniel-hamilton-1.html,2016
57,MEM,Wang Zhelin,,,,,,,,,,,,,,,2016,,,,,,2016
58,BOS,Abdel Nader,Iowa State,5.0,202.0,2583.0,926.0,376.0,110.0,0.428,0.357,0.718,2.8,0.052,-2.6,-0.4,2016,12.8,4.6,1.9,0.5,https://www.sports-reference.com/cbb/players/abdel-nader-1.html,2016
59,SAC,Isaiah Cousins,Oklahoma,,,,,,,,,,,,,,2016,,,,,https://www.sports-reference.com/cbb/players/isaiah-cousins-1.html,2016
60,UTA,Tyrone Wallace,California,3.0,106.0,1639.0,549.0,228.0,126.0,0.425,0.203,0.671,0.2,0.006,-5.1,-1.3,2016,15.5,5.2,2.2,1.2,https://www.sports-reference.com/cbb/players/tyrone-wallace-1.html,2016
1,PHI,Markelle Fultz,Washington,4.0,113.0,2891.0,1228.0,376.0,524.0,0.447,0.265,0.695,3.1,0.052,-2.2,-0.2,2017,25.6,10.9,3.3,4.6,https://www.sports-reference.com/cbb/players/markelle-fultz-1.html,2017
2,LAL,Lonzo Ball,UCLA,5.0,252.0,8187.0,2995.0,1447.0,1563.0,0.4,0.364,0.578,11.7,0.068,1.1,6.3,2017,32.5,11.9,5.7,6.2,https://www.sports-reference.com/cbb/players/lonzo-ball-1.html,2017
3,BOS,Jayson Tatum,Duke,5.0,345.0,11473.0,7033.0,2280.0,1005.0,0.453,0.38,0.842,31.5,0.132,2.4,12.9,2017,33.3,20.4,6.6,2.9,https://www.sports-reference.com/cbb/players/jayson-tatum-1.html,2017
4,PHO,Josh Jackson,Kansas,5.0,280.0,6598.0,3224.0,1141.0,529.0,0.417,0.293,0.679,-1.6,-0.012,-3.8,-2.9,2017,23.6,11.5,4.1,1.9,https://www.sports-reference.com/cbb/players/josh-jackson-1.html,2017
5,SAC,De'Aaron Fox,Kentucky,5.0,311.0,9894.0,5826.0,1094.0,1922.0,0.459,0.317,0.725,15.0,0.073,0.0,4.9,2017,31.8,18.7,3.5,6.2,https://www.sports-reference.com/cbb/players/de'aaron-fox-1.html,2017
6,ORL,Jonathan Isaac,Florida State,3.0,136.0,3512.0,1269.0,741.0,146.0,0.435,0.33,0.797,6.7,0.091,0.2,2.0,2017,25.8,9.3,5.4,1.1,https://www.sports-reference.com/cbb/players/jonathan-isaac-1.html,2017
7,MIN,Lauri Markkanen,Arizona,5.0,259.0,7659.0,3955.0,1761.0,329.0,0.439,0.363,0.847,14.7,0.092,-0.1,3.6,2017,29.6,15.3,6.8,1.3,https://www.sports-reference.com/cbb/players/lauri-markkanen-1.html,2017
8,NYK,Frank Ntilikina,,5.0,258.0,4708.0,1356.0,479.0,616.0,0.368,0.33,0.774,0.3,0.003,-4.2,-2.6,2017,18.2,5.3,1.9,2.4,,2017
9,DAL,Dennis Smith Jr.,NC State,5.0,216.0,5152.0,2317.0,636.0,917.0,0.402,0.312,0.652,-0.3,-0.003,-2.3,-0.4,2017,23.9,10.7,2.9,4.2,https://www.sports-reference.com/cbb/players/dennis-smith-jr.-1.html,2017
10,SAC,Zach Collins,Gonzaga,4.0,159.0,2773.0,910.0,640.0,150.0,0.444,0.327,0.717,4.0,0.069,-2.6,-0.4,2017,17.4,5.7,4.0,0.9,https://www.sports-reference.com/cbb/players/zach-collins-1.html,2017
11,CHA,Malik Monk,Kentucky,5.0,285.0,5567.0,2802.0,633.0,536.0,0.418,0.353,0.829,4.7,0.041,-2.1,-0.1,2017,19.5,9.8,2.2,1.9,https://www.sports-reference.com/cbb/players/malik-monk-1.html,2017
12,DET,Luke Kennard,Duke,5.0,277.0,6442.0,2724.0,792.0,570.0,0.449,0.422,0.864,13.1,0.098,-0.3,2.9,2017,23.3,9.8,2.9,2.1,https://www.sports-reference.com/cbb/players/luke-kennard-1.html,2017
13,DEN,Donovan Mitchell,Louisville,5.0,324.0,10906.0,7685.0,1345.0,1423.0,0.441,0.36,0.835,27.3,0.12,2.4,12.2,2017,33.7,23.7,4.2,4.4,https://www.sports-reference.com/cbb/players/donovan-mitchell-1.html,2017
14,MIA,Bam Adebayo,Kentucky,5.0,321.0,8975.0,4182.0,2634.0,1118.0,0.553,0.146,0.74,32.1,0.172,2.8,10.9,2017,28.0,13.0,8.2,3.5,https://www.sports-reference.com/cbb/players/bam-adebayo-1.html,2017
15,POR,Justin Jackson,UNC,5.0,255.0,4779.0,1656.0,637.0,276.0,0.426,0.321,0.799,5.3,0.053,-2.8,-1.0,2017,18.7,6.5,2.5,1.1,https://www.sports-reference.com/cbb/players/justin-jackson-1.html,2017
16,CHI,Justin Patton,Creighton,4.0,22.0,296.0,86.0,60.0,19.0,0.404,0.25,0.667,0.4,0.066,-2.8,-0.1,2017,13.5,3.9,2.7,0.9,https://www.sports-reference.com/cbb/players/justin-patton-1.html,2017
17,MIL,D.J. Wilson,Michigan,5.0,145.0,1797.0,641.0,450.0,107.0,0.417,0.327,0.618,2.8,0.073,-2.6,-0.3,2017,12.4,4.4,3.1,0.7,https://www.sports-reference.com/cbb/players/d.j.-wilson-1.html,2017
18,IND,T.J. Leaf,UCLA,4.0,146.0,1238.0,477.0,283.0,43.0,0.492,0.341,0.585,2.7,0.104,-1.8,0.1,2017,8.5,3.3,1.9,0.3,https://www.sports-reference.com/cbb/players/t.j.-leaf-1.html,2017
19,ATL,John Collins,Wake Forest,5.0,289.0,8389.0,4800.0,2416.0,451.0,0.562,0.382,0.78,28.3,0.162,1.5,7.5,2017,29.0,16.6,8.4,1.6,https://www.sports-reference.com/cbb/players/john-collins-1.html,2017
20,POR,Harry Giles,Duke,3.0,142.0,1835.0,832.0,543.0,174.0,0.511,0.258,0.671,3.0,0.079,-2.4,-0.2,2017,12.9,5.9,3.8,1.2,https://www.sports-reference.com/cbb/players/harry-giles-1.html,2017
21,OKC,Terrance Ferguson,,4.0,204.0,4000.0,924.0,263.0,144.0,0.404,0.334,0.753,4.4,0.053,-4.0,-2.1,2017,19.6,4.5,1.3,0.7,,2017
22,BRK,Jarrett Allen,Texas,5.0,335.0,8883.0,3851.0,2913.0,466.0,0.623,0.189,0.698,34.6,0.187,1.7,8.3,2017,26.5,11.5,8.7,1.4,https://www.sports-reference.com/cbb/players/jarrett-allen-1.html,2017
23,TOR,OG Anunoby,Indiana,5.0,295.0,7873.0,3056.0,1213.0,414.0,0.469,0.369,0.706,16.8,0.103,0.0,4.0,2017,26.7,10.4,4.1,1.4,https://www.sports-reference.com/cbb/players/og-anunoby-1.html,2017
24,UTA,Tyler Lydon,Syracuse,2.0,26.0,96.0,23.0,18.0,6.0,0.5,0.4,0.333,0.2,0.084,-4.3,-0.1,2017,3.7,0.9,0.7,0.2,https://www.sports-reference.com/cbb/players/tyler-lydon-1.html,2017
25,ORL,Anžejs Pasečņiks,,2.0,28.0,443.0,156.0,108.0,19.0,0.521,0.0,0.586,0.4,0.038,-6.2,-0.5,2017,15.8,5.6,3.9,0.7,,2017
26,POR,Caleb Swanigan,Purdue,3.0,75.0,655.0,169.0,218.0,56.0,0.438,0.118,0.614,-0.2,-0.015,-6.2,-0.7,2017,8.7,2.3,2.9,0.7,https://www.sports-reference.com/cbb/players/caleb-swanigan-1.html,2017
27,BRK,Kyle Kuzma,Utah,5.0,331.0,10020.0,5103.0,2038.0,696.0,0.448,0.338,0.722,14.3,0.069,-1.0,2.5,2017,30.3,15.4,6.2,2.1,https://www.sports-reference.com/cbb/players/kyle-kuzma-1.html,2017
28,LAL,Tony Bradley,UNC,5.0,157.0,1912.0,748.0,699.0,84.0,0.635,0.429,0.675,7.3,0.184,0.3,1.1,2017,12.2,4.8,4.5,0.5,https://www.sports-reference.com/cbb/players/tony-bradley-1.html,2017
29,SAS,Derrick White,Colorado,5.0,241.0,6215.0,2790.0,793.0,929.0,0.444,0.341,0.834,13.9,0.107,1.3,5.2,2017,25.8,11.6,3.3,3.9,https://www.sports-reference.com/cbb/players/derrick-white-1.html,2017
30,UTA,Josh Hart,Villanova,5.0,286.0,7763.0,2731.0,1646.0,571.0,0.448,0.348,0.736,15.1,0.094,-0.4,3.1,2017,27.1,9.5,5.8,2.0,https://www.sports-reference.com/cbb/players/josh-hart-1.html,2017
31,CHA,Frank Jackson,Duke,4.0,203.0,3672.0,1724.0,372.0,207.0,0.426,0.338,0.774,2.3,0.03,-3.8,-1.7,2017,18.1,8.5,1.8,1.0,https://www.sports-reference.com/cbb/players/frank-jackson-1.html,2017
32,PHO,Davon Reed,Miami (FL),3.0,60.0,688.0,192.0,118.0,45.0,0.393,0.379,0.706,0.8,0.054,-2.6,-0.1,2017,11.5,3.2,2.0,0.8,https://www.sports-reference.com/cbb/players/davon-reed-1.html,2017
33,ORL,Wes Iwundu,Kansas State,5.0,226.0,3827.0,989.0,555.0,208.0,0.408,0.292,0.798,4.2,0.053,-3.9,-1.8,2017,16.9,4.4,2.5,0.9,https://www.sports-reference.com/cbb/players/wes-iwundu-1.html,2017
34,SAC,Frank Mason III,Kansas,4.0,103.0,1616.0,695.0,204.0,272.0,0.396,0.301,0.755,1.2,0.035,-2.6,-0.3,2017,15.7,6.7,2.0,2.6,https://www.sports-reference.com/cbb/players/frank-mason-iii-1.html,2017
35,ORL,Ivan Rabb,California,2.0,85.0,1237.0,485.0,364.0,86.0,0.555,0.2,0.743,3.2,0.125,-1.7,0.1,2017,14.6,5.7,4.3,1.0,https://www.sports-reference.com/cbb/players/ivan-rabb-1.html,2017
36,PHI,Jonah Bolden,,2.0,51.0,686.0,217.0,174.0,40.0,0.486,0.34,0.484,1.4,0.098,-1.3,0.1,2017,13.5,4.3,3.4,0.8,,2017
37,BOS,Semi Ojeleye,SMU,5.0,276.0,4026.0,941.0,599.0,122.0,0.382,0.343,0.706,5.0,0.059,-3.5,-1.5,2017,14.6,3.4,2.2,0.4,https://www.sports-reference.com/cbb/players/semi-ojeleye-1.html,2017
38,CHI,Jordan Bell,Oregon,5.0,161.0,1937.0,593.0,497.0,201.0,0.552,0.2,0.636,4.9,0.121,0.2,1.1,2017,12.0,3.7,3.1,1.2,https://www.sports-reference.com/cbb/players/jordan-bell-1.html,2017
39,PHI,Jawun Evans,Oklahoma State,2.0,56.0,843.0,237.0,96.0,110.0,0.345,0.263,0.776,-0.4,-0.022,-5.4,-0.7,2017,15.1,4.2,1.7,2.0,https://www.sports-reference.com/cbb/players/jawun-evans-1.html,2017
40,NOP,Dwayne Bacon,Florida State,4.0,207.0,4012.0,1503.0,537.0,230.0,0.402,0.314,0.78,0.8,0.01,-5.1,-3.1,2017,19.4,7.3,2.6,1.1,https://www.sports-reference.com/cbb/players/dwayne-bacon-1.html,2017
41,ATL,Tyler Dorsey,Oregon,2.0,104.0,1672.0,701.0,243.0,135.0,0.389,0.35,0.669,1.0,0.03,-3.1,-0.5,2017,16.1,6.7,2.3,1.3,https://www.sports-reference.com/cbb/players/tyler-dorsey-1.html,2017
42,UTA,Thomas Bryant,Indiana,5.0,159.0,3263.0,1661.0,927.0,211.0,0.593,0.356,0.755,11.4,0.167,1.7,3.0,2017,20.5,10.4,5.8,1.3,https://www.sports-reference.com/cbb/players/thomas-bryant-1.html,2017
43,HOU,Isaiah Hartenstein,,4.0,144.0,1804.0,744.0,525.0,175.0,0.591,0.308,0.67,6.3,0.167,0.9,1.3,2017,12.5,5.2,3.6,1.2,,2017
44,NYK,Damyean Dotson,Oregon,5.0,213.0,4242.0,1594.0,532.0,315.0,0.417,0.345,0.711,3.0,0.034,-2.8,-0.9,2017,19.9,7.5,2.5,1.5,https://www.sports-reference.com/cbb/players/damyean-dotson-1.html,2017
45,HOU,Dillon Brooks,Oregon,5.0,261.0,7376.0,3752.0,796.0,515.0,0.42,0.351,0.8,4.8,0.031,-3.8,-3.4,2017,28.3,14.4,3.0,2.0,https://www.sports-reference.com/cbb/players/dillon-brooks-1.html,2017
46,PHI,Sterling Brown,SMU,5.0,253.0,4329.0,1410.0,862.0,262.0,0.423,0.37,0.791,6.6,0.073,-2.0,0.0,2017,17.1,5.6,3.4,1.0,https://www.sports-reference.com/cbb/players/sterling-brown-1.html,2017
47,IND,Ike Anigbogu,UCLA,2.0,14.0,36.0,13.0,12.0,1.0,0.333,,0.833,0.0,0.057,-1.1,0.0,2017,2.6,0.9,0.9,0.1,https://www.sports-reference.com/cbb/players/ike-anigbogu-1.html,2017
48,MIL,Sindarius Thornwell,South Carolina,4.0,160.0,1721.0,401.0,206.0,111.0,0.407,0.34,0.672,1.1,0.032,-3.1,-0.5,2017,10.8,2.5,1.3,0.7,https://www.sports-reference.com/cbb/players/sindarius-thornwell-1.html,2017
49,DEN,Vlatko Čančar,,3.0,69.0,478.0,162.0,83.0,30.0,0.484,0.333,0.793,0.8,0.078,-2.2,0.0,2017,6.9,2.3,1.2,0.4,,2017
50,PHI,Mathias Lessort,,,,,,,,,,,,,,,2017,,,,,,2017
51,DEN,Monte Morris,Iowa State,5.0,257.0,6388.0,2660.0,583.0,934.0,0.478,0.388,0.823,16.6,0.125,0.3,3.7,2017,24.9,10.4,2.3,3.6,https://www.sports-reference.com/cbb/players/monte-morris-1.html,2017
52,NOP,Edmond Sumner,Xavier,4.0,108.0,1520.0,619.0,165.0,114.0,0.474,0.333,0.728,1.9,0.061,-3.2,-0.4,2017,14.1,5.7,1.5,1.1,https://www.sports-reference.com/cbb/players/edmond-sumner-1.html,2017
53,BOS,Kadeem Allen,Arizona,3.0,47.0,640.0,258.0,71.0,109.0,0.435,0.349,0.757,1.0,0.075,-1.2,0.1,2017,13.6,5.5,1.5,2.3,https://www.sports-reference.com/cbb/players/kadeem-allen-1.html,2017
54,PHO,Alec Peters,Valparaiso,1.0,20.0,225.0,82.0,37.0,12.0,0.378,0.31,0.8,0.3,0.055,-2.8,0.0,2017,11.3,4.1,1.9,0.6,https://www.sports-reference.com/cbb/players/alec-peters-1.html,2017
55,UTA,Nigel Williams-Goss,Gonzaga,1.0,10.0,50.0,14.0,6.0,6.0,0.313,0.286,1.0,0.0,0.017,-3.9,0.0,2017,5.0,1.4,0.6,0.6,https://www.sports-reference.com/cbb/players/nigel-williams-goss-1.html,2017
56,BOS,Jabari Bird,California,1.0,13.0,115.0,39.0,19.0,8.0,0.577,0.429,0.462,0.2,0.098,-3.1,0.0,2017,8.8,3.0,1.5,0.6,https://www.sports-reference.com/cbb/players/jabari-bird-1.html,2017
57,BRK,Sasha Vezenkov,,,,,,,,,,,,,,,2017,,,,,,2017
58,NYK,Ognjen Jaramaz,,,,,,,,,,,,,,,2017,,,,,,2017
59,SAS,Jaron Blossomgame,Clemson,1.0,27.0,439.0,114.0,98.0,13.0,0.443,0.256,0.769,0.3,0.03,-3.8,-0.2,2017,16.3,4.2,3.6,0.5,https://www.sports-reference.com/cbb/players/jaron-blossomgame-1.html,2017
60,ATL,Alpha Kaba,,,,,,,,,,,,,,,2017,,,,,,2017
1,PHO,Deandre Ayton,Arizona,4.0,215.0,6610.0,3455.0,2272.0,349.0,0.595,0.196,0.751,22.1,0.161,1.1,5.2,2018,30.7,16.1,10.6,1.6,https://www.sports-reference.com/cbb/players/deandre-ayton-1.html,2018
2,SAC,Marvin Bagley III,Duke,4.0,150.0,3713.0,2010.0,1115.0,133.0,0.493,0.298,0.665,6.3,0.081,-2.4,-0.4,2018,24.8,13.4,7.4,0.9,https://www.sports-reference.com/cbb/players/marvin-bagley-iii-1.html,2018
3,ATL,Luka Dončić,,4.0,243.0,8186.0,6327.0,2067.0,1929.0,0.456,0.332,0.734,26.3,0.154,6.6,17.7,2018,33.7,26.0,8.5,7.9,,2018
4,MEM,Jaren Jackson Jr.,Michigan State,4.0,185.0,5037.0,2932.0,950.0,217.0,0.457,0.353,0.779,11.6,0.11,0.0,2.6,2018,27.2,15.8,5.1,1.2,https://www.sports-reference.com/cbb/players/jaren-jackson-jr.-1.html,2018
5,DAL,Trae Young,Oklahoma,4.0,257.0,8572.0,6396.0,1007.0,2300.0,0.437,0.352,0.868,22.6,0.126,2.7,10.1,2018,33.4,24.9,3.9,8.9,https://www.sports-reference.com/cbb/players/trae-young-1.html,2018
6,ORL,Mo Bamba,Texas,4.0,204.0,3641.0,1479.0,1187.0,180.0,0.47,0.333,0.68,8.5,0.112,-0.1,1.7,2018,17.8,7.3,5.8,0.9,https://www.sports-reference.com/cbb/players/mo-bamba-1.html,2018
7,CHI,Wendell Carter Jr.,Duke,4.0,192.0,5238.0,2260.0,1675.0,372.0,0.507,0.291,0.738,12.4,0.114,-0.9,1.4,2018,27.3,11.8,8.7,1.9,https://www.sports-reference.com/cbb/players/wendell-carter-jr.-1.html,2018
8,CLE,Collin Sexton,Alabama,4.0,218.0,7179.0,4356.0,663.0,720.0,0.458,0.378,0.827,5.5,0.037,-2.5,-0.9,2018,32.9,20.0,3.0,3.3,https://www.sports-reference.com/cbb/players/collin-sexton-1.html,2018
9,NYK,Kevin Knox,Kentucky,4.0,203.0,3956.0,1608.0,615.0,170.0,0.368,0.342,0.704,-0.5,-0.006,-4.7,-2.7,2018,19.5,7.9,3.0,0.8,https://www.sports-reference.com/cbb/players/kevin-knox-1.html,2018
10,PHI,Mikal Bridges,Villanova,4.0,285.0,8826.0,3096.0,1117.0,577.0,0.505,0.374,0.832,22.1,0.12,1.0,6.7,2018,31.0,10.9,3.9,2.0,https://www.sports-reference.com/cbb/players/mikal-bridges-1.html,2018
11,CHA,Shai Gilgeous-Alexander,Kentucky,4.0,230.0,7269.0,4026.0,1013.0,945.0,0.467,0.345,0.807,16.2,0.107,1.6,6.7,2018,31.6,17.5,4.4,4.1,https://www.sports-reference.com/cbb/players/shai-gilgeous-alexander-1.html,2018
12,LAC,Miles Bridges,Michigan State,4.0,269.0,7726.0,3441.0,1500.0,564.0,0.467,0.34,0.808,13.7,0.085,-0.5,2.9,2018,28.7,12.8,5.6,2.1,https://www.sports-reference.com/cbb/players/miles-bridges-1.html,2018
13,LAC,Jerome Robinson,Boston College,3.0,113.0,1604.0,514.0,208.0,131.0,0.363,0.31,0.721,-0.1,-0.003,-4.7,-1.1,2018,14.2,4.5,1.8,1.2,https://www.sports-reference.com/cbb/players/jerome-robinson-1.html,2018
14,DEN,Michael Porter Jr.,Missouri,3.0,125.0,3080.0,1763.0,763.0,133.0,0.518,0.419,0.795,9.6,0.15,2.1,3.1,2018,24.6,14.1,6.1,1.1,https://www.sports-reference.com/cbb/players/michael-porter-jr.-1.html,2018
15,WAS,Troy Brown Jr.,Oregon,4.0,203.0,3904.0,1346.0,803.0,342.0,0.426,0.33,0.754,4.6,0.056,-2.1,-0.1,2018,19.2,6.6,4.0,1.7,https://www.sports-reference.com/cbb/players/troy-brown-jr.-1.html,2018
16,PHO,Zhaire Smith,Texas Tech,2.0,13.0,143.0,48.0,15.0,12.0,0.378,0.316,0.667,0.0,0.011,-6.1,-0.1,2018,11.0,3.7,1.2,0.9,https://www.sports-reference.com/cbb/players/zhaire-smith-1.html,2018
17,MIL,Donte DiVincenzo,Villanova,4.0,179.0,4161.0,1579.0,836.0,429.0,0.421,0.34,0.755,8.6,0.099,-0.1,2.1,2018,23.2,8.8,4.7,2.4,https://www.sports-reference.com/cbb/players/donte-divincenzo-1.html,2018
18,SAS,Lonnie Walker IV,Miami (FL),4.0,192.0,3858.0,1708.0,450.0,301.0,0.41,0.339,0.788,1.3,0.017,-3.5,-1.5,2018,20.1,8.9,2.3,1.6,https://www.sports-reference.com/cbb/players/lonnie-walker-iv-1.html,2018
19,ATL,Kevin Huerter,Maryland,4.0,251.0,7414.0,2825.0,866.0,811.0,0.43,0.376,0.787,8.3,0.054,-1.4,1.1,2018,29.5,11.3,3.5,3.2,https://www.sports-reference.com/cbb/players/kevin-huerter-1.html,2018
20,MIN,Josh Okogie,Georgia Tech,4.0,228.0,4909.0,1504.0,702.0,271.0,0.4,0.273,0.755,5.0,0.049,-3.0,-1.2,2018,21.5,6.6,3.1,1.2,https://www.sports-reference.com/cbb/players/josh-okogie-1.html,2018
21,UTA,Grayson Allen,Duke,4.0,175.0,3764.0,1637.0,434.0,259.0,0.424,0.386,0.837,7.1,0.09,-0.9,1.1,2018,21.5,9.4,2.5,1.5,https://www.sports-reference.com/cbb/players/grayson-allen-1.html,2018
22,CHI,Chandler Hutchison,Boise State,4.0,103.0,1790.0,558.0,376.0,79.0,0.442,0.309,0.643,1.1,0.03,-3.9,-0.9,2018,17.4,5.4,3.7,0.8,https://www.sports-reference.com/cbb/players/chandler-hutchison-1.html,2018
23,IND,Aaron Holiday,UCLA,4.0,226.0,4142.0,1669.0,385.0,521.0,0.415,0.371,0.827,4.1,0.047,-2.4,-0.4,2018,18.3,7.4,1.7,2.3,https://www.sports-reference.com/cbb/players/aaron-holiday-1.html,2018
24,POR,Anfernee Simons,,4.0,207.0,4249.0,2055.0,448.0,404.0,0.425,0.39,0.828,4.6,0.052,-2.1,-0.1,2018,20.5,9.9,2.2,2.0,,2018
25,LAL,Moritz Wagner,Michigan,4.0,178.0,2567.0,1252.0,560.0,179.0,0.486,0.32,0.812,4.8,0.089,-1.9,0.1,2018,14.4,7.0,3.1,1.0,https://www.sports-reference.com/cbb/players/moritz-wagner-1.html,2018
26,PHI,Landry Shamet,Wichita State,4.0,238.0,5548.0,2112.0,432.0,386.0,0.408,0.39,0.837,9.7,0.084,-1.8,0.2,2018,23.3,8.9,1.8,1.6,https://www.sports-reference.com/cbb/players/landry-shamet-1.html,2018
27,BOS,Robert Williams,Texas A&M,4.0,160.0,3064.0,1116.0,1024.0,221.0,0.725,0.0,0.65,16.0,0.25,5.0,5.4,2018,19.2,7.0,6.4,1.4,https://www.sports-reference.com/cbb/players/robert-williams-1.html,2018
28,GSW,Jacob Evans,Cincinnati,2.0,59.0,622.0,168.0,66.0,54.0,0.337,0.315,0.833,-0.6,-0.047,-7.4,-0.8,2018,10.5,2.8,1.1,0.9,https://www.sports-reference.com/cbb/players/jacob-evans-1.html,2018
29,BRK,Džanan Musa,,2.0,49.0,526.0,211.0,91.0,45.0,0.376,0.227,0.726,0.0,0.003,-4.6,-0.4,2018,10.7,4.3,1.9,0.9,,2018
30,ATL,Omari Spellman,Villanova,2.0,95.0,1691.0,642.0,413.0,94.0,0.417,0.366,0.766,2.4,0.068,-1.5,0.2,2018,17.8,6.8,4.3,1.0,https://www.sports-reference.com/cbb/players/omari-spellman-1.html,2018
31,PHO,Elie Okobo,,2.0,108.0,1677.0,523.0,188.0,242.0,0.395,0.315,0.737,0.5,0.014,-4.1,-0.9,2018,15.5,4.8,1.7,2.2,,2018
32,MEM,Jevon Carter,West Virginia,4.0,203.0,2791.0,872.0,343.0,270.0,0.375,0.369,0.789,3.3,0.057,-1.4,0.4,2018,13.7,4.3,1.7,1.3,https://www.sports-reference.com/cbb/players/jevon-carter-1.html,2018
33,DAL,Jalen Brunson,Villanova,4.0,256.0,6171.0,2944.0,756.0,971.0,0.494,0.373,0.786,15.6,0.121,0.1,3.3,2018,24.1,11.5,3.0,3.8,https://www.sports-reference.com/cbb/players/jalen-brunson-1.html,2018
34,ATL,Devonte' Graham,Kansas,4.0,219.0,6234.0,2891.0,564.0,1131.0,0.372,0.358,0.825,9.0,0.07,-0.5,2.4,2018,28.5,13.2,2.6,5.2,https://www.sports-reference.com/cbb/players/devonte'-graham-1.html,2018
35,ORL,Melvin Frazier,Tulane,2.0,29.0,170.0,55.0,15.0,4.0,0.4,0.364,0.375,0.0,0.008,-5.4,-0.2,2018,5.9,1.9,0.5,0.1,https://www.sports-reference.com/cbb/players/melvin-frazier-1.html,2018
36,NYK,Mitchell Robinson,,4.0,211.0,4973.0,1777.0,1566.0,113.0,0.719,,0.555,22.4,0.217,2.2,5.2,2018,23.6,8.4,7.4,0.5,,2018
37,SAC,Gary Trent Jr.,Duke,4.0,182.0,4920.0,2360.0,391.0,238.0,0.422,0.394,0.793,8.0,0.078,-0.9,1.3,2018,27.0,13.0,2.1,1.3,https://www.sports-reference.com/cbb/players/gary-trent-jr.-1.html,2018
38,PHI,Khyri Thomas,Creighton,3.0,39.0,409.0,160.0,39.0,36.0,0.388,0.316,0.75,0.5,0.058,-2.7,-0.1,2018,10.5,4.1,1.0,0.9,https://www.sports-reference.com/cbb/players/khyri-thomas-1.html,2018
39,PHI,Isaac Bonga,,4.0,141.0,1868.0,438.0,320.0,117.0,0.432,0.3,0.763,1.7,0.043,-3.6,-0.8,2018,13.2,3.1,2.3,0.8,,2018
40,BRK,Rodions Kurucs,,3.0,131.0,2103.0,780.0,406.0,113.0,0.444,0.329,0.739,2.3,0.052,-2.8,-0.4,2018,16.1,6.0,3.1,0.9,,2018
41,ORL,Jarred Vanderbilt,Kentucky,4.0,146.0,2659.0,767.0,877.0,155.0,0.596,0.167,0.609,8.0,0.145,0.2,1.5,2018,18.2,5.3,6.0,1.1,https://www.sports-reference.com/cbb/players/jarred-vanderbilt-1.html,2018
42,DET,Bruce Brown,Miami (FL),4.0,247.0,5598.0,1732.0,1023.0,491.0,0.474,0.301,0.739,10.2,0.087,-1.5,0.7,2018,22.7,7.0,4.1,2.0,https://www.sports-reference.com/cbb/players/bruce-brown-1.html,2018
43,DEN,Justin Jackson,Maryland,,,,,,,,,,,,,,2018,,,,,https://www.sports-reference.com/cbb/players/justin-jackson-1.html,2018
44,WAS,Issuf Sanon,,,,,,,,,,,,,,,2018,,,,,,2018
45,BRK,Hamidou Diallo,Kentucky,4.0,200.0,3799.0,1676.0,787.0,218.0,0.473,0.276,0.634,4.6,0.058,-2.5,-0.5,2018,19.0,8.4,3.9,1.1,https://www.sports-reference.com/cbb/players/hamidou-diallo-1.html,2018
46,HOU,De'Anthony Melton,USC,4.0,213.0,4352.0,1684.0,745.0,602.0,0.405,0.347,0.757,6.3,0.07,0.3,2.5,2018,20.4,7.9,3.5,2.8,https://www.sports-reference.com/cbb/players/de'anthony-melton-1.html,2018
47,LAL,Svi Mykhailiuk,Kansas,4.0,207.0,3683.0,1424.0,392.0,293.0,0.4,0.354,0.779,2.5,0.033,-2.6,-0.6,2018,17.8,6.9,1.9,1.4,https://www.sports-reference.com/cbb/players/svi-mykhailiuk-1.html,2018
48,MIN,Keita Bates-Diop,Ohio State,4.0,149.0,2224.0,757.0,434.0,86.0,0.451,0.308,0.696,3.1,0.066,-2.3,-0.2,2018,14.9,5.1,2.9,0.6,https://www.sports-reference.com/cbb/players/keita-bates-diop-1.html,2018
49,SAS,Chimezie Metu,USC,4.0,125.0,1669.0,712.0,427.0,98.0,0.456,0.288,0.755,1.6,0.047,-2.5,-0.2,2018,13.4,5.7,3.4,0.8,https://www.sports-reference.com/cbb/players/chimezie-metu-1.html,2018
50,IND,Alize Johnson,Missouri State,4.0,68.0,510.0,173.0,205.0,30.0,0.493,0.25,0.718,1.3,0.124,-1.8,0.0,2018,7.5,2.5,3.0,0.4,https://www.sports-reference.com/cbb/players/alize-johnson-1.html,2018
51,NOP,Tony Carr,Penn State,,,,,,,,,,,,,,2018,,,,,https://www.sports-reference.com/cbb/players/tony-carr-1.html,2018
52,UTA,Vince Edwards,Purdue,1.0,2.0,16.0,3.0,2.0,0.0,0.25,0.25,,0.0,-0.014,-6.4,0.0,2018,8.0,1.5,1.0,0.0,https://www.sports-reference.com/cbb/players/vince-edwards-1.html,2018
53,OKC,Devon Hall,Virginia,1.0,11.0,81.0,20.0,7.0,13.0,0.2,0.235,0.5,-0.2,-0.116,-6.7,-0.1,2018,7.4,1.8,0.6,1.2,https://www.sports-reference.com/cbb/players/devon-hall-1.html,2018
54,DAL,Shake Milton,SMU,4.0,154.0,3289.0,1589.0,367.0,403.0,0.446,0.361,0.825,6.0,0.088,-1.8,0.2,2018,21.4,10.3,2.4,2.6,https://www.sports-reference.com/cbb/players/shake-milton-1.html,2018
55,CHA,Arnoldas Kulboka,,1.0,1.0,3.0,0.0,0.0,0.0,,,,0.0,-0.016,-10.5,0.0,2018,3.0,0.0,0.0,0.0,,2018
56,PHI,Ray Spalding,Louisville,2.0,16.0,167.0,58.0,52.0,5.0,0.529,0.0,0.286,0.1,0.024,-6.2,-0.2,2018,10.4,3.6,3.3,0.3,https://www.sports-reference.com/cbb/players/ray-spalding-1.html,2018
57,OKC,Kevin Hervey,UT Arlington,1.0,10.0,52.0,17.0,12.0,5.0,0.259,0.15,,-0.1,-0.085,-5.1,0.0,2018,5.2,1.7,1.2,0.5,https://www.sports-reference.com/cbb/players/kevin-hervey-1.html,2018
58,DEN,Thomas Welsh,UCLA,1.0,11.0,36.0,18.0,4.0,5.0,0.538,0.429,0.5,0.1,0.162,1.2,0.0,2018,3.3,1.6,0.4,0.5,https://www.sports-reference.com/cbb/players/thomas-welsh-1.html,2018
59,PHO,George King,Colorado,2.0,5.0,25.0,1.0,6.0,0.0,0.0,0.0,0.5,-0.1,-0.222,-17.0,-0.1,2018,5.0,0.2,1.2,0.0,https://www.sports-reference.com/cbb/players/george-king-1.html,2018
60,PHI,Kostas Antetokounmpo,Dayton,3.0,22.0,87.0,21.0,23.0,3.0,0.375,,0.474,-0.2,-0.098,-9.9,-0.2,2018,4.0,1.0,1.0,0.1,https://www.sports-reference.com/cbb/players/kostas-antetokounmpo-1.html,2018
1,NOP,Zion Williamson,Duke,2.0,85.0,2694.0,2187.0,591.0,276.0,0.604,0.333,0.683,10.6,0.189,4.9,4.7,2019,31.7,25.7,7.0,3.2,https://www.sports-reference.com/cbb/players/zion-williamson-1.html,2019
2,MEM,Ja Morant,Murray State,3.0,176.0,5653.0,3630.0,780.0,1269.0,0.473,0.321,0.752,12.6,0.107,1.6,5.1,2019,32.1,20.6,4.4,7.2,https://www.sports-reference.com/cbb/players/ja-morant-1.html,2019
3,NYK,RJ Barrett,Duke,3.0,176.0,5802.0,2930.0,965.0,485.0,0.421,0.364,0.687,5.0,0.041,-2.2,-0.3,2019,33.0,16.6,5.5,2.8,https://www.sports-reference.com/cbb/players/rj-barrett-1.html,2019
4,LAL,De'Andre Hunter,Virginia,3.0,116.0,3569.0,1513.0,498.0,192.0,0.434,0.356,0.778,2.2,0.03,-3.4,-1.3,2019,30.8,13.0,4.3,1.7,https://www.sports-reference.com/cbb/players/de'andre-hunter-1.html,2019
5,CLE,Darius Garland,Vanderbilt,3.0,160.0,5240.0,2622.0,396.0,932.0,0.444,0.375,0.877,4.2,0.038,-1.9,0.1,2019,32.8,16.4,2.5,5.8,https://www.sports-reference.com/cbb/players/darius-garland-1.html,2019
6,PHO,Jarrett Culver,Texas Tech,3.0,124.0,2253.0,862.0,355.0,160.0,0.407,0.29,0.505,0.2,0.003,-4.2,-1.3,2019,18.2,7.0,2.9,1.3,https://www.sports-reference.com/cbb/players/jarrett-culver-1.html,2019
7,CHI,Coby White,UNC,3.0,173.0,4931.0,2446.0,635.0,613.0,0.415,0.366,0.847,5.5,0.053,-2.3,-0.4,2019,28.5,14.1,3.7,3.5,https://www.sports-reference.com/cbb/players/coby-white-1.html,2019
8,ATL,Jaxson Hayes,Texas,3.0,171.0,2845.0,1328.0,701.0,114.0,0.647,0.318,0.716,10.5,0.178,0.2,1.5,2019,16.6,7.8,4.1,0.7,https://www.sports-reference.com/cbb/players/jaxson-hayes-1.html,2019
9,WAS,Rui Hachimura,Gonzaga,3.0,123.0,3571.0,1598.0,665.0,187.0,0.471,0.335,0.796,4.4,0.059,-3.0,-0.9,2019,29.0,13.0,5.4,1.5,https://www.sports-reference.com/cbb/players/rui-hachimura-1.html,2019
10,ATL,Cam Reddish,Duke,3.0,127.0,3202.0,1353.0,412.0,164.0,0.384,0.325,0.841,0.8,0.011,-3.3,-1.0,2019,25.2,10.7,3.2,1.3,https://www.sports-reference.com/cbb/players/cam-reddish-1.html,2019
11,MIN,Cameron Johnson,UNC,3.0,172.0,4123.0,1730.0,617.0,229.0,0.439,0.389,0.835,10.0,0.116,0.9,3.1,2019,24.0,10.1,3.6,1.3,https://www.sports-reference.com/cbb/players/cameron-johnson-1.html,2019
12,CHA,P.J. Washington,Kentucky,3.0,165.0,4805.0,1955.0,976.0,370.0,0.446,0.38,0.702,6.7,0.067,-1.0,1.2,2019,29.1,11.8,5.9,2.2,https://www.sports-reference.com/cbb/players/p.j.-washington-1.html,2019
13,MIA,Tyler Herro,Kentucky,3.0,155.0,4647.0,2478.0,713.0,486.0,0.431,0.375,0.852,5.2,0.053,-1.2,1.0,2019,30.0,16.0,4.6,3.1,https://www.sports-reference.com/cbb/players/tyler-herro-1.html,2019
14,BOS,Romeo Langford,Indiana,3.0,94.0,1381.0,342.0,180.0,45.0,0.396,0.305,0.662,1.5,0.053,-3.0,-0.4,2019,14.7,3.6,1.9,0.5,https://www.sports-reference.com/cbb/players/romeo-langford-1.html,2019
15,DET,Sekou Doumbouya,,3.0,96.0,1639.0,542.0,267.0,66.0,0.388,0.256,0.693,-0.4,-0.012,-6.5,-1.8,2019,17.1,5.6,2.8,0.7,,2019
16,ORL,Chuma Okeke,Auburn,2.0,94.0,2303.0,751.0,409.0,177.0,0.397,0.323,0.795,2.6,0.055,-0.8,0.7,2019,24.5,8.0,4.4,1.9,https://www.sports-reference.com/cbb/players/chuma-okeke-1.html,2019
17,BRK,Nickeil Alexander-Walker,Virginia Tech,3.0,145.0,2920.0,1414.0,393.0,330.0,0.388,0.33,0.715,0.2,0.004,-2.8,-0.6,2019,20.1,9.8,2.7,2.3,https://www.sports-reference.com/cbb/players/nickeil-alexander-walker-1.html,2019
18,IND,Goga Bitadze,,3.0,134.0,1445.0,575.0,357.0,87.0,0.446,0.214,0.687,2.7,0.089,-2.2,-0.1,2019,10.8,4.3,2.7,0.6,,2019
19,SAS,Luka Šamanić,,2.0,36.0,356.0,138.0,78.0,21.0,0.43,0.294,0.576,0.1,0.015,-4.8,-0.3,2019,9.9,3.8,2.2,0.6,,2019
20,BOS,Matisse Thybulle,Washington,3.0,173.0,3719.0,802.0,328.0,192.0,0.441,0.319,0.598,7.3,0.094,1.0,2.8,2019,21.5,4.6,1.9,1.1,https://www.sports-reference.com/cbb/players/matisse-thybulle-1.html,2019
21,OKC,Brandon Clarke,Gonzaga,3.0,162.0,3582.0,1784.0,920.0,240.0,0.587,0.294,0.717,13.8,0.184,2.9,4.4,2019,22.1,11.0,5.7,1.5,https://www.sports-reference.com/cbb/players/brandon-clarke-1.html,2019
22,BOS,Grant Williams,Tennessee,3.0,187.0,3459.0,941.0,533.0,193.0,0.45,0.378,0.734,6.5,0.09,-1.8,0.2,2019,18.5,5.0,2.9,1.0,https://www.sports-reference.com/cbb/players/grant-williams-1.html,2019
23,UTA,Darius Bazley,,3.0,169.0,4293.0,1618.0,990.0,211.0,0.397,0.305,0.699,1.4,0.016,-2.8,-0.8,2019,25.4,9.6,5.9,1.2,,2019
24,PHI,Ty Jerome,Virginia,3.0,112.0,1917.0,795.0,215.0,273.0,0.398,0.344,0.784,2.1,0.052,-1.9,0.0,2019,17.1,7.1,1.9,2.4,https://www.sports-reference.com/cbb/players/ty-jerome-1.html,2019
25,POR,Nassir Little,UNC,3.0,138.0,2301.0,802.0,472.0,99.0,0.455,0.317,0.727,3.7,0.078,-2.1,-0.1,2019,16.7,5.8,3.4,0.7,https://www.sports-reference.com/cbb/players/nassir-little-1.html,2019
26,CLE,Dylan Windler,Belmont,2.0,68.0,857.0,255.0,169.0,58.0,0.435,0.359,0.778,1.3,0.071,-1.3,0.1,2019,12.6,3.8,2.5,0.9,https://www.sports-reference.com/cbb/players/dylan-windler-1.html,2019
27,BRK,Mfiondu Kabengele,Florida State,2.0,51.0,344.0,137.0,71.0,19.0,0.388,0.314,0.84,0.4,0.054,-3.1,-0.1,2019,6.7,2.7,1.4,0.4,https://www.sports-reference.com/cbb/players/mfiondu-kabengele-1.html,2019
28,GSW,Jordan Poole,Michigan,3.0,161.0,3791.0,1982.0,375.0,417.0,0.404,0.325,0.874,4.2,0.054,-2.5,-0.5,2019,23.5,12.3,2.3,2.6,https://www.sports-reference.com/cbb/players/jordan-poole-1.html,2019
29,SAS,Keldon Johnson,Kentucky,3.0,141.0,3989.0,1898.0,797.0,237.0,0.481,0.396,0.749,7.6,0.091,-1.2,0.8,2019,28.3,13.5,5.7,1.7,https://www.sports-reference.com/cbb/players/keldon-johnson-1.html,2019
30,MIL,Kevin Porter Jr.,USC,3.0,115.0,3170.0,1463.0,415.0,514.0,0.421,0.347,0.68,0.1,0.001,-3.4,-1.1,2019,27.6,12.7,3.6,4.5,https://www.sports-reference.com/cbb/players/kevin-porter-jr.-1.html,2019
31,BRK,Nic Claxton,Georgia,3.0,72.0,1311.0,506.0,350.0,65.0,0.621,0.167,0.522,4.2,0.154,0.1,0.7,2019,18.2,7.0,4.9,0.9,https://www.sports-reference.com/cbb/players/nic-claxton-1.html,2019
32,PHO,KZ Okpala,Stanford,3.0,63.0,717.0,176.0,114.0,34.0,0.406,0.273,0.607,0.7,0.048,-5.2,-0.6,2019,11.4,2.8,1.8,0.5,https://www.sports-reference.com/cbb/players/kz-okpala-1.html,2019
33,PHI,Carsen Edwards,Purdue,2.0,68.0,627.0,244.0,73.0,38.0,0.372,0.302,0.75,0.4,0.03,-4.5,-0.4,2019,9.2,3.6,1.1,0.6,https://www.sports-reference.com/cbb/players/carsen-edwards-1.html,2019
34,PHI,Bruno Fernando,Maryland,3.0,111.0,1010.0,320.0,297.0,63.0,0.498,0.146,0.617,0.8,0.04,-4.7,-0.7,2019,9.1,2.9,2.7,0.6,https://www.sports-reference.com/cbb/players/bruno-fernando-1.html,2019
35,ATL,Didi Louzada,,2.0,5.0,63.0,8.0,5.0,4.0,0.188,0.182,,-0.2,-0.116,-9.9,-0.1,2019,12.6,1.6,1.0,0.8,,2019
36,CHA,Cody Martin,Nevada,3.0,149.0,3086.0,836.0,527.0,309.0,0.444,0.325,0.642,4.7,0.072,-1.4,0.5,2019,20.7,5.6,3.5,2.1,https://www.sports-reference.com/cbb/players/cody-martin-1.html,2019
37,DAL,Deividas Sirvydis,,2.0,23.0,160.0,44.0,35.0,6.0,0.3,0.314,0.5,-0.1,-0.033,-6.0,-0.2,2019,7.0,1.9,1.5,0.3,,2019
38,CHI,Daniel Gafford,Arkansas,3.0,146.0,2401.0,1032.0,630.0,99.0,0.683,,0.664,9.5,0.189,1.2,1.9,2019,16.4,7.1,4.3,0.7,https://www.sports-reference.com/cbb/players/daniel-gafford-1.html,2019
39,NOP,Alen Smailagić,,2.0,29.0,223.0,87.0,43.0,17.0,0.463,0.304,0.72,0.3,0.056,-3.3,-0.1,2019,7.7,3.0,1.5,0.6,,2019
40,SAC,Justin James,Wyoming,2.0,72.0,542.0,228.0,62.0,40.0,0.446,0.343,0.544,0.3,0.024,-3.1,-0.2,2019,7.5,3.2,0.9,0.6,https://www.sports-reference.com/cbb/players/justin-james-1.html,2019
41,GSW,Eric Paschall,Villanova,3.0,144.0,2932.0,1476.0,494.0,205.0,0.495,0.326,0.755,4.6,0.075,-2.3,-0.2,2019,20.4,10.3,3.4,1.4,https://www.sports-reference.com/cbb/players/eric-paschall-1.html,2019
42,PHI,Admiral Schofield,Tennessee,2.0,57.0,639.0,182.0,96.0,31.0,0.419,0.324,0.682,0.4,0.027,-5.1,-0.5,2019,11.2,3.2,1.7,0.5,https://www.sports-reference.com/cbb/players/admiral-schofield-1.html,2019
43,MIN,Jaylen Nowell,Washington,3.0,99.0,1523.0,761.0,190.0,168.0,0.436,0.326,0.803,2.7,0.084,-1.4,0.2,2019,15.4,7.7,1.9,1.7,https://www.sports-reference.com/cbb/players/jaylen-nowell-1.html,2019
44,MIA,Bol Bol,Oregon,3.0,53.0,328.0,142.0,63.0,18.0,0.478,0.378,0.667,0.2,0.033,-3.0,-0.1,2019,6.2,2.7,1.2,0.3,https://www.sports-reference.com/cbb/players/bol-bol-1.html,2019
45,DET,Isaiah Roby,Nebraska,3.0,86.0,1769.0,686.0,424.0,122.0,0.488,0.319,0.729,2.1,0.056,-2.9,-0.4,2019,20.6,8.0,4.9,1.4,https://www.sports-reference.com/cbb/players/isaiah-roby-1.html,2019
46,ORL,Talen Horton-Tucker,Iowa State,3.0,113.0,2473.0,1018.0,317.0,299.0,0.438,0.279,0.779,3.0,0.058,-2.3,-0.2,2019,21.9,9.0,2.8,2.6,https://www.sports-reference.com/cbb/players/talen-horton-tucker-1.html,2019
47,SAC,Ignas Brazdeikis,Michigan,3.0,50.0,553.0,187.0,86.0,42.0,0.377,0.319,0.765,0.1,0.006,-5.4,-0.5,2019,11.1,3.7,1.7,0.8,https://www.sports-reference.com/cbb/players/ignas-brazdeikis-1.html,2019
48,LAC,Terance Mann,Florida State,3.0,168.0,3359.0,1202.0,609.0,299.0,0.492,0.379,0.77,8.3,0.119,-0.7,1.1,2019,20.0,7.2,3.6,1.8,https://www.sports-reference.com/cbb/players/terance-mann-1.html,2019
49,SAS,Quinndary Weatherspoon,Mississippi State,3.0,36.0,232.0,72.0,24.0,21.0,0.435,0.167,0.8,0.0,0.002,-6.0,-0.2,2019,6.4,2.0,0.7,0.6,https://www.sports-reference.com/cbb/players/quinndary-weatherspoon-1.html,2019
50,IND,Jarrell Brantley,College of Charleston,2.0,37.0,234.0,88.0,47.0,26.0,0.438,0.366,0.75,0.5,0.099,-0.6,0.1,2019,6.3,2.4,1.3,0.7,https://www.sports-reference.com/cbb/players/jarrell-brantley-1.html,2019
51,BOS,Tremont Waters,LSU,3.0,40.0,407.0,149.0,37.0,85.0,0.354,0.296,0.96,0.1,0.011,-3.0,-0.1,2019,10.2,3.7,0.9,2.1,https://www.sports-reference.com/cbb/players/tremont-waters-1.html,2019
52,CHA,Jalen McDaniels,San Diego State,3.0,102.0,1882.0,692.0,370.0,109.0,0.477,0.353,0.709,2.9,0.073,-2.9,-0.4,2019,18.5,6.8,3.6,1.1,https://www.sports-reference.com/cbb/players/jalen-mcdaniels-1.html,2019
53,UTA,Justin Wright-Foreman,Hofstra,1.0,4.0,45.0,19.0,5.0,7.0,0.35,0.2,0.75,0.0,-0.008,-9.0,-0.1,2019,11.3,4.8,1.3,1.8,https://www.sports-reference.com/cbb/players/justin-wright-foreman-1.html,2019
54,PHI,Marial Shayok,Iowa State,1.0,4.0,28.0,11.0,7.0,1.0,0.25,0.333,0.75,-0.1,-0.13,-13.0,-0.1,2019,7.0,2.8,1.8,0.3,https://www.sports-reference.com/cbb/players/marial-shayok-1.html,2019
55,NYK,Kyle Guy,Virginia,3.0,49.0,420.0,164.0,49.0,50.0,0.373,0.321,0.767,0.2,0.018,-4.4,-0.3,2019,8.6,3.3,1.0,1.0,https://www.sports-reference.com/cbb/players/kyle-guy-1.html,2019
56,LAC,Jaylen Hands,UCLA,,,,,,,,,,,,,,2019,,,,,https://www.sports-reference.com/cbb/players/jaylen-hands-1.html,2019
57,NOP,Jordan Bone,Tennessee,2.0,24.0,249.0,68.0,28.0,26.0,0.378,0.286,,0.1,0.01,-5.9,-0.2,2019,10.4,2.8,1.2,1.1,https://www.sports-reference.com/cbb/players/jordan-bone-1.html,2019
58,GSW,Miye Oni,Yale,3.0,80.0,672.0,145.0,108.0,37.0,0.35,0.33,0.75,1.0,0.07,-2.5,-0.1,2019,8.4,1.8,1.4,0.5,https://www.sports-reference.com/cbb/players/miye-oni-1.html,2019
59,TOR,Dewan Hernandez,Miami (FL),1.0,6.0,28.0,14.0,14.0,3.0,0.357,0.5,0.6,0.0,0.043,-9.6,-0.1,2019,4.7,2.3,2.3,0.5,https://www.sports-reference.com/cbb/players/dewan-hernandez-1.html,2019
60,SAC,Vanja Marinković,,,,,,,,,,,,,,,2019,,,,,,2019
1,MIN,Anthony Edwards,Georgia,2.0,125.0,4148.0,2551.0,589.0,400.0,0.425,0.341,0.776,3.9,0.045,-0.7,1.4,2020,33.2,20.4,4.7,3.2,https://www.sports-reference.com/cbb/players/anthony-edwards-1.html,2020
2,GSW,James Wiseman,Memphis,1.0,39.0,836.0,448.0,226.0,26.0,0.519,0.316,0.628,0.7,0.042,-5.0,-0.6,2020,21.4,11.5,5.8,0.7,https://www.sports-reference.com/cbb/players/james-wiseman-1.html,2020
3,CHA,LaMelo Ball,,2.0,104.0,3202.0,1865.0,678.0,713.0,0.429,0.361,0.811,7.1,0.106,2.7,3.8,2020,30.8,17.9,6.5,6.9,,2020
4,CHI,Patrick Williams,Florida State,2.0,76.0,2108.0,688.0,338.0,102.0,0.486,0.396,0.736,2.7,0.061,-2.4,-0.2,2020,27.7,9.1,4.4,1.3,https://www.sports-reference.com/cbb/players/patrick-williams-1.html,2020
5,CLE,Isaac Okoro,Auburn,2.0,110.0,3413.0,1031.0,340.0,208.0,0.435,0.299,0.746,3.6,0.051,-3.9,-1.6,2020,31.0,9.4,3.1,1.9,https://www.sports-reference.com/cbb/players/isaac-okoro-1.html,2020
6,ATL,Onyeka Okongwu,USC,2.0,76.0,1159.0,453.0,306.0,46.0,0.679,0.0,0.681,4.1,0.17,-0.4,0.5,2020,15.3,6.0,4.0,0.6,https://www.sports-reference.com/cbb/players/onyeka-okongwu-1.html,2020
7,DET,Killian Hayes,,2.0,72.0,1793.0,461.0,202.0,325.0,0.358,0.276,0.818,-1.2,-0.033,-5.5,-1.6,2020,24.9,6.4,2.8,4.5,,2020
8,NYK,Obi Toppin,Dayton,2.0,116.0,1496.0,646.0,331.0,77.0,0.505,0.264,0.746,3.6,0.115,-0.3,0.6,2020,12.9,5.6,2.9,0.7,https://www.sports-reference.com/cbb/players/obi-toppin-1.html,2020
9,WAS,Deni Avdija,,2.0,112.0,2616.0,790.0,557.0,159.0,0.43,0.311,0.726,3.5,0.064,-2.1,0.0,2020,23.4,7.1,5.0,1.4,,2020
10,PHO,Jalen Smith,Maryland,2.0,60.0,622.0,276.0,201.0,14.0,0.475,0.275,0.754,1.5,0.119,-2.6,-0.1,2020,10.4,4.6,3.4,0.2,https://www.sports-reference.com/cbb/players/jalen-smith-1.html,2020
11,SAS,Devin Vassell,Florida State,2.0,113.0,2367.0,929.0,389.0,142.0,0.424,0.346,0.822,3.7,0.075,-1.0,0.6,2020,20.9,8.2,3.4,1.3,https://www.sports-reference.com/cbb/players/devin-vassell-1.html,2020
12,SAC,Tyrese Haliburton,Iowa State,2.0,113.0,3658.0,1563.0,389.0,732.0,0.466,0.413,0.841,8.3,0.109,2.1,3.8,2020,32.4,13.8,3.4,6.5,https://www.sports-reference.com/cbb/players/tyrese-haliburton-1.html,2020
13,NOP,Kira Lewis Jr.,Alabama,2.0,78.0,1245.0,484.0,110.0,173.0,0.391,0.298,0.841,0.7,0.027,-3.6,-0.5,2020,16.0,6.2,1.4,2.2,https://www.sports-reference.com/cbb/players/kira-lewis-jr.-1.html,2020
14,BOS,Aaron Nesmith,Vanderbilt,2.0,87.0,1112.0,363.0,197.0,36.0,0.411,0.31,0.809,1.2,0.051,-4.2,-0.6,2020,12.8,4.2,2.3,0.4,https://www.sports-reference.com/cbb/players/aaron-nesmith-1.html,2020
15,ORL,Cole Anthony,UNC,2.0,93.0,2789.0,1420.0,488.0,463.0,0.397,0.337,0.845,1.2,0.02,-2.0,0.0,2020,30.0,15.3,5.2,5.0,https://www.sports-reference.com/cbb/players/cole-anthony-1.html,2020
16,POR,Isaiah Stewart,Washington,2.0,118.0,2754.0,952.0,874.0,114.0,0.539,0.276,0.683,6.1,0.106,-2.3,-0.2,2020,23.3,8.1,7.4,1.0,https://www.sports-reference.com/cbb/players/isaiah-stewart-1.html,2020
17,MIN,Aleksej Pokusevski,,2.0,87.0,1786.0,596.0,394.0,147.0,0.358,0.278,0.69,-1.9,-0.052,-5.0,-1.4,2020,20.5,6.9,4.5,1.7,,2020
18,DAL,Josh Green,Arizona,2.0,83.0,1078.0,294.0,173.0,86.0,0.484,0.25,0.655,2.3,0.101,-1.7,0.1,2020,13.0,3.5,2.1,1.0,https://www.sports-reference.com/cbb/players/josh-green-1.html,2020
19,BRK,Saddiq Bey,Villanova,2.0,128.0,3859.0,1782.0,655.0,258.0,0.395,0.364,0.836,5.6,0.07,-0.6,1.4,2020,30.1,13.9,5.1,2.0,https://www.sports-reference.com/cbb/players/saddiq-bey-1.html,2020
20,MIA,Precious Achiuwa,Memphis,2.0,109.0,1844.0,662.0,539.0,84.0,0.471,0.3,0.538,2.7,0.07,-3.6,-0.8,2020,16.9,6.1,4.9,0.8,https://www.sports-reference.com/cbb/players/precious-achiuwa-1.html,2020
21,PHI,Tyrese Maxey,Kentucky,2.0,112.0,2751.0,1350.0,284.0,356.0,0.466,0.358,0.871,6.5,0.114,-0.4,1.2,2020,24.6,12.1,2.5,3.2,https://www.sports-reference.com/cbb/players/tyrese-maxey-1.html,2020
22,DEN,Zeke Nnaji,Arizona,2.0,81.0,1048.0,401.0,209.0,25.0,0.518,0.452,0.649,2.8,0.129,-1.8,0.1,2020,12.9,5.0,2.6,0.3,https://www.sports-reference.com/cbb/players/zeke-nnaji-1.html,2020
23,NYK,Leandro Bolmaro,,1.0,25.0,188.0,28.0,35.0,11.0,0.281,0.167,0.889,-0.1,-0.019,-6.7,-0.2,2020,7.5,1.1,1.4,0.4,,2020
24,MIL,R.J. Hampton,,2.0,93.0,1703.0,655.0,301.0,189.0,0.41,0.34,0.64,0.2,0.007,-3.6,-0.7,2020,18.3,7.0,3.2,2.0,,2020
25,OKC,Immanuel Quickley,Kentucky,2.0,119.0,2413.0,1246.0,264.0,291.0,0.383,0.361,0.899,4.7,0.094,-0.7,0.8,2020,20.3,10.5,2.2,2.4,https://www.sports-reference.com/cbb/players/immanuel-quickley-1.html,2020
26,BOS,Payton Pritchard,Oregon,2.0,115.0,1871.0,740.0,235.0,205.0,0.419,0.394,0.915,3.4,0.088,-1.2,0.4,2020,16.3,6.4,2.0,1.8,https://www.sports-reference.com/cbb/players/payton-pritchard-1.html,2020
27,UTA,Udoka Azubuike,Kansas,2.0,30.0,235.0,88.0,75.0,0.0,0.698,,0.667,0.7,0.141,-2.4,0.0,2020,7.8,2.9,2.5,0.0,https://www.sports-reference.com/cbb/players/udoka-azubuike-1.html,2020
28,LAL,Jaden McDaniels,Washington,2.0,119.0,2981.0,925.0,471.0,137.0,0.446,0.33,0.706,3.2,0.052,-3.4,-1.0,2020,25.1,7.8,4.0,1.2,https://www.sports-reference.com/cbb/players/jaden-mcdaniels-1.html,2020
29,TOR,Malachi Flynn,San Diego State,2.0,81.0,1233.0,451.0,154.0,173.0,0.369,0.314,0.785,1.1,0.043,-2.8,-0.3,2020,15.2,5.6,1.9,2.1,https://www.sports-reference.com/cbb/players/malachi-flynn-1.html,2020
30,BOS,Desmond Bane,TCU,2.0,124.0,3210.0,1625.0,462.0,258.0,0.464,0.424,0.879,7.8,0.116,0.7,2.2,2020,25.9,13.1,3.7,2.1,https://www.sports-reference.com/cbb/players/desmond-bane-1.html,2020
31,DAL,Tyrell Terry,Stanford,2.0,13.0,59.0,13.0,6.0,6.0,0.353,0.0,0.333,0.0,-0.035,-4.8,0.0,2020,4.5,1.0,0.5,0.5,https://www.sports-reference.com/cbb/players/tyrell-terry-1.html,2020
32,CHA,Vernon Carey Jr.,Duke,2.0,24.0,133.0,54.0,32.0,2.0,0.5,0.143,0.786,0.2,0.07,-6.4,-0.1,2020,5.5,2.3,1.3,0.1,https://www.sports-reference.com/cbb/players/vernon-carey-jr.-1.html,2020
33,MIN,Daniel Oturu,Minnesota,2.0,33.0,188.0,63.0,53.0,10.0,0.431,0.167,0.706,0.3,0.086,-5.2,-0.2,2020,5.7,1.9,1.6,0.3,https://www.sports-reference.com/cbb/players/daniel-oturu-1.html,2020
34,PHI,Théo Maledon,,2.0,96.0,2218.0,791.0,262.0,263.0,0.359,0.317,0.774,-0.9,-0.02,-5.2,-1.8,2020,23.1,8.2,2.7,2.7,,2020
35,SAC,Xavier Tillman Sr.,Michigan State,2.0,98.0,1595.0,566.0,372.0,115.0,0.522,0.29,0.644,4.1,0.123,0.2,0.9,2020,16.3,5.8,3.8,1.2,https://www.sports-reference.com/cbb/players/xavier-tillman-sr.-1.html,2020
36,PHI,Tyler Bey,Colorado,1.0,18.0,71.0,18.0,19.0,3.0,0.318,0.25,0.6,0.0,-0.033,-9.5,-0.1,2020,3.9,1.0,1.1,0.2,https://www.sports-reference.com/cbb/players/tyler-bey-1.html,2020
37,WAS,Vit Krejci,,1.0,6.0,31.0,6.0,5.0,2.0,0.333,0.0,1.0,0.0,-0.049,-9.6,-0.1,2020,5.2,1.0,0.8,0.3,,2020
38,UTA,Saben Lee,Vanderbilt,2.0,76.0,1188.0,404.0,163.0,238.0,0.437,0.299,0.712,1.9,0.078,-1.2,0.2,2020,15.6,5.3,2.1,3.1,https://www.sports-reference.com/cbb/players/saben-lee-1.html,2020
39,NOP,Elijah Hughes,Syracuse,2.0,35.0,219.0,81.0,34.0,15.0,0.337,0.306,0.857,0.0,-0.007,-4.1,-0.1,2020,6.3,2.3,1.0,0.4,https://www.sports-reference.com/cbb/players/elijah-hughes-1.html,2020
40,MEM,Robert Woodard II,Mississippi State,2.0,25.0,87.0,27.0,27.0,5.0,0.278,0.2,0.5,-0.1,-0.075,-7.7,-0.1,2020,3.5,1.1,1.1,0.2,https://www.sports-reference.com/cbb/players/robert-woodard-ii-1.html,2020
41,SAS,Tre Jones,Duke,2.0,83.0,888.0,315.0,106.0,151.0,0.492,0.24,0.883,1.9,0.102,-1.8,0.0,2020,10.7,3.8,1.3,1.8,https://www.sports-reference.com/cbb/players/tre-jones-1.html,2020
42,NOP,Nick Richards,Kentucky,2.0,59.0,407.0,155.0,91.0,15.0,0.656,0.0,0.712,1.0,0.124,-3.1,-0.1,2020,6.9,2.6,1.5,0.3,https://www.sports-reference.com/cbb/players/nick-richards-1.html,2020
43,SAC,Jahmi'us Ramsey,Texas Tech,2.0,32.0,228.0,100.0,23.0,13.0,0.406,0.27,0.632,-0.1,-0.02,-5.9,-0.2,2020,7.1,3.1,0.7,0.4,https://www.sports-reference.com/cbb/players/jahmi'us-ramsey-1.html,2020
44,CHI,Marko Simonovic,,1.0,9.0,35.0,17.0,10.0,0.0,0.267,0.2,0.727,0.0,0.002,-11.0,-0.1,2020,3.9,1.9,1.1,0.0,,2020
45,MIL,Jordan Nwora,Louisville,2.0,76.0,1178.0,552.0,230.0,53.0,0.423,0.389,0.771,1.1,0.045,-2.7,-0.2,2020,15.5,7.3,3.0,0.7,https://www.sports-reference.com/cbb/players/jordan-nwora-1.html,2020
46,POR,CJ Elleby,Washington State,2.0,65.0,722.0,219.0,135.0,49.0,0.388,0.26,0.78,0.7,0.045,-4.1,-0.4,2020,11.1,3.4,2.1,0.8,https://www.sports-reference.com/cbb/players/cj-elleby-1.html,2020
47,BOS,Yam Madar,,,,,,,,,,,,,,,2020,,,,,,2020
48,GSW,Nico Mannion,Arizona,1.0,30.0,364.0,123.0,46.0,70.0,0.342,0.367,0.821,0.2,0.029,-3.9,-0.2,2020,12.1,4.1,1.5,2.3,https://www.sports-reference.com/cbb/players/nico-mannion-1.html,2020
49,PHI,Isaiah Joe,Arkansas,2.0,82.0,885.0,309.0,82.0,48.0,0.356,0.349,0.844,1.0,0.053,-3.9,-0.4,2020,10.8,3.8,1.0,0.6,https://www.sports-reference.com/cbb/players/isaiah-joe-1.html,2020
50,ATL,Skylar Mays,LSU,2.0,56.0,476.0,202.0,60.0,46.0,0.472,0.338,0.882,1.1,0.108,0.4,0.3,2020,8.5,3.6,1.1,0.8,https://www.sports-reference.com/cbb/players/skylar-mays-1.html,2020
51,GSW,Justinian Jessup,Boise State,,,,,,,,,,,,,,2020,,,,,https://www.sports-reference.com/cbb/players/justinian-jessup-1.html,2020
52,SAC,Kenyon Martin Jr.,,2.0,100.0,2165.0,892.0,456.0,120.0,0.518,0.338,0.68,4.1,0.09,-1.4,0.3,2020,21.7,8.9,4.6,1.2,,2020
53,OKC,Cassius Winston,Michigan State,2.0,26.0,121.0,51.0,9.0,16.0,0.436,0.455,0.875,0.2,0.084,-3.1,0.0,2020,4.7,2.0,0.3,0.6,https://www.sports-reference.com/cbb/players/cassius-winston-1.html,2020
54,IND,Cassius Stanley,Duke,2.0,33.0,248.0,88.0,39.0,5.0,0.36,0.233,0.895,0.0,-0.007,-8.0,-0.4,2020,7.5,2.7,1.2,0.2,https://www.sports-reference.com/cbb/players/cassius-stanley-1.html,2020
55,BRK,Jay Scrubb,John A. Logan College,2.0,22.0,205.0,84.0,30.0,9.0,0.39,0.267,0.8,-0.1,-0.026,-7.2,-0.3,2020,9.3,3.8,1.4,0.4,https://www.sports-reference.com/cbb/players/jay-scrubb-1.html,2020
56,CHA,Grant Riller,College of Charleston,1.0,7.0,27.0,18.0,1.0,3.0,0.667,0.5,,0.1,0.177,5.1,0.0,2020,3.9,2.6,0.1,0.4,https://www.sports-reference.com/cbb/players/grant-riller-1.html,2020
57,LAC,Reggie Perry,Mississippi State,2.0,29.0,262.0,91.0,81.0,16.0,0.42,0.217,0.8,0.3,0.046,-6.7,-0.3,2020,9.0,3.1,2.8,0.6,https://www.sports-reference.com/cbb/players/reggie-perry-1.html,2020
58,PHI,Paul Reed,DePaul,2.0,50.0,406.0,146.0,126.0,22.0,0.5,0.0,0.444,1.2,0.136,-1.6,0.0,2020,8.1,2.9,2.5,0.4,https://www.sports-reference.com/cbb/players/paul-reed-1.html,2020
59,TOR,Jalen Harris,Nevada,1.0,13.0,172.0,96.0,18.0,17.0,0.5,0.472,0.778,0.3,0.079,0.3,0.1,2020,13.2,7.4,1.4,1.3,https://www.sports-reference.com/cbb/players/jalen-harris-1.html,2020
60,NOP,Sam Merrill,Utah State University,2.0,36.0,291.0,114.0,37.0,25.0,0.417,0.4,0.75,0.5,0.087,-2.0,0.0,2020,8.1,3.2,1.0,0.7,https://www.sports-reference.com/cbb/players/sam-merrill-1.html,2020
1,DET,Cade Cunningham,Oklahoma State,1.0,44.0,1400.0,692.0,241.0,227.0,0.394,0.327,0.856,-0.8,-0.028,-2.4,-0.1,2021,31.8,15.7,5.5,5.2,https://www.sports-reference.com/cbb/players/cade-cunningham-1.html,2021
2,HOU,Jalen Green,,1.0,43.0,1307.0,627.0,134.0,100.0,0.387,0.311,0.818,-0.8,-0.03,-4.9,-1.0,2021,30.4,14.6,3.1,2.3,,2021
3,CLE,Evan Mobley,USC,1.0,50.0,1703.0,743.0,403.0,128.0,0.503,0.265,0.672,4.2,0.117,0.9,1.2,2021,34.1,14.9,8.1,2.6,https://www.sports-reference.com/cbb/players/evan-mobley-1.html,2021
4,TOR,Scottie Barnes,Florida State,1.0,49.0,1736.0,706.0,365.0,164.0,0.47,0.313,0.733,3.8,0.104,0.0,0.9,2021,35.4,14.4,7.4,3.3,https://www.sports-reference.com/cbb/players/scottie-barnes-1.html,2021
5,ORL,Jalen Suggs,Gonzaga,1.0,39.0,1100.0,492.0,146.0,170.0,0.367,0.228,0.776,-1.2,-0.052,-5.2,-0.9,2021,28.2,12.6,3.7,4.4,https://www.sports-reference.com/cbb/players/jalen-suggs-1.html,2021
6,OKC,Josh Giddey,,1.0,53.0,1664.0,659.0,412.0,339.0,0.418,0.267,0.705,0.9,0.027,-0.9,0.4,2021,31.4,12.4,7.8,6.4,,2021
7,GSW,Jonathan Kuminga,,1.0,47.0,680.0,374.0,132.0,33.0,0.511,0.322,0.655,1.7,0.117,-2.2,0.0,2021,14.5,8.0,2.8,0.7,,2021
8,ORL,Franz Wagner,Michigan,1.0,60.0,1918.0,935.0,275.0,178.0,0.466,0.362,0.854,2.9,0.072,-1.0,0.5,2021,32.0,15.6,4.6,3.0,https://www.sports-reference.com/cbb/players/franz-wagner-1.html,2021
9,SAC,Davion Mitchell,Baylor,1.0,53.0,1376.0,551.0,125.0,183.0,0.406,0.326,0.558,0.2,0.006,-3.5,-0.5,2021,26.0,10.4,2.4,3.5,https://www.sports-reference.com/cbb/players/davion-mitchell-1.html,2021
10,NOP,Ziaire Williams,Stanford,1.0,40.0,861.0,291.0,71.0,35.0,0.441,0.284,0.76,1.0,0.057,-4.2,-0.5,2021,21.5,7.3,1.8,0.9,https://www.sports-reference.com/cbb/players/ziaire-williams-1.html,2021
11,CHA,James Bouknight,UConn,1.0,28.0,296.0,140.0,48.0,23.0,0.353,0.347,0.871,0.1,0.015,-6.7,-0.4,2021,10.6,5.0,1.7,0.8,https://www.sports-reference.com/cbb/players/james-bouknight-1.html,2021
12,SAS,Joshua Primo,Alabama,1.0,30.0,476.0,147.0,52.0,42.0,0.369,0.32,0.76,0.1,0.007,-4.2,-0.3,2021,15.9,4.9,1.7,1.4,https://www.sports-reference.com/cbb/players/joshua-primo-1.html,2021
13,IND,Chris Duarte,Oregon,1.0,50.0,1433.0,671.0,205.0,110.0,0.435,0.364,0.792,1.3,0.045,-1.8,0.1,2021,28.7,13.4,4.1,2.2,https://www.sports-reference.com/cbb/players/chris-duarte-1.html,2021
14,GSW,Moses Moody,Arkansas,1.0,34.0,322.0,109.0,46.0,11.0,0.376,0.306,0.824,0.4,0.065,-4.7,-0.2,2021,9.5,3.2,1.4,0.3,https://www.sports-reference.com/cbb/players/moses-moody-1.html,2021
15,WAS,Corey Kispert,Gonzaga,1.0,53.0,1051.0,360.0,135.0,50.0,0.43,0.322,0.884,1.2,0.055,-2.7,-0.2,2021,19.8,6.8,2.5,0.9,https://www.sports-reference.com/cbb/players/corey-kispert-1.html,2021
16,OKC,Alperen Şengün,,1.0,50.0,937.0,437.0,240.0,125.0,0.481,0.277,0.698,1.3,0.065,-0.6,0.3,2021,18.7,8.7,4.8,2.5,,2021
17,MEM,Trey Murphy III,Virginia,1.0,41.0,519.0,160.0,88.0,20.0,0.338,0.336,0.857,0.6,0.052,-3.3,-0.2,2021,12.7,3.9,2.1,0.5,https://www.sports-reference.com/cbb/players/trey-murphy-iii-1.html,2021
18,OKC,Tre Mann,Florida,1.0,45.0,898.0,390.0,100.0,45.0,0.383,0.365,0.75,0.2,0.013,-4.4,-0.6,2021,20.0,8.7,2.2,1.0,https://www.sports-reference.com/cbb/players/tre-mann-1.html,2021
19,NYK,Kai Jones,Texas,1.0,17.0,48.0,16.0,8.0,4.0,0.636,0.5,0.25,0.0,-0.022,-8.8,-0.1,2021,2.8,0.9,0.5,0.2,https://www.sports-reference.com/cbb/players/kai-jones-1.html,2021
20,ATL,Jalen Johnson,Duke,1.0,14.0,64.0,25.0,16.0,1.0,0.45,0.375,0.667,0.0,0.009,-4.6,0.0,2021,4.6,1.8,1.1,0.1,https://www.sports-reference.com/cbb/players/jalen-johnson-1.html,2021
21,NYK,Keon Johnson,Tennessee,1.0,15.0,135.0,53.0,21.0,13.0,0.333,0.273,0.762,0.1,0.021,-5.7,-0.1,2021,9.0,3.5,1.4,0.9,https://www.sports-reference.com/cbb/players/keon-johnson-1.html,2021
22,LAL,Isaiah Jackson,Kentucky,1.0,20.0,193.0,115.0,55.0,7.0,0.542,0.429,0.667,0.7,0.173,0.1,0.1,2021,9.7,5.8,2.8,0.4,https://www.sports-reference.com/cbb/players/isaiah-jackson-1.html,2021
23,HOU,Usman Garuba,,1.0,15.0,105.0,19.0,34.0,8.0,0.333,0.154,0.5,0.1,0.052,-0.5,0.0,2021,7.0,1.3,2.3,0.5,,2021
24,HOU,Josh Christopher,Arizona State,1.0,50.0,827.0,370.0,107.0,87.0,0.452,0.322,0.773,0.3,0.017,-3.0,-0.2,2021,16.5,7.4,2.1,1.7,https://www.sports-reference.com/cbb/players/josh-christopher-1.html,2021
25,LAC,Quentin Grimes,Houston,1.0,39.0,696.0,253.0,77.0,38.0,0.421,0.398,0.647,1.3,0.091,-0.1,0.4,2021,17.8,6.5,2.0,1.0,https://www.sports-reference.com/cbb/players/quentin-grimes-1.html,2021
26,DEN,Bones Hyland,VCU,1.0,46.0,829.0,403.0,126.0,93.0,0.369,0.346,0.881,0.5,0.027,-3.0,-0.2,2021,18.0,8.8,2.7,2.0,https://www.sports-reference.com/cbb/players/bones-hyland-1.html,2021
27,BRK,Cam Thomas,LSU,1.0,48.0,939.0,470.0,125.0,62.0,0.445,0.273,0.808,0.9,0.046,-2.7,-0.2,2021,19.6,9.8,2.6,1.3,https://www.sports-reference.com/cbb/players/cam-thomas-1.html,2021
28,PHI,Jaden Springer,Tennessee,1.0,2.0,6.0,2.0,2.0,0.0,1.0,,,0.0,0.141,17.0,0.0,2021,3.0,1.0,1.0,0.0,https://www.sports-reference.com/cbb/players/jaden-springer-1.html,2021
29,PHO,Day'Ron Sharpe,UNC,1.0,30.0,373.0,182.0,152.0,15.0,0.571,0.25,0.568,1.1,0.146,-3.6,-0.1,2021,12.4,6.1,5.1,0.5,https://www.sports-reference.com/cbb/players/day'ron-sharpe-1.html,2021
30,UTA,Santi Aldama,Loyola (MD),1.0,27.0,277.0,90.0,64.0,14.0,0.381,0.103,0.6,0.1,0.025,-6.6,-0.3,2021,10.3,3.3,2.4,0.5,https://www.sports-reference.com/cbb/players/santi-aldama-1.html,2021
31,MIL,Isaiah Todd,,1.0,10.0,41.0,16.0,10.0,3.0,0.294,0.364,0.333,0.0,0.004,-0.1,0.0,2021,4.1,1.6,1.0,0.3,,2021
32,NYK,Jeremiah Robinson-Earl,Villanova,1.0,44.0,1014.0,314.0,254.0,44.0,0.401,0.333,0.714,1.4,0.068,-2.5,-0.1,2021,23.0,7.1,5.8,1.0,https://www.sports-reference.com/cbb/players/jeremiah-robinson-earl-1.html,2021
33,ORL,Jason Preston,Ohio University,,,,,,,,,,,,,,2021,,,,,https://www.sports-reference.com/cbb/players/jason-preston-1.html,2021
34,OKC,Rokas Jokubaitis,,,,,,,,,,,,,,,2021,,,,,,2021
35,NOP,Herbert Jones,Alabama,1.0,56.0,1677.0,536.0,218.0,118.0,0.499,0.358,0.855,3.5,0.099,-0.6,0.6,2021,29.9,9.6,3.9,2.1,https://www.sports-reference.com/cbb/players/herbert-jones-1.html,2021
36,OKC,Miles McBride,West Virginia,1.0,21.0,151.0,38.0,16.0,23.0,0.259,0.161,0.75,-0.1,-0.03,-6.0,-0.2,2021,7.2,1.8,0.8,1.1,https://www.sports-reference.com/cbb/players/miles-mcbride-1.html,2021
37,DET,JT Thor,Auburn,1.0,19.0,171.0,49.0,27.0,13.0,0.405,0.292,0.667,0.3,0.072,-2.7,0.0,2021,9.0,2.6,1.4,0.7,https://www.sports-reference.com/cbb/players/jt-thor-1.html,2021
38,CHI,Ayo Dosunmu,Illinois,1.0,54.0,1398.0,440.0,151.0,166.0,0.523,0.407,0.677,2.5,0.087,-1.6,0.1,2021,25.9,8.1,2.8,3.1,https://www.sports-reference.com/cbb/players/ayo-dosunmu-1.html,2021
39,SAC,Neemias Queta,Utah State University,1.0,10.0,56.0,21.0,19.0,4.0,0.391,,0.6,0.0,0.008,-6.4,-0.1,2021,5.6,2.1,1.9,0.4,https://www.sports-reference.com/cbb/players/neemias-queta-1.html,2021
40,NOP,Jared Butler,Baylor,1.0,28.0,213.0,96.0,23.0,34.0,0.409,0.362,0.583,0.2,0.038,-1.9,0.0,2021,7.6,3.4,0.8,1.2,https://www.sports-reference.com/cbb/players/jared-butler-1.html,2021
41,SAS,Joe Wieskamp,Iowa,1.0,15.0,92.0,37.0,8.0,5.0,0.464,0.421,0.429,0.2,0.106,-0.1,0.0,2021,6.1,2.5,0.5,0.3,https://www.sports-reference.com/cbb/players/joe-wieskamp-1.html,2021
42,DET,Isaiah Livers,Michigan,1.0,1.0,5.0,0.0,0.0,0.0,0.0,0.0,,-0.1,-0.52,-17.1,0.0,2021,5.0,0.0,0.0,0.0,https://www.sports-reference.com/cbb/players/isaiah-livers-1.html,2021
43,NOP,Greg Brown III,Texas,1.0,28.0,220.0,93.0,56.0,7.0,0.432,0.19,0.633,0.2,0.054,-4.1,-0.1,2021,7.9,3.3,2.0,0.3,https://www.sports-reference.com/cbb/players/greg-brown-iii-1.html,2021
44,BRK,Kessler Edwards,Pepperdine,1.0,28.0,690.0,180.0,119.0,18.0,0.394,0.33,0.8,0.2,0.016,-4.6,-0.5,2021,24.6,6.4,4.3,0.6,https://www.sports-reference.com/cbb/players/kessler-edwards-1.html,2021
45,BOS,Juhann Begarin,,,,,,,,,,,,,,,2021,,,,,,2021
46,TOR,Dalano Banton,Nebraska,1.0,47.0,555.0,170.0,104.0,75.0,0.413,0.256,0.618,0.3,0.023,-3.3,-0.2,2021,11.8,3.6,2.2,1.6,https://www.sports-reference.com/cbb/players/dalano-banton-1.html,2021
47,TOR,David Johnson,Louisville,1.0,2.0,2.0,0.0,0.0,0.0,0.0,0.0,,0.0,-0.506,-27.7,0.0,2021,1.0,0.0,0.0,0.0,https://www.sports-reference.com/cbb/players/david-johnson-1.html,2021
48,ATL,Sharife Cooper,Auburn,1.0,11.0,35.0,7.0,5.0,5.0,0.214,0.167,,-0.2,-0.332,-17.3,-0.1,2021,3.2,0.6,0.5,0.5,https://www.sports-reference.com/cbb/players/sharife-cooper-1.html,2021
49,BRK,Marcus Zegarowski,Creighton,,,,,,,,,,,,,,2021,,,,,https://www.sports-reference.com/cbb/players/marcus-zegarowski-1.html,2021
50,PHI,Filip Petrušev,Gonzaga,,,,,,,,,,,,,,2021,,,,,https://www.sports-reference.com/cbb/players/filip-petrušev-1.html,2021
51,MEM,Brandon Boston Jr.,Kentucky,1.0,41.0,621.0,274.0,94.0,36.0,0.371,0.298,0.847,0.2,0.019,-3.6,-0.2,2021,15.1,6.7,2.3,0.9,https://www.sports-reference.com/cbb/players/brandon-boston-jr.-1.html,2021
52,DET,Luka Garza,Iowa,1.0,29.0,340.0,151.0,87.0,16.0,0.444,0.341,0.643,0.5,0.075,-3.4,-0.1,2021,11.7,5.2,3.0,0.6,https://www.sports-reference.com/cbb/players/luka-garza-1.html,2021
53,PHI,Charles Bassey,Western Kentucky,1.0,23.0,168.0,69.0,62.0,7.0,0.638,0.0,0.75,0.8,0.225,1.9,0.2,2021,7.3,3.0,2.7,0.3,https://www.sports-reference.com/cbb/players/charles-bassey-1.html,2021
54,IND,Sandro Mamukelashvili,Seton Hall,1.0,34.0,315.0,102.0,60.0,16.0,0.459,0.385,0.75,0.7,0.111,-0.8,0.1,2021,9.3,3.0,1.8,0.5,https://www.sports-reference.com/cbb/players/sandro-mamukelashvili-1.html,2021
55,OKC,Aaron Wiggins,Maryland,1.0,34.0,762.0,243.0,115.0,38.0,0.464,0.307,0.706,1.2,0.077,-2.9,-0.2,2021,22.4,7.1,3.4,1.1,https://www.sports-reference.com/cbb/players/aaron-wiggins-1.html,2021
56,CHA,Scottie Lewis,Florida,1.0,2.0,7.0,1.0,0.0,1.0,,,0.5,0.0,0.164,6.1,0.0,2021,3.5,0.5,0.0,0.5,https://www.sports-reference.com/cbb/players/scottie-lewis-1.html,2021
57,CHA,Balša Koprivica,Florida State,,,,,,,,,,,,,,2021,,,,,https://www.sports-reference.com/cbb/players/balša-koprivica-1.html,2021
58,NYK,Jericho Sims,Texas,1.0,18.0,117.0,19.0,27.0,1.0,0.727,,0.75,0.4,0.145,-0.6,0.0,2021,6.5,1.1,1.5,0.1,https://www.sports-reference.com/cbb/players/jericho-sims-1.html,2021
59,BRK,RaiQuan Gray,Florida State,,,,,,,,,,,,,,2021,,,,,https://www.sports-reference.com/cbb/players/raiquan-gray-1.html,2021
60,IND,Georgios Kalaitzakis,,1.0,9.0,48.0,16.0,8.0,0.0,0.455,0.5,0.444,0.0,-0.005,-8.0,-0.1,2021,5.3,1.8,0.9,0.0,,2021
